mp_id,material,inv_vg_mean,inv_vg_transport,inv_vg_tail,skew_freq,skew_log,n_exponent,gamma_bond,n_modes,phonopy_version
4691,Ag2CO3,0.200137,0.05979,0.705513,1.0956,-0.0045,3.912,0.652,36,3.4.0
11641,Ag2SeO4,0.245205,0.092748,0.854305,0.9959,-0.033,9.74,1.6233,42,3.4.0
4431,Ag3AsS3,0.395781,0.142625,2.341824,0.2134,-0.5936,24.808,4.1346,42,3.4.0
4515,Ag3SbS3,0.369911,0.159811,1.562014,0.2165,-0.4295,0.0,0.0,42,3.4.0
5563,Ag5GeO4,0.326005,0.167915,0.938261,1.2006,-0.0168,2.108,0.3514,120,3.4.0
4004,Ag5SbS4,0.38343,0.170654,1.374485,0.4293,-0.5905,32.85,5.4751,60,3.4.0
570340,AgAuCl4,0.526964,0.136899,2.141884,0.6418,-0.5113,26.216,4.3694,36,3.4.0
22894,AgI,0.35353,0.126522,1.103308,-0.3736,-0.6929,4.698,0.7829,12,3.4.0
3414,AgSbF6,0.595888,0.138834,4.669987,0.7518,-0.4405,15.922,2.6537,96,3.4.0
3922,AgSbS2,0.31592,0.158354,1.028135,0.151,-0.5075,5.869,0.9782,48,3.4.0
625739,Al(HO)3,0.157874,0.047101,0.493453,1.7402,0.3221,-0.445,-0.0742,168,3.4.0
4417,Al2(SO4)3,0.190581,0.074934,0.743801,0.6404,-0.4449,8.591,1.4318,102,3.4.0
3159,Al2CdSe4,0.505655,0.125032,4.565841,0.5201,-0.3133,2.061,0.3434,21,3.4.0
3807,Al2CdSe4,0.242905,0.075269,1.378219,0.295,-0.7192,2.672,0.4454,42,3.4.0
3038,Al2HgSe4,0.408177,0.149271,2.405356,0.5325,-0.3748,4.14,0.6899,21,3.4.0
1143,Al2O3,0.081042,0.03564,0.361611,0.0387,-1.3035,17.418,2.9031,30,3.4.0
2254,Al2O3,0.144032,0.048308,0.391608,0.1257,-0.8945,0.0,0.0,120,3.4.0
23995,Al2P3(HO3)3,0.705527,0.066518,5.235888,1.7333,-0.1808,11.07,1.845,102,3.4.0
2654,Al2S3,0.257797,0.094908,0.808217,0.1184,-0.6646,0.0,0.0,90,3.4.0
4753,Al2SiO5,0.120387,0.051851,0.409282,0.4341,-0.6045,16.774,2.7957,96,3.4.0
2908,Al2ZnO4,0.162772,0.043609,1.856191,-0.2138,-1.1678,0.0,0.0,42,3.4.0
1591,Al4C3,0.207218,0.034652,2.437353,0.2346,-0.8773,0.0,0.0,21,3.4.0
3281,Al5BO9,0.191296,0.057734,1.20577,0.9004,-0.5017,9.702,1.6169,90,3.4.0
2172,AlAs,0.154551,0.051075,0.977043,-0.1886,-0.6792,3.629,0.6048,6,3.4.0
3098,AlCuO2,0.149151,0.026666,0.835568,-0.0997,-0.8418,-1.274,-0.2124,24,3.4.0
3748,AlCuO2,0.1599,0.026574,0.835272,-0.0572,-1.0766,3.456,0.576,12,3.4.0
8016,AlCuSe2,0.636159,0.088216,7.070805,0.4396,-0.4484,1.979,0.3298,24,3.4.0
1323,AlF3,0.143156,0.056665,0.531356,0.4172,-0.5888,0.0,0.0,192,3.4.0
468,AlF3,0.060507,0.032161,0.273938,0.3659,-0.571,1.683,0.2805,24,3.4.0
23933,AlH3,0.078634,0.031642,0.551137,0.3736,-0.7398,2.827,0.4712,24,3.4.0
1700,AlN,0.125662,0.021048,0.999758,-0.3288,-1.1987,2.861,0.4768,6,3.4.0
661,AlN,0.086895,0.023202,0.447186,-0.3119,-1.013,3.848,0.6414,12,3.4.0
3955,AlPO4,0.191529,0.063641,0.722353,0.5127,-0.5959,10.649,1.7748,54,3.4.0
4051,AlPO4,0.202123,0.0405,1.044995,0.5352,-0.8303,-6.934,-1.1556,36,3.4.0
1550,AlP,0.116176,0.032998,0.618847,-0.3667,-0.8983,3.581,0.5968,6,3.4.0
2624,AlSb,0.197517,0.065738,1.400686,-0.1133,-0.5209,3.535,0.5892,6,3.4.0
3751,AlTlF4,0.106959,0.041551,0.41134,0.4442,-0.8,0.711,0.1184,36,3.4.0
1581,As2O3,0.174747,0.05934,0.553783,0.3733,-0.7289,2.483,0.4139,60,3.4.0
1582,As2O3,0.204214,0.057728,0.63648,0.4473,-0.7167,2.768,0.4614,60,3.4.0
2184,As2O3,0.381985,0.081808,3.406466,0.3884,-1.1036,6.066,1.0109,60,3.4.0
2455,As2Os,0.142197,0.060263,0.416748,-0.1621,-0.9303,0.0,0.0,18,3.4.0
766,As2Ru,0.124969,0.055501,0.358383,-0.3726,-1.1398,0.0,0.0,18,3.4.0
909,As2Se3,0.355987,0.146238,0.984526,0.2802,-0.4829,0.0,0.0,60,3.4.0
942,AuF3,0.432488,0.115327,1.639035,0.5878,-0.4079,6.058,1.0096,72,3.4.0
306,B2O3,0.136985,0.039862,0.936891,0.3911,-0.5472,-0.329,-0.0549,45,3.4.0
717,B2O3,0.058266,0.028569,0.192368,0.1859,-0.7677,4.993,0.8321,30,3.4.0
696746,B4C,0.233045,0.029206,4.373283,0.7308,-1.1696,9.871,1.6452,45,3.4.0
624,B6As,0.326386,0.040271,2.233629,-0.3512,-1.2574,0.0,0.0,42,3.4.0
1346,B6O,0.151112,0.027576,0.785582,-0.2141,-1.4077,-1.438,-0.2397,42,3.4.0
3277,BAsO4,0.198423,0.045717,1.57496,0.1842,-0.8072,0.828,0.138,18,3.4.0
4674,BNF8,1.662469,0.126467,9.819084,0.4939,-0.4766,-7.845,-1.3075,120,3.4.0
984,BN,0.046499,0.011418,0.273369,-0.0438,-1.3442,2.595,0.4324,12,3.4.0
3589,BPO4,0.141337,0.029325,1.189341,0.1867,-0.8275,0.08,0.0134,18,3.4.0
1479,BP,0.085881,0.023392,0.424995,-0.2528,-0.9139,3.499,0.5831,6,3.4.0
160,B,0.125606,0.03153,0.557044,-0.135,-1.5505,0.0,0.0,36,3.4.0
4255,Ba(CuS)2,0.698527,0.069556,11.352884,0.5072,-0.3195,3.578,0.5963,15,3.4.0
4473,Ba(CuSe)2,0.377978,0.127604,1.22307,0.2409,-0.5148,1.405,0.2341,60,3.4.0
17928,Ba(ErTe2)2,0.354579,0.159823,1.126494,-0.1275,-0.8586,-3.268,-0.5446,84,3.4.0
4396,Ba(NO3)2,4.489296,0.120709,42.021312,0.7095,0.0355,4.473,0.7455,108,3.4.0
2983,Ba(PN2)2,0.256679,0.079378,2.028007,0.2756,-0.8419,0.0,0.0,252,3.4.0
4727,Ba(SbSe2)2,0.516736,0.209667,1.501222,0.3394,-0.7656,0.0,0.0,168,3.4.0
17501,Ba(ScTe2)2,0.273063,0.122241,0.821815,0.6137,-0.2502,0.0,0.0,84,3.4.0
756725,Ba2CaI6,0.415186,0.200656,1.128347,1.3975,-0.1894,0.0,0.0,54,3.4.0
16904,Ba2CdTe3,0.3428,0.161362,0.994243,0.3433,-0.5383,1.488,0.248,72,3.4.0
21879,Ba2CePtO6,0.136259,0.056896,0.551232,0.899,-0.1325,9.75,1.6249,30,3.4.0
555284,Ba2NdAlO5,0.174668,0.083913,0.496467,0.9165,-0.2007,0.0,0.0,54,3.4.0
3359,Ba2SnO4,0.649395,0.053242,9.157086,0.9449,-0.2721,7.333,1.2222,21,3.4.0
14552,Ba2SrUO6,0.207835,0.079255,0.624686,0.9156,-0.2083,9.484,1.5807,60,3.4.0
3397,Ba2TiO4,0.210846,0.104771,0.597231,1.0829,0.0291,3.421,0.5701,84,3.4.0
558629,Ba2ZnSi2O7,0.201737,0.08639,0.663492,0.7761,-0.1748,0.0,0.0,72,3.4.0
3813,Ba2ZrS4,1.089296,0.035736,21.880541,1.1198,-0.1599,4.387,0.7311,21,3.4.0
3857,Ba3(PO4)2,0.537793,0.066811,2.330564,0.8111,-0.0758,0.0,0.0,39,3.4.0
2911,Ba3(SnP2)2,0.385699,0.135774,1.194041,0.572,-0.1896,0.0,0.0,108,3.4.0
3361,Ba3Al2F12,0.28727,0.137769,0.827265,0.6974,-0.4942,0.0,0.0,204,3.4.0
524,Ba3As14,0.9605,0.22822,3.394144,0.1537,-0.6366,0.0,0.0,102,3.4.0
16978,Ba3MgSb2O9,0.220228,0.071694,1.006685,0.7336,-0.2534,34.079,5.6798,90,3.4.0
1195,Ba3P14,1.06331,0.172355,3.726152,0.1217,-0.5487,0.0,0.0,102,3.4.0
755363,Ba3SiO,0.169272,0.059505,0.491351,0.6371,-0.2422,2.178,0.363,60,3.4.0
9668,Ba3TiS5,0.392627,0.111782,2.811703,1.4535,0.2016,9.64,1.6067,54,3.4.0
6795,Ba5Ho8Zn4O21,0.306715,0.0963,2.145259,0.5408,-0.3823,0.0,0.0,114,3.4.0
3563,Ba5Nb4O15,0.242664,0.072269,1.094792,0.9996,-0.1197,5.805,0.9675,72,3.4.0
3828,BaAl2O4,0.145071,0.033472,0.784008,0.4877,-0.5457,2.966,0.4943,42,3.4.0
4202,BaAl2O4,0.220099,0.074223,0.810846,0.4654,-0.6368,4.505,0.7509,168,3.4.0
4376,BaAlF5,0.24454,0.100682,0.680222,0.4929,-0.4567,0.0,0.0,84,3.4.0
28049,BaBrCl,0.2796,0.120308,0.90654,-0.2109,-1.2034,0.0,0.0,36,3.4.0
4559,BaCO3,0.952202,0.070018,13.766762,0.9299,0.0934,3.394,0.5656,15,3.4.0
5504,BaCO3,0.356717,0.069604,1.601214,0.9317,0.1441,5.712,0.952,60,3.4.0
23199,BaCl2,0.237344,0.113418,0.687201,-0.0376,-0.9031,9.646,1.6077,36,3.4.0
568662,BaCl2,0.140292,0.068647,0.629444,-0.42,-1.3974,2.099,0.3499,9,3.4.0
1029,BaF2,0.115275,0.061692,0.364522,-0.1508,-1.25,10.177,1.6961,9,3.4.0
4309,BaGa4S7,0.324448,0.140721,0.935795,0.1529,-0.5171,2.726,0.4544,72,3.4.0
2139,BaGe2,0.743965,0.152355,2.777561,0.9246,-0.0316,0.0,0.0,72,3.4.0
3848,BaGe4O9,0.263268,0.081021,1.165602,0.418,-0.6198,0.0,0.0,126,3.4.0
3915,BaHgO2,0.156652,0.057071,0.649477,1.1928,-0.1206,3.227,0.5378,12,3.4.0
752656,BaLa2O4,0.173183,0.085244,0.521731,0.6283,-0.3995,0.0,0.0,84,3.4.0
1707,BaN6,0.639155,0.079459,3.310484,1.5482,0.3922,4.327,0.7211,42,3.4.0
2892,BaNd2O4,0.164096,0.081806,0.471028,0.4373,-0.4269,0.0,0.0,84,3.4.0
1105,BaO2,0.347738,0.053822,4.252123,2.1509,0.5461,3.13,0.5217,9,3.4.0
1342,BaO,0.086071,0.032212,0.912888,0.9156,-0.312,6.074,1.0124,6,3.4.0
684,BaS2,0.217719,0.086471,0.665391,1.628,-0.1494,5.877,0.9795,18,3.4.0
239,BaS3,0.431608,0.098002,1.849759,1.1826,0.0133,5.745,0.9575,24,3.4.0
3164,BaSO4,0.351172,0.08266,1.472769,0.6706,-0.162,2.903,0.4839,72,3.4.0
1500,BaS,0.14153,0.066788,0.500482,0.0863,-0.8213,5.217,0.8696,6,3.4.0
3564,BaSc2O4,0.156908,0.059851,0.560451,0.4637,-0.8499,0.0,0.0,126,3.4.0
1253,BaSe,0.242227,0.068422,1.920062,-0.2881,-1.5296,5.139,0.8564,6,3.4.0
555387,BaSi2(BO4)2,0.148505,0.069169,0.44356,0.229,-0.7383,4.399,0.7332,156,3.4.0
3031,BaSi2O5,0.123593,0.060651,0.386961,0.6282,-0.366,0.344,0.0573,96,3.4.0
1477,BaSi2,0.78094,0.125942,2.750596,0.8538,0.064,2.887,0.4812,72,3.4.0
3777,BaSiN2,0.344413,0.042331,3.8813,0.5579,-0.4126,1.67,0.2784,48,3.4.0
1000,BaTe,0.153341,0.067813,0.856663,-0.2926,-1.3256,4.915,0.8192,6,3.4.0
3943,BaTi2O5,0.220929,0.009572,1.78992,0.693,-0.7581,-25.5,-4.25,72,3.4.0
3175,BaTi4O9,0.116262,0.046198,0.422851,0.6544,-0.782,-19.984,-3.3307,84,3.4.0
2998,BaTiO3,0.072185,0.020351,0.39201,0.6287,-0.5869,0.968,0.1614,15,3.4.0
3952,BaY2O4,0.161515,0.071405,0.493951,0.2964,-0.6062,-3.88,-0.6466,84,3.4.0
6089,BaZn2(PO4)2,0.392079,0.119477,1.315747,0.7062,-0.3808,0.0,0.0,156,3.4.0
3881,BaZnF4,0.198014,0.083824,0.827567,0.5495,-0.8132,4.815,0.8026,36,3.4.0
4236,BaZnO2,0.253994,0.098807,1.020214,0.9721,-0.2556,24.933,4.1555,36,3.4.0
3104,BaZrN2,0.104057,0.039998,0.477543,0.74,-0.2678,6.891,1.1485,24,3.4.0
1569,Be2C,0.069707,0.022334,0.992173,-0.4059,-1.7467,8.701,1.4502,9,3.4.0
3347,Be2SiO4,0.130216,0.05348,0.499774,-0.0207,-0.7972,0.0,0.0,126,3.4.0
3081,BeAl2O4,0.101423,0.038293,0.287425,0.4152,-0.7325,0.0,0.0,84,3.4.0
2542,BeO,0.07391,0.02024,0.310112,-0.1785,-1.2641,0.0,0.0,12,3.4.0
422,BeS,0.088216,0.031069,0.387366,-0.1795,-0.8533,3.57,0.595,6,3.4.0
1541,BeSe,0.113903,0.047601,0.580286,-0.0221,-0.4701,4.934,0.8224,6,3.4.0
252,BeTe,0.135731,0.057935,1.025761,-0.0166,-0.3517,3.662,0.6103,6,3.4.0
23237,BiF3,0.143212,0.084707,0.388955,0.3584,-0.754,10.636,1.7726,48,3.4.0
568388,BiI,0.627977,0.160843,3.467229,0.0622,-0.6448,0.0,0.0,24,3.4.0
23074,BiOF,0.085576,0.031451,0.362652,0.6039,-0.4494,4.22,0.7033,18,3.4.0
759825,BiOF,0.125962,0.054385,0.378359,0.6999,-0.4117,0.0,0.0,36,3.4.0
1167,CF4,0.901757,0.056112,4.691285,0.3841,-0.5292,2.912,0.4853,30,3.4.0
990448,C,0.027806,0.010069,0.153393,-0.0603,-1.7112,3.099,0.5164,6,3.4.0
4555,Ca(AsO3)2,0.159145,0.045187,0.772412,0.0331,-0.8078,6.571,1.0952,27,3.4.0
2898,Ca(AuO2)2,0.172371,0.08223,0.654936,0.2159,-0.5689,11.738,1.9564,42,3.4.0
3417,Ca(BO2)2,0.090028,0.029272,0.27974,0.7559,-0.1722,-14.126,-2.3543,84,3.4.0
558543,Ca(CO2)2,0.700116,0.059902,4.427234,0.9765,-0.1582,12.268,2.0446,84,3.4.0
9570,Ca(CdP)2,0.199528,0.09309,0.69433,0.161,-0.4381,21.091,3.5152,15,3.4.0
9564,Ca(MgAs)2,0.196618,0.066185,0.799153,0.1777,-0.7473,0.0,0.0,15,3.4.0
3142,Ca(NO3)2,1.861827,0.057621,16.672994,0.7119,-0.1879,4.529,0.7548,108,3.4.0
18642,Ca(YS2)2,0.236171,0.084013,0.753388,-0.2286,-1.034,2.864,0.4773,84,3.4.0
3859,Ca2B2O5,0.231338,0.068184,0.821741,0.9894,-0.0385,3.095,0.5158,108,3.4.0
4155,Ca2Nb2O7,0.132933,0.022981,0.645183,0.9342,-0.4593,8.962,1.4936,66,3.4.0
4180,Ca2SiO4,0.172686,0.072398,0.527048,0.974,0.0433,6.167,1.0278,84,3.4.0
4481,Ca2SiO4,0.162223,0.059787,0.555834,0.865,-0.1508,5.931,0.9886,84,3.4.0
4747,Ca2SnO4,0.108065,0.051697,0.358799,0.1573,-0.7727,9.33,1.555,42,3.4.0
3575,Ca3(BO3)2,0.196006,0.061733,1.462985,1.1231,-0.027,4.556,0.7594,66,3.4.0
17817,Ca3(GeP2)2,0.296175,0.089769,1.059158,0.2552,-0.61,0.0,0.0,108,3.4.0
3487,Ca3(PO4)2,0.392273,0.046344,2.230123,0.7872,-0.3047,0.0,0.0,39,3.4.0
4192,Ca3AsN,0.116378,0.056579,0.344413,0.6573,-0.2112,4.351,0.7252,60,3.4.0
1047,Ca3N2,0.108506,0.051988,0.357577,0.1574,-1.013,0.0,0.0,30,3.4.0
844,Ca3N2,0.265312,0.063161,2.106781,0.207,-0.8713,-2.266,-0.3777,120,3.4.0
3932,Ca3Si2O7,0.209343,0.09667,0.597474,0.8793,-0.1202,0.0,0.0,144,3.4.0
4163,Ca3Ti2O7,0.118844,0.040044,0.403185,0.6471,-0.9075,0.0,0.0,72,3.4.0
8568,Ca4PtO6,0.178115,0.069244,1.561477,0.5674,-0.6202,14.844,2.474,66,3.4.0
3080,Ca5(Ga3O7)2,0.271876,0.105158,1.016245,0.5307,-0.432,0.0,0.0,150,3.4.0
14600,CaAl2O4,0.170873,0.068388,0.500248,0.3287,-0.6588,1.605,0.2674,168,3.4.0
2963,CaAl2O4,0.195506,0.080634,0.566747,0.3006,-0.7278,5.767,0.9611,252,3.4.0
966582,CaAlH5,0.164458,0.070092,0.491594,0.2146,-0.7596,0.0,0.0,168,3.4.0
722262,CaB3H3O7,0.222035,0.083411,0.755077,2.0457,-0.2635,1.614,0.269,168,3.4.0
1575,CaC2,0.295641,0.043816,2.006397,2.3736,1.0506,1.718,0.2863,18,3.4.0
2482,CaC2,0.230049,0.02273,1.802647,2.3191,0.985,3.749,0.6249,9,3.4.0
917,CaC2,0.339798,0.044728,2.235838,2.3752,1.0277,4.181,0.6968,18,3.4.0
4124,CaCN2,0.298025,0.034805,2.940678,1.7779,0.0251,3.454,0.5757,12,3.4.0
3953,CaCO3,0.392793,0.046392,3.881148,0.9358,-0.0285,2.613,0.4355,30,3.4.0
4626,CaCO3,0.191041,0.052833,0.734796,0.9838,0.161,4.817,0.8028,60,3.4.0
2741,CaF2,0.071839,0.037143,0.309874,-0.0627,-1.4085,9.942,1.657,9,3.4.0
3707,CaGe2O5,0.116422,0.060958,0.357718,0.6382,-0.4251,17.456,2.9094,48,3.4.0
4279,CaGe2O5,0.138895,0.06581,0.409154,0.2708,-0.6229,0.0,0.0,96,3.4.0
642725,CaHClO,0.310193,0.060174,2.107554,2.8033,0.9062,3.976,0.6627,24,3.4.0
676,CaN6,0.317976,0.064043,1.739535,1.5846,0.5321,2.603,0.4338,42,3.4.0
2605,CaO,0.066289,0.033213,0.249657,0.3321,-1.2124,4.979,0.8298,6,3.4.0
11007,CaPSe3,0.376558,0.145491,1.212264,1.2582,0.1732,10.089,1.6814,60,3.4.0
8161,CaPdF4,0.161335,0.068181,1.011559,0.6612,-0.5672,-2.301,-0.3835,36,3.4.0
3082,CaSO4,0.273182,0.068791,1.113589,0.7169,-0.1151,3.451,0.5751,54,3.4.0
4406,CaSO4,0.243418,0.054384,1.220613,0.7192,-0.0837,5.622,0.937,36,3.4.0
1672,CaS,0.090684,0.038287,0.318588,-0.3286,-1.6732,4.592,0.7653,6,3.4.0
4056,CaSc2O4,0.121265,0.055488,0.349088,0.3101,-0.6448,0.0,0.0,84,3.4.0
1415,CaSe,0.094706,0.051808,0.445869,-0.0226,-1.2771,4.952,0.8254,6,3.4.0
4782,CaSnF6,0.250546,0.06479,1.46773,0.7156,-0.3737,0.053,0.0089,24,3.4.0
4190,CaSnO3,0.157283,0.062267,1.008496,0.1759,-0.805,13.336,2.2227,30,3.4.0
4438,CaSnO3,0.111201,0.057112,0.316905,0.5492,-0.3657,5.963,0.9938,60,3.4.0
3079,CaTa4O11,0.172754,0.051627,0.617964,0.7018,-0.4835,2.422,0.4037,96,3.4.0
1519,CaTe,0.111102,0.061498,0.403241,0.0208,-0.8477,5.235,0.8725,6,3.4.0
3442,CaTiO3,0.108533,0.027035,1.254008,0.7472,-0.4936,10.866,1.8109,30,3.4.0
4019,CaTiO3,0.098728,0.044308,0.307485,0.7111,-0.4129,6.113,1.0188,60,3.4.0
3960,CaUO4,0.142583,0.040915,1.086137,0.4139,-0.8793,2.274,0.3791,18,3.4.0
3443,Cd(GaO2)2,0.179486,0.055588,1.769613,0.2378,-0.7737,-2.661,-0.4435,42,3.4.0
4452,Cd(GaS2)2,0.455565,0.122317,4.775444,-0.0891,-0.6673,-0.966,-0.161,21,3.4.0
3772,Cd(GaSe2)2,0.747434,0.135611,8.637333,-0.01,-0.6508,4.095,0.6824,21,3.4.0
4659,Cd(PO3)2,0.220583,0.078831,0.676746,0.6762,-0.4353,7.379,1.2299,216,3.4.0
3917,Cd2GeO4,0.201093,0.083159,0.680057,0.6922,-0.3386,5.918,0.9863,84,3.4.0
4530,Cd2SiO4,0.143967,0.071663,0.442059,0.8264,-0.1681,5.612,0.9354,42,3.4.0
27899,Cd3AsCl3,0.358817,0.154656,1.121414,0.4163,-0.3915,-18.951,-3.1586,84,3.4.0
4385,CdCO3,0.413068,0.060133,3.12677,0.8979,-0.0881,2.002,0.3337,30,3.4.0
241,CdF2,0.07119,0.034412,0.330694,0.0076,-0.9364,10.344,1.7239,9,3.4.0
2951,CdGeO3,0.175296,0.084762,0.566582,0.6851,-0.3803,0.0,0.0,60,3.4.0
3668,CdGeP2,0.553088,0.086925,5.656889,-0.1027,-0.6062,12.091,2.0151,24,3.4.0
2310,CdO2,0.480202,0.065203,3.703339,1.3624,-0.2608,2.924,0.4873,36,3.4.0
402,CdP2,0.339756,0.104801,1.271418,0.2159,-0.4342,6.955,1.1592,36,3.4.0
913,CdP2,0.377197,0.115956,1.502072,0.2107,-0.4568,-0.175,-0.0292,72,3.4.0
2469,CdS,0.215814,0.082718,1.107746,-0.1245,-0.5145,2.987,0.4979,6,3.4.0
672,CdS,0.200236,0.08439,0.622986,-0.1289,-0.505,2.868,0.478,12,3.4.0
1070,CdSe,0.253643,0.087642,0.766739,-0.328,-0.6654,3.0,0.5,12,3.4.0
2691,CdSe,0.292859,0.084845,1.512097,-0.3163,-0.6569,3.128,0.5214,6,3.4.0
3078,CdSiAs2,0.282151,0.093604,1.485473,0.4639,-0.4707,2.011,0.3351,24,3.4.0
4666,CdSiP2,0.298314,0.083193,1.867132,0.0952,-0.6705,3.535,0.5891,24,3.4.0
754329,CdSnO3,0.18558,0.076835,0.819215,0.1396,-0.6595,16.087,2.6812,30,3.4.0
849371,CdSnO3,0.120258,0.058842,0.345669,0.4403,-0.3759,-11.17,-1.8616,60,3.4.0
406,CdTe,0.644446,0.083584,13.794287,-0.3603,-0.7106,4.889,0.8148,6,3.4.0
2956,Co2(GeS)3,0.40379,0.093094,1.953116,-0.1496,-0.8724,0.0,0.0,96,3.4.0
2994,Co2(GeTe)3,0.370993,0.123659,1.484808,0.3368,-0.5178,0.113,0.0189,96,3.4.0
16363,CoAsS,0.373269,0.058559,2.856125,-0.2471,-1.2394,0.0,0.0,36,3.4.0
4627,CoAsS,0.232167,0.060524,0.777787,-0.1862,-1.0202,0.0,0.0,36,3.4.0
4338,Cr2CdS4,0.270628,0.034247,1.196656,-0.4261,-2.1706,0.0,0.0,42,3.4.0
4182,CrAgS2,0.245054,0.027585,1.364018,-0.1915,-0.9708,13.227,2.2045,12,3.4.0
3779,CrSiTe3,0.840599,0.043452,4.907322,1.2245,-0.191,1.513,0.2522,30,3.4.0
7232,Cs2HgO2,0.38172,0.066897,3.550354,1.7738,0.5756,6.67,1.1117,15,3.4.0
13634,Cs2LiAl3F12,0.283818,0.060743,3.965287,0.4301,-0.731,20.103,3.3505,54,3.4.0
989405,Cs2LiInBr6,0.331121,0.101397,1.677348,0.8267,-0.0187,-0.93,-0.155,30,3.4.0
23752,Cs2MgH4,0.288073,0.037982,2.928946,0.0575,-0.6272,3.675,0.6125,21,3.4.0
2884,Cs2Mn3S4,0.431504,0.084786,3.929038,0.1269,-0.502,0.0,0.0,54,3.4.0
3704,Cs2Mn3Se4,0.484048,0.10992,4.618903,0.3617,-0.2619,3.777,0.6295,54,3.4.0
30062,Cs2PtBr6,1.8831,0.200329,12.225724,0.8469,-0.1616,9.864,1.6441,27,3.4.0
23060,Cs2PtI6,1.386283,0.236077,8.708017,0.9768,-0.1184,8.323,1.3872,27,3.4.0
4047,Cs2SiF6,1.586375,0.136202,12.671505,0.5371,-0.2563,5.796,0.9661,27,3.4.0
23405,Cs2TeBr6,0.65851,0.227682,2.39716,1.0517,0.1079,9.909,1.6515,27,3.4.0
23465,Cs2TeCl6,0.554919,0.205929,2.56228,0.8725,-0.0703,8.527,1.4212,27,3.4.0
573763,Cs2Te,0.377587,0.166185,1.19673,0.1282,-0.8604,6.375,1.0625,36,3.4.0
3247,Cs2TiS3,0.242243,0.035878,1.024132,0.8782,-0.0482,-48.391,-8.0652,36,3.4.0
638729,Cs2ZrCl6,0.683757,0.191939,4.569679,0.8403,-0.1,2.589,0.4315,27,3.4.0
574070,Cs4Pb9,2.115163,0.49899,7.994814,0.1321,-0.8716,0.0,0.0,156,3.4.0
2667,CsAu,0.296771,0.129305,1.803276,-0.1139,-0.9155,6.053,1.0088,6,3.4.0
3977,CsB3O5,0.190473,0.067563,0.669392,0.3591,-0.8561,-11.615,-1.9359,108,3.4.0
560558,CsCdAuS2,0.323935,0.119721,1.359748,0.6618,-0.0203,0.135,0.0225,30,3.4.0
1784,CsF,0.173645,0.068339,0.816862,0.4816,-0.4723,5.484,0.9139,6,3.4.0
606680,CsLi2Br3,0.307532,0.054461,2.460929,0.9898,-0.0237,0.0,0.0,18,3.4.0
23364,CsLiCl2,0.235281,0.050901,1.077341,1.0632,-0.1894,8.217,1.3696,24,3.4.0
3288,CsNO2,1.025962,0.136551,6.836168,1.3234,0.6542,1.251,0.2085,36,3.4.0
505321,CsNb(CuTe2)2,0.733073,0.122148,2.550017,0.6034,-0.384,0.0,0.0,96,3.4.0
582146,CsNb4Cl11,0.378896,0.117733,1.283025,-0.0851,-1.1753,0.0,0.0,96,3.4.0
984872,CsPb2Cl5,0.446864,0.106734,5.701292,0.3149,-0.7084,0.0,0.0,48,3.4.0
11118,CsPrCdSe3,0.454433,0.124888,2.808649,0.1063,-0.7283,0.26,0.0433,36,3.4.0
9080,CsPrS2,0.312625,0.065871,1.813122,0.0248,-0.7784,6.92,1.1534,12,3.4.0
2969,CsSbSe2,0.364945,0.153625,1.025499,0.916,-0.1325,14.416,2.4027,48,3.4.0
7212,CsSmHgSe3,0.518906,0.122442,3.061178,0.1404,-0.514,-17.83,-2.9717,36,3.4.0
30164,CsSn2Cl5,0.593724,0.097896,10.764912,0.5071,-0.7007,1.022,0.1703,48,3.4.0
361,Cu2O,0.187794,0.050966,0.931228,0.5919,-0.0478,1.664,0.2773,18,3.4.0
3934,Cu3PS4,0.299369,0.119189,0.810696,0.3385,-0.423,2.483,0.4139,48,3.4.0
22913,CuBr,0.288045,0.104394,0.99573,-0.3542,-0.6983,3.663,0.6106,6,3.4.0
22914,CuCl,0.226381,0.081727,0.945551,-0.1152,-0.4995,1.185,0.1975,6,3.4.0
22895,CuI,0.337048,0.085716,2.734143,-0.4278,-0.9267,3.8,0.6334,6,3.4.0
32750,CuI,0.629481,0.090478,10.290148,-0.4233,-0.9177,1.887,0.3145,24,3.4.0
927,CuP2,0.280753,0.094171,0.796275,0.2486,-0.4025,6.543,1.0905,36,3.4.0
4468,CuSbS2,0.242496,0.102829,0.674234,0.1757,-0.3818,-12.796,-2.1327,48,3.4.0
28741,CuSe3Br,0.535491,0.17768,1.88746,0.4553,-0.296,6.62,1.1033,60,3.4.0
3261,Dy(BO2)3,0.222661,0.097234,0.686741,0.0616,-0.9566,0.0,0.0,480,3.4.0
3611,Dy2Hf2O7,0.159711,0.055248,0.805265,0.5905,-0.6511,9.235,1.5391,66,3.4.0
2345,Dy2O3,0.253459,0.078655,1.975074,0.1346,-0.6319,0.0,0.0,120,3.4.0
1270,Dy2S3,0.225183,0.100763,0.659027,-0.0582,-0.697,0.0,0.0,60,3.4.0
752405,Dy2SiO5,0.179048,0.089442,0.523132,0.8797,-0.4148,0.0,0.0,96,3.4.0
768317,Dy2SiO5,0.212525,0.091403,0.820154,0.815,-0.4552,0.0,0.0,96,3.4.0
18219,Dy2SiSeO4,0.183061,0.089185,0.543173,0.9518,-0.1736,-0.774,-0.129,96,3.4.0
4024,DyAgTe2,0.386015,0.129765,2.349468,-0.0147,-0.7247,4.067,0.6779,24,3.4.0
556108,DyTiClO3,0.364957,0.049331,4.247086,0.7008,-0.3967,1.56,0.2599,36,3.4.0
3041,Er2CdS4,0.27692,0.083588,1.23141,-0.0976,-0.899,-3.603,-0.6005,42,3.4.0
2460,Er2O3,0.150351,0.068707,0.601913,0.1956,-0.6339,0.0,0.0,45,3.4.0
679,Er2O3,0.240999,0.078585,1.520719,0.1188,-0.6247,0.0,0.0,120,3.4.0
2234,Er2S3,0.295812,0.119866,0.970162,-0.0639,-0.7871,0.0,0.0,90,3.4.0
209,Er2Se3,0.355065,0.128474,1.088529,-0.2857,-1.0418,6.387,1.0645,60,3.4.0
555983,Er2SiO5,0.204598,0.091669,0.695852,0.8008,-0.441,0.0,0.0,96,3.4.0
3688,Er2Sn2O7,0.16315,0.067709,0.826081,0.4923,-0.5031,11.875,1.9791,66,3.4.0
3384,Er3Al5O12,0.342429,0.083084,4.970866,0.2868,-0.8438,11.297,1.8828,240,3.4.0
4044,ErAgSe2,0.344774,0.163158,0.967619,-0.0657,-0.6688,0.0,0.0,48,3.4.0
546621,ErBi2BrO4,0.129294,0.040634,0.525238,0.3663,-0.2878,-12.703,-2.1171,24,3.4.0
551250,ErBi2IO4,0.133367,0.042459,0.544006,0.3596,-0.2938,4.021,0.6702,24,3.4.0
3457,ErP5O14,0.207674,0.070738,0.625515,0.6821,-0.4178,9.599,1.5998,240,3.4.0
4006,ErPO4,0.201817,0.057648,1.277291,0.7144,-0.2907,-0.173,-0.0288,36,3.4.0
3444,ErTaO4,0.111296,0.052602,0.326448,0.5351,-0.402,6.84,1.14,36,3.4.0
4123,ErTlS2,0.248562,0.088914,1.101739,0.0178,-0.5638,9.821,1.6369,12,3.4.0
1522,FeS2,0.105201,0.037534,0.309062,-0.6119,-1.6144,0.198,0.033,18,3.4.0
226,FeS2,0.239,0.040118,3.295459,-0.6481,-1.9568,-0.752,-0.1253,36,3.4.0
1714,FeSi2,0.137167,0.051987,0.47115,-0.1801,-1.2716,0.0,0.0,72,3.4.0
4809,Ga2HgS4,0.508076,0.143118,3.905875,-0.0956,-0.7372,13.194,2.1991,21,3.4.0
4730,Ga2HgSe4,0.494166,0.170597,2.978738,0.0302,-0.6528,-0.001,-0.0002,21,3.4.0
1243,Ga2O3,0.113167,0.049027,0.592994,0.1816,-0.8095,8.595,1.4325,30,3.4.0
886,Ga2O3,0.152114,0.051322,0.756009,0.319,-0.5808,9.616,1.6026,30,3.4.0
20496,Ga2PbO4,0.206702,0.086138,0.739732,0.532,-0.4732,0.0,0.0,42,3.4.0
539,Ga2S3,0.289822,0.10155,1.103133,0.004,-0.5632,9.073,1.5121,30,3.4.0
1340,Ga2Se3,0.352597,0.125973,1.267777,0.066,-0.5424,0.0,0.0,30,3.4.0
2371,Ga2Te5,0.477755,0.139326,2.876077,0.4085,-0.4558,10.821,1.8034,21,3.4.0
3107,Ga3PO7,0.187191,0.068687,0.775591,0.8697,-0.431,0.0,0.0,33,3.4.0
3996,GaAsO4,0.298686,0.096902,1.155937,0.5799,-0.5132,-8.26,-1.3766,54,3.4.0
4280,GaCuO2,0.1237,0.039417,1.071488,0.2935,-0.7779,-8.148,-1.3579,12,3.4.0
588,GaF3,0.119359,0.047165,1.219766,0.5944,-0.556,3.203,0.5338,24,3.4.0
804,GaN,0.084046,0.042451,0.231409,-0.0614,-0.5154,0.0,0.0,12,3.4.0
830,GaN,0.095366,0.040151,0.57255,-0.0642,-0.609,2.676,0.4459,6,3.4.0
4122,GaPO4,0.307224,0.096251,1.150219,0.607,-0.4913,10.284,1.714,54,3.4.0
2490,GaP,0.2638,0.048881,2.299451,-0.2241,-0.6938,5.619,0.9366,6,3.4.0
2507,GaS,0.248905,0.069759,1.248624,-0.1829,-0.8622,1.985,0.3308,24,3.4.0
1572,GaSe,0.325812,0.083082,1.694613,0.0293,-0.8144,0.0,0.0,24,3.4.0
1943,GaSe,0.327161,0.082247,1.797459,0.0307,-0.8389,0.0,0.0,24,3.4.0
10009,GaTe,0.368388,0.093507,1.814371,0.3183,-0.6506,2.82,0.47,24,3.4.0
542812,GaTe,0.764529,0.128346,4.305541,0.3109,-0.7337,-16.012,-2.6687,36,3.4.0
4187,Ge2N2O,0.122581,0.055558,0.433637,0.4176,-0.3426,5.857,0.9761,30,3.4.0
223,GeO2,0.18974,0.070978,0.666205,0.5568,-0.5043,3.052,0.5086,27,3.4.0
470,GeO2,0.068739,0.034887,0.233903,0.2388,-0.5794,2.684,0.4473,18,3.4.0
733,GeO2,0.189801,0.07096,0.667246,0.5569,-0.5047,2.806,0.4676,27,3.4.0
2242,GeS,0.176605,0.08459,0.527765,-0.0189,-0.5458,-0.942,-0.157,24,3.4.0
700,GeSe,0.214582,0.100826,0.639385,-0.0641,-0.6347,11.049,1.8415,24,3.4.0
938,GeTe,0.126643,0.065516,0.831544,-0.037,-1.1115,13.799,2.2999,6,3.4.0
559617,HfB2O5,0.12411,0.058541,0.361587,0.1792,-0.7781,0.0,0.0,96,3.4.0
1858,HfO2,0.098532,0.058203,0.262149,0.2073,-0.6048,0.0,0.0,72,3.4.0
352,HfO2,0.088817,0.0483,0.246418,0.3101,-0.5704,0.0,0.0,36,3.4.0
985829,HfS2,0.268715,0.048366,1.083536,-0.524,-1.1379,3.662,0.6103,9,3.4.0
4609,HfSiO4,0.158252,0.049668,1.190791,0.732,-0.3223,4.776,0.796,36,3.4.0
3810,Hg(AsO3)2,0.139946,0.047868,0.544491,-0.0588,-0.9557,2.326,0.3877,27,3.4.0
3167,Hg2GeSe4,0.539397,0.202097,3.28984,0.3849,-0.5201,2.273,0.3789,21,3.4.0
4710,Hg3(BO3)2,0.256025,0.097544,2.444295,0.8962,-0.3487,10.165,1.6942,66,3.4.0
4445,Hg3AsO4,0.395775,0.175611,1.200493,0.9608,-0.2159,9.888,1.648,96,3.4.0
567949,Hg3AsSe4Br,0.690654,0.227654,3.18553,0.4365,-0.4131,4.469,0.7448,54,3.4.0
3538,Hg3TeO6,0.531644,0.165422,4.029006,0.257,-0.4627,2.638,0.4397,240,3.4.0
28590,Hg4As2I3,1.266718,0.303904,9.737189,1.068,0.0999,6.855,1.1425,216,3.4.0
29958,Hg7(PO5)2,0.317346,0.134324,0.948851,1.0113,-0.2338,0.0,0.0,114,3.4.0
706,HgF,0.8847,0.058911,28.300546,0.8085,-0.306,10.545,1.7575,12,3.4.0
1224,HgO,0.114079,0.04499,0.368614,0.6742,0.0093,10.026,1.6709,24,3.4.0
22574,HgP14Pb,0.561592,0.072935,2.226132,-0.1963,-0.9869,0.0,0.0,192,3.4.0
7293,HgPSe3,0.553619,0.196267,2.084599,1.147,-0.3114,0.0,0.0,60,3.4.0
3228,HgSO4,0.300008,0.069976,1.035354,0.6103,-0.3746,5.213,0.8688,36,3.4.0
634,HgS,0.26357,0.1196,0.861726,0.4922,-0.0683,13.56,2.26,18,3.4.0
4284,Ho2CdSe4,0.501061,0.100779,3.549755,-0.282,-1.1342,-5.506,-0.9177,42,3.4.0
812,Ho2O3,0.231435,0.078478,1.357271,0.1297,-0.6268,0.0,0.0,120,3.4.0
779522,Ho2P4O13,0.230287,0.090568,0.73108,0.6922,-0.4334,-40.11,-6.6849,114,3.4.0
878,Ho2S3,0.297083,0.119691,0.981952,-0.064,-0.8065,0.0,0.0,90,3.4.0
3884,Ho2Sn2O7,0.164025,0.067807,0.786558,0.4881,-0.5074,11.58,1.93,66,3.4.0
542514,Ho2Te4O11,0.213894,0.084115,0.658848,0.7244,-0.4497,23.018,3.8363,102,3.4.0
1154,Ho4C7,0.388228,0.101775,1.68038,1.8647,0.128,-0.628,-0.1047,132,3.4.0
561877,HoF3,0.135951,0.077497,0.3513,0.1855,-0.7838,-14.2,-2.3667,48,3.4.0
3144,HoNbO4,0.112586,0.057025,0.353987,0.6104,-0.3828,3.466,0.5777,36,3.4.0
4104,HoPO4,0.277765,0.057195,2.229853,0.7142,-0.2916,-0.147,-0.0245,36,3.4.0
4344,HoTaO4,0.114108,0.052484,0.370492,0.5522,-0.4024,5.802,0.967,36,3.4.0
22323,In2O3,0.1253,0.059069,0.625998,0.1425,-0.7319,23.29,3.8816,30,3.4.0
2874,In2Si2O7,0.121489,0.055533,0.396272,0.7427,-0.3041,4.458,0.7429,33,3.4.0
556528,In4GeS4,0.752439,0.217183,5.13829,-0.0915,-0.555,0.0,0.0,216,3.4.0
22189,In6TeO12,0.163821,0.08203,0.648203,0.2922,-0.5735,-7.307,-1.2178,57,3.4.0
20351,InP,0.229212,0.068343,1.122534,-0.1398,-0.5135,2.955,0.4924,6,3.4.0
19795,InS,0.180739,0.091452,0.490755,-0.0048,-0.5148,0.0,0.0,24,3.4.0
29236,InTeBr,0.444325,0.17895,1.491871,0.4149,-0.306,-6.27,-1.0451,36,3.4.0
2437,IrF3,0.213709,0.042903,1.521302,0.1405,-0.8704,5.277,0.8796,24,3.4.0
2833,IrS2,0.228622,0.072312,0.769029,-0.3357,-1.0223,1.456,0.2427,72,3.4.0
4351,K2B2S7,1.069879,0.107108,7.931042,0.7577,-0.2833,17.985,2.9975,66,3.4.0
3963,K2CO3,0.691222,0.086273,3.919483,1.1879,0.4357,5.825,0.9708,72,3.4.0
6494,K2Ca(CO3)2,0.402777,0.059964,2.631063,1.0603,0.1759,3.573,0.5955,33,3.4.0
7534,K2Cd2O3,0.160742,0.081447,0.44842,0.9795,-0.2002,4.673,0.7788,42,3.4.0
27742,K2CdO2,0.169409,0.086927,0.4518,0.692,-0.2346,0.0,0.0,60,3.4.0
4698,K2Ge8O17,0.326441,0.123924,1.131341,0.5513,-0.4282,0.0,0.0,324,3.4.0
23956,K2MgH4,0.956391,0.034276,18.377646,0.3996,-0.4924,4.227,0.7046,21,3.4.0
4758,K2NbF7,0.400086,0.068466,1.297182,0.5125,-0.532,10.785,1.7975,120,3.4.0
2672,K2O2,0.490837,0.064435,3.667813,2.4866,0.5875,4.383,0.7305,24,3.4.0
776016,K2O,0.089229,0.037742,0.265404,0.3572,-0.8611,2.982,0.497,72,3.4.0
971,K2O,0.150768,0.043005,0.9123,0.3977,-0.9056,2.082,0.3469,9,3.4.0
569967,K2PrCl5,0.306671,0.135172,0.886558,0.2764,-0.8218,0.0,0.0,96,3.4.0
3821,K2PtF6,0.340706,0.117958,1.557028,0.9107,-0.1065,11.785,1.9641,27,3.4.0
1022,K2S,0.276449,0.058249,2.187952,-0.0239,-1.3379,2.161,0.3601,9,3.4.0
3379,K2SbF5,0.216726,0.071345,0.802473,0.8739,-0.3844,11.398,1.8997,48,3.4.0
3042,K2SiF6,0.603489,0.104511,3.561711,0.5827,-0.2641,5.93,0.9883,27,3.4.0
17730,K2SnO3,0.165788,0.058783,0.539733,0.8709,-0.024,7.25,1.2084,72,3.4.0
8972,K2TaCuSe4,0.58501,0.117786,2.148265,0.8893,-0.2609,0.0,0.0,48,3.4.0
3975,K2TaF7,0.430249,0.078499,1.4106,0.4649,-0.5824,0.0,0.0,120,3.4.0
1747,K2Te,0.176486,0.085056,2.096617,-0.4788,-1.5376,2.705,0.4508,9,3.4.0
3970,K2TiF6,0.229482,0.077993,0.993302,0.9028,0.0388,5.937,0.9894,27,3.4.0
28766,K2TiS3,0.185542,0.040837,0.663777,0.9738,-0.3115,40.528,6.7546,36,3.4.0
3808,K2UO4,1.307804,0.039739,20.846821,1.3923,-0.1208,5.396,0.8993,21,3.4.0
18449,K2ZrO3,0.166139,0.041278,0.564135,0.9463,0.0065,6.008,1.0013,72,3.4.0
4647,K3(Cu4Se3)2,0.55528,0.169735,2.943389,0.3906,-0.7832,0.0,0.0,51,3.4.0
3797,K3AsS4,0.418101,0.154298,1.312231,1.1128,-0.001,4.391,0.7318,96,3.4.0
642821,K3H5Pt,0.933487,0.058677,7.587175,1.336,0.0011,-30.181,-5.0301,54,3.4.0
975577,K3La(AsO4)2,0.340226,0.130154,1.111411,1.045,0.1097,22.336,3.7227,84,3.4.0
1568,K3P11,2.686269,0.188493,11.490852,0.0919,-0.7308,0.0,0.0,168,3.4.0
17989,K3PS4,0.496788,0.148597,1.775627,1.2988,0.1595,0.0,0.0,96,3.4.0
28837,K3RhCl6,0.837673,0.195363,3.523853,0.7054,-0.3903,6.034,1.0057,120,3.4.0
4690,K3TaO8,0.86186,0.087483,9.860286,1.0475,-0.277,-0.142,-0.0237,36,3.4.0
3529,K3VS4,0.486689,0.147048,1.72689,1.387,0.1236,0.0,0.0,96,3.4.0
3125,K3Zn2F7,1.608726,0.059507,34.087112,1.0745,-0.3885,4.221,0.7036,36,3.4.0
17015,K4GeO4,0.262486,0.11748,0.762979,1.263,0.0738,5.275,0.8792,108,3.4.0
29484,K4HgAs2,0.386806,0.125398,2.940352,0.9964,-0.5798,18.121,3.0202,21,3.4.0
4971,K4Sn3Se8,0.715707,0.183928,3.939879,0.622,-0.5002,0.0,0.0,90,3.4.0
11719,K4ZnP2,0.479591,0.0906,7.117027,2.001,-0.1067,4.554,0.759,21,3.4.0
777297,K5H(CN2)2,1.189888,0.085043,9.984374,2.1128,0.6351,4.718,0.7863,144,3.4.0
755633,K5Se3,1.323057,0.111164,12.62631,1.0204,-0.5934,-15.976,-2.6626,48,3.4.0
18246,K6MnTe4,0.687662,0.185201,3.136478,1.2069,-0.4345,0.0,0.0,66,3.4.0
3949,K7LiSi8,2.570893,0.182538,21.603942,0.9756,0.0001,17.516,2.9193,192,3.4.0
568644,K9InSe7,0.671528,0.26069,2.149426,0.5304,-0.8674,0.0,0.0,204,3.4.0
3074,KAgO,0.580628,0.105781,5.250203,1.0038,-0.0223,7.667,1.2778,36,3.4.0
2910,KAlF4,0.092249,0.0348,0.506826,0.5263,-0.6264,4.729,0.7882,36,3.4.0
4266,KAsF6,0.426809,0.098209,2.280689,0.3952,-0.5689,4.436,0.7394,24,3.4.0
713,KAs,0.341035,0.146796,1.022126,0.2325,-0.9276,0.0,0.0,48,3.4.0
568986,KAuCl4,0.958521,0.213692,4.150012,0.8127,-0.262,6.88,1.1466,72,3.4.0
3592,KAuS5,1.049324,0.191808,8.460054,0.6368,-0.3899,23.152,3.8586,84,3.4.0
3257,KAuSe5,0.849075,0.242814,7.336956,0.5321,-0.5284,2.209,0.3682,84,3.4.0
3919,KBO2,1.5119,0.091524,17.044449,0.9219,0.0453,6.361,1.0602,72,3.4.0
23251,KBr,0.145779,0.076636,0.507757,-0.1051,-1.1442,4.757,0.7929,6,3.4.0
4026,KCrS2,0.1278,0.040835,1.420908,-0.0814,-1.039,6.926,1.1543,12,3.4.0
3982,KCuO2,0.135739,0.036554,0.626102,0.5254,-0.3438,3.96,0.6599,24,3.4.0
15785,KDyS2,0.214891,0.076373,0.856946,-0.0873,-1.2397,1.306,0.2177,12,3.4.0
4326,KErS2,0.219322,0.077121,0.868951,-0.0895,-1.2247,5.552,0.9254,12,3.4.0
463,KF,0.114807,0.050598,0.477155,0.0778,-1.2879,4.997,0.8328,6,3.4.0
4066,KGaO2,0.250855,0.100438,0.789247,0.9382,-0.109,0.0,0.0,192,3.4.0
2146,KGe,2.176626,0.190234,20.603231,0.8708,-0.3753,6.995,1.1658,192,3.4.0
556475,KLaPdO3,0.281266,0.064849,2.047243,1.0169,-0.194,16.367,2.7279,36,3.4.0
4495,KLiTe,0.207845,0.09807,0.78132,0.6234,-0.0489,13.929,2.3215,18,3.4.0
3448,KMgF3,0.100194,0.044456,0.449561,0.5536,-0.2888,4.974,0.829,15,3.4.0
827,KN3,1.777092,0.069946,25.74448,1.7272,0.6474,4.489,0.7482,24,3.4.0
545359,KNa2CuO2,0.513697,0.065514,6.780052,1.3889,-0.3633,-7.063,-1.1772,18,3.4.0
4342,KNbO3,0.073741,0.019521,0.294315,1.2798,-0.2839,0.841,0.1402,15,3.4.0
4608,KPF6,0.541333,0.062357,2.603362,0.2972,-0.6748,3.562,0.5937,24,3.4.0
4519,KPrO2,0.146928,0.052795,0.844055,0.3723,-0.8193,17.697,2.9494,12,3.4.0
4757,KReO4,0.427551,0.149461,2.451201,1.0288,-0.0312,4.121,0.6869,36,3.4.0
14607,KSbO3,0.280912,0.098931,1.5533,0.3241,-0.8613,7.54,1.2567,180,3.4.0
11703,KSbS2,0.188367,0.075879,0.639224,0.5394,-0.6246,-0.939,-0.1564,24,3.4.0
1536,KSb,0.425212,0.165697,1.346777,-0.0647,-1.1491,0.0,0.0,48,3.4.0
1217,KSi,3.980737,0.138874,37.035142,1.2393,0.2707,6.588,1.0981,192,3.4.0
15783,KSmS2,0.216892,0.074493,0.890795,-0.0831,-1.2753,16.692,2.7821,12,3.4.0
3614,KTaO3,0.083763,0.030519,0.554722,1.308,-0.2153,2.878,0.4797,15,3.4.0
2072,KTe,0.499546,0.134688,2.725771,0.3088,-0.6964,3.396,0.5661,24,3.4.0
6376,KV(CuS2)2,0.766601,0.122882,4.170537,0.4992,-0.52,0.0,0.0,48,3.4.0
2943,KY3F10,0.265091,0.087545,1.38099,0.3842,-0.6835,1.255,0.2092,84,3.4.0
4658,La(BO2)3,0.112976,0.037402,0.393768,0.5518,-0.5078,-5.235,-0.8725,60,3.4.0
4350,La2(SeO3)3,0.279279,0.106979,0.942726,0.7952,-0.305,3.525,0.5875,168,3.4.0
756888,La2(SiO3)3,0.221426,0.066691,0.941494,0.6347,-0.4703,0.0,0.0,84,3.4.0
568036,La2GaN3,0.183989,0.081711,0.611222,0.8996,-0.1899,0.0,0.0,72,3.4.0
1968,La2O3,0.104895,0.050497,0.388213,0.4193,-0.5616,0.0,0.0,15,3.4.0
2292,La2O3,0.278685,0.061551,2.18742,0.4187,-0.648,0.0,0.0,120,3.4.0
7475,La2S3,0.219198,0.091351,0.611357,-0.0241,-0.827,0.0,0.0,60,3.4.0
4511,La2SO2,0.169937,0.057257,0.64341,0.482,-0.5581,9.981,1.6634,15,3.4.0
4078,La2SO6,0.197427,0.058894,0.927846,1.0521,-0.1681,0.967,0.1611,54,3.4.0
5152,La2SiO5,0.176886,0.0719,0.510154,0.9886,-0.3094,-1.737,-0.2896,96,3.4.0
4086,La2Sn2O7,0.193269,0.063809,1.104287,0.4637,-0.515,7.12,1.1867,66,3.4.0
4547,La2TeO2,0.223702,0.040222,3.231203,0.5672,-0.332,0.478,0.0797,15,3.4.0
558528,La2TiZnO6,0.146631,0.085018,0.406587,0.4626,-0.5136,-7.119,-1.1864,60,3.4.0
769915,La4Ga2O9,0.242448,0.081344,0.679553,0.8179,-0.3978,0.0,0.0,180,3.4.0
4412,La4Se3O4,0.187508,0.058559,0.823636,0.6851,-0.2787,0.0,0.0,33,3.4.0
3249,La4Ti3O12,0.143776,0.047148,0.661746,0.4567,-0.7081,0.0,0.0,57,3.4.0
2920,LaAlO3,0.077107,0.034365,0.587374,0.1796,-0.7429,2.896,0.4826,30,3.4.0
4841,LaCuS2,0.251652,0.120526,0.675363,0.0168,-0.5186,-1.77,-0.295,48,3.4.0
334,LaF3,0.200337,0.087358,0.687205,0.1824,-0.9887,10.803,1.8005,72,3.4.0
905,LaF3,0.184325,0.090249,0.550779,0.2004,-0.8384,10.596,1.766,72,3.4.0
3336,LaGaO3,0.093939,0.045127,0.323746,0.5115,-0.6311,2.899,0.4832,30,3.4.0
27979,LaI3,0.251615,0.109331,1.027938,0.137,-1.213,0.0,0.0,24,3.4.0
2804,LaP2,0.723464,0.114693,2.582508,0.6313,-0.3753,0.0,0.0,72,3.4.0
200,LaP7,0.609373,0.103887,2.417098,0.2231,-0.438,-4.277,-0.7129,96,3.4.0
3962,LaPO4,0.201804,0.077121,0.683222,0.7276,-0.1368,0.0,0.0,72,3.4.0
1508,LaS2,0.239989,0.090253,0.733129,0.6002,-0.526,0.0,0.0,72,3.4.0
3998,LaTaO4,0.13698,0.043637,0.537667,0.7646,-0.5333,2.226,0.3711,36,3.4.0
4421,LaTaO4,0.130955,0.068651,0.355397,0.6652,-0.4977,0.0,0.0,72,3.4.0
3297,Li10Zn4O9,0.176289,0.078817,0.638084,-0.0534,-1.0709,2.959,0.4932,138,3.4.0
765481,Li2AgF5,0.256755,0.126443,0.718602,0.4539,-0.6847,0.0,0.0,96,3.4.0
4779,Li2B4O7,0.218078,0.05278,1.554397,0.5503,-0.8058,-14.627,-2.4378,156,3.4.0
4622,Li2BeF4,0.20746,0.096204,0.738096,0.4937,-0.6027,10.321,1.7202,126,3.4.0
3054,Li2CO3,0.184959,0.047739,0.884109,1.0643,-0.2692,0.0,0.0,36,3.4.0
15988,Li2CuSb,0.227715,0.078225,0.990522,0.2668,-0.5096,2.473,0.4122,12,3.4.0
841,Li2O2,0.112521,0.039548,0.466041,0.8011,-0.4638,1.351,0.2252,24,3.4.0
1960,Li2O,0.143655,0.026464,4.276581,-0.1017,-1.4199,1.586,0.2643,9,3.4.0
760483,Li2PdO3,0.153537,0.059604,0.494196,-0.1272,-1.2171,0.0,0.0,36,3.4.0
1153,Li2S,0.063159,0.037648,0.301966,-0.3254,-1.428,9.996,1.666,9,3.4.0
2286,Li2Se,0.085948,0.050035,0.361764,-0.3653,-1.0449,10.524,1.754,9,3.4.0
3552,Li2Si2O5,0.118008,0.058215,0.343741,0.7162,-0.5385,2.257,0.3762,108,3.4.0
4117,Li2Si2O5,0.132019,0.055769,0.500154,0.7009,-0.5829,-10.043,-1.6738,54,3.4.0
3540,Li2SnO3,0.162869,0.050984,0.531943,0.0757,-1.0677,0.0,0.0,72,3.4.0
27231,Li2TeO3,0.175956,0.064249,0.706053,0.3328,-0.9486,0.0,0.0,72,3.4.0
2530,Li2Te,0.134101,0.068633,0.669787,-0.4874,-0.971,18.897,3.1495,9,3.4.0
756294,Li2Ti2O5,0.156282,0.055972,0.633242,0.6389,-0.6131,8.631,1.4384,54,3.4.0
772049,Li2Ti2O5,0.134464,0.060326,0.410242,0.603,-0.6735,-9.826,-1.6377,108,3.4.0
2931,Li2TiO3,0.135933,0.04399,0.442289,0.2251,-1.1793,0.0,0.0,72,3.4.0
4002,Li2ZrF6,0.122953,0.062044,0.394932,0.4818,-0.4507,-0.233,-0.0389,27,3.4.0
3216,Li2ZrN2,0.096117,0.039308,0.351539,-0.5218,-1.4009,17.646,2.9409,15,3.4.0
4156,Li2ZrO3,0.120436,0.048909,0.375072,0.4998,-1.0104,0.0,0.0,36,3.4.0
757,Li3As,0.131479,0.055096,0.582944,0.0947,-0.6782,4.435,0.7392,24,3.4.0
985585,Li3ClO,0.091443,0.033169,0.695073,0.4247,-0.3298,3.225,0.5375,15,3.4.0
3887,Li3GaN2,0.263591,0.082223,1.842553,-0.1858,-1.1369,9.739,1.6232,144,3.4.0
2251,Li3N,0.064583,0.025453,0.266703,0.0909,-0.9615,2.297,0.3828,12,3.4.0
2341,Li3N,0.077815,0.027304,0.259509,-0.1689,-1.287,0.557,0.0928,24,3.4.0
2878,Li3PO4,0.154789,0.067144,0.508649,0.7686,-0.5,0.0,0.0,96,3.4.0
736,Li3P,0.117513,0.044922,0.519251,0.1033,-0.8185,4.149,0.6914,24,3.4.0
5769,Li3SbO4,0.146036,0.072003,0.414179,0.305,-0.955,7.019,1.1698,48,3.4.0
2074,Li3Sb,0.141538,0.068737,0.553611,-0.236,-0.9241,-1.947,-0.3245,12,3.4.0
3151,Li3TaO4,0.17957,0.055532,0.565525,0.54,-1.2241,0.0,0.0,96,3.4.0
4558,Li4GeO4,0.125854,0.056667,0.467541,0.0947,-0.9883,0.0,0.0,54,3.4.0
30249,Li4GeS4,0.225838,0.09763,0.711274,-0.0753,-0.924,0.0,0.0,108,3.4.0
4426,Li4SeO5,0.145193,0.065704,0.47833,0.0588,-1.1515,0.0,0.0,60,3.4.0
4657,Li5GaO4,0.232528,0.089873,0.625368,-0.0454,-1.0255,0.0,0.0,240,3.4.0
3838,Li5ReN4,0.152375,0.074154,0.490127,0.7203,-0.9919,0.0,0.0,60,3.4.0
3503,Li6WN4,0.142431,0.060739,0.528881,0.461,-1.1658,26.157,4.3594,66,3.4.0
4604,Li7VN4,0.228865,0.055151,1.567392,0.2059,-0.9933,19.617,3.2695,288,3.4.0
4527,Li8SnO6,0.119773,0.053646,0.424951,-0.2402,-1.5564,0.0,0.0,45,3.4.0
3427,LiAlO2,0.125652,0.051682,0.535657,0.3197,-0.6869,5.077,0.8462,48,3.4.0
4586,LiAlTe2,0.39411,0.115017,2.807635,-0.0513,-0.4801,2.696,0.4493,24,3.4.0
3660,LiB3O5,0.155674,0.064169,0.49496,0.5136,-0.5923,36.008,6.0014,108,3.4.0
3635,LiBO2,0.081471,0.030258,0.252243,0.8883,-0.3956,0.0,0.0,48,3.4.0
23259,LiBr,0.154537,0.04483,0.580707,0.5886,-0.4548,6.664,1.1107,6,3.4.0
1378,LiC,0.280333,0.033084,2.701745,2.7254,0.8068,9.18,1.5301,12,3.4.0
753946,LiCoS2,0.146849,0.044537,0.526736,-0.8289,-1.9101,9.997,1.6661,12,3.4.0
4226,LiCrS2,0.094006,0.013813,0.271973,-1.4116,-2.8253,-0.737,-0.1228,12,3.4.0
5127,LiCuO,0.294343,0.063286,2.146419,0.0608,-0.6583,0.0,0.0,36,3.4.0
15791,LiErS2,0.174951,0.07159,0.884299,-0.5294,-1.6383,1.547,0.2578,12,3.4.0
35591,LiErS2,0.264034,0.072284,2.168837,0.1355,-1.0147,3.298,0.5496,24,3.4.0
35205,LiErSe2,0.361099,0.070511,2.771813,0.1062,-0.9569,2.773,0.4622,24,3.4.0
1138,LiF,0.065043,0.033876,0.288655,0.6459,-1.1063,5.066,0.8443,6,3.4.0
3647,LiGaS2,0.25041,0.088365,0.828275,-0.3145,-0.808,5.714,0.9524,48,3.4.0
5488,LiInO2,0.137485,0.049376,0.846066,0.356,-0.8056,-1.153,-0.1922,24,3.4.0
2659,LiN3,0.212234,0.038237,1.002677,1.7938,0.5283,-2.643,-0.4404,12,3.4.0
3368,LiNb3O8,0.165942,0.021648,0.47043,0.7407,-0.7587,15.706,2.6177,144,3.4.0
3924,LiNbO2,0.118216,0.035914,0.49876,-0.3029,-1.4695,6.339,1.0566,24,3.4.0
3731,LiNbO3,0.146077,0.055847,0.575888,0.9423,-0.5622,5.413,0.9022,30,3.4.0
37605,LiNdSe2,0.208906,0.067641,1.480783,0.1135,-0.9778,-0.976,-0.1627,24,3.4.0
2412,LiP5,0.278773,0.093191,0.947041,-0.0719,-0.8567,-5.155,-0.8592,72,3.4.0
9143,LiPF6,0.310361,0.070999,1.345052,0.3221,-0.7194,-0.645,-0.1076,24,3.4.0
3524,LiPN2,0.146197,0.038439,1.190294,0.5449,-0.6417,1.51,0.2516,24,3.4.0
3980,LiSbF6,0.219874,0.084737,1.012355,0.6318,-0.4736,0.568,0.0946,24,3.4.0
4995,LiSbO3,0.134816,0.069497,0.389365,0.1906,-0.7447,0.0,0.0,60,3.4.0
3666,LiTaO3,0.143704,0.059968,0.680045,0.84,-0.6682,19.677,3.2795,30,3.4.0
3700,LiYF4,0.146473,0.071906,0.654313,0.0123,-1.0694,1.52,0.2533,36,3.4.0
3941,LiYF4,0.107412,0.052603,0.316837,0.0088,-1.1123,2.841,0.4735,36,3.4.0
1427,Lu2O3,0.235,0.081081,1.567347,0.1072,-0.6089,0.0,0.0,120,3.4.0
2826,Lu2S3,0.235027,0.089004,1.08981,0.1288,-0.7199,0.0,0.0,30,3.4.0
7193,Lu2Si2O7,0.125728,0.055321,0.40829,0.7006,-0.4028,-0.159,-0.0266,33,3.4.0
3200,Lu2Ti2O7,0.113865,0.036699,0.547362,0.4124,-1.1104,2.444,0.4073,66,3.4.0
554282,Lu3B5O12,0.187589,0.074353,0.651725,0.1852,-0.8934,7.905,1.3175,240,3.4.0
755804,Lu6TeO12,0.175143,0.075035,0.789352,0.2544,-0.5962,0.0,0.0,57,3.4.0
7560,LuBO3,0.177916,0.058315,0.987744,0.8738,-0.3345,1.221,0.2034,30,3.4.0
2940,LuPO4,0.205953,0.058903,1.990009,0.7158,-0.2908,-0.463,-0.0771,36,3.4.0
756704,LuTa3O9,0.13962,0.053021,0.412685,0.7011,-0.6186,-29.215,-4.8692,78,3.4.0
3872,Mg(AlS2)2,0.164015,0.070283,0.479603,0.3829,-0.6394,0.0,0.0,84,3.4.0
3582,Mg(BC)2,0.093115,0.020265,0.498004,0.1569,-0.597,5.345,0.8909,120,3.4.0
38951,Mg(GaO2)2,0.173473,0.055473,1.536207,0.064,-0.9112,28.455,4.7424,42,3.4.0
4590,Mg(GaO2)2,0.14916,0.050485,0.852505,0.0398,-1.0049,4.689,0.7815,42,3.4.0
3319,Mg(RhO2)2,0.215323,0.053488,1.660469,-0.5325,-1.6503,7.043,1.1738,42,3.4.0
3653,Mg(SbO3)2,0.157842,0.054087,0.769316,0.217,-0.6552,0.0,0.0,54,3.4.0
560872,Mg10Ge3(H2O9)2,0.231841,0.074296,0.704262,3.8401,0.8023,4.8,0.8,210,3.4.0
3051,Mg2GeO4,0.156449,0.06525,0.479388,0.5327,-0.5521,-0.963,-0.1604,84,3.4.0
3904,Mg2GeO4,0.142041,0.039514,0.597649,0.2528,-0.9157,9.998,1.6663,42,3.4.0
3933,Mg2PN3,0.095144,0.041683,0.338424,0.617,-0.4427,7.288,1.2147,36,3.4.0
2895,Mg2SiO4,0.139915,0.051761,0.401746,0.8196,-0.21,2.103,0.3506,84,3.4.0
1990,Mg3As2,0.373742,0.113799,2.601973,-0.0959,-0.8827,0.0,0.0,120,3.4.0
1559,Mg3N2,0.204218,0.057207,1.321373,-0.067,-0.9633,0.0,0.0,120,3.4.0
2514,Mg3P2,0.277967,0.082298,1.932497,-0.1443,-0.9622,0.0,0.0,120,3.4.0
3118,Mg3TeO6,0.152011,0.067264,0.760189,0.4612,-0.7194,28.439,4.7399,60,3.4.0
3536,MgAl2O4,0.101193,0.038211,0.623486,-0.0897,-1.2717,4.452,0.7419,42,3.4.0
1249,MgF2,0.072201,0.035825,0.273014,0.0511,-0.7843,3.322,0.5536,18,3.4.0
3759,MgGeO3,0.131568,0.054945,0.723141,0.1115,-0.9806,31.702,5.2836,30,3.4.0
4575,MgGeO3,0.203786,0.096024,0.592624,0.6387,-0.572,0.0,0.0,240,3.4.0
2589,MgO2,0.198789,0.041208,1.390032,1.2706,-0.2853,2.838,0.473,36,3.4.0
1265,MgO,0.051172,0.027634,0.202164,0.0748,-1.5279,4.114,0.6857,6,3.4.0
384,MgP4,0.214821,0.05999,0.899295,0.0608,-0.5767,16.979,2.8298,30,3.4.0
1315,MgS,0.06051,0.034054,0.17075,-0.0224,-1.3762,5.622,0.937,6,3.4.0
3677,MgSiN2,0.099051,0.042346,0.30069,0.2837,-0.5857,5.835,0.9726,48,3.4.0
4321,MgSiO3,0.108032,0.050829,0.315578,0.731,-0.2855,22.843,3.8072,60,3.4.0
2961,MgSiP2,0.206195,0.048092,1.544028,-0.0307,-0.7979,2.729,0.4549,24,3.4.0
2604,MgTe2,0.955204,0.109777,11.195496,0.214,-0.3127,0.696,0.116,36,3.4.0
1039,MgTe,0.271423,0.08292,1.114318,-0.0713,-0.4807,1.189,0.1982,12,3.4.0
3771,MgTiO3,0.179066,0.049508,2.533545,0.4677,-0.7463,7.282,1.2136,30,3.4.0
1434,MoS2,0.2866,0.041981,2.329702,-0.7219,-2.4201,12.671,2.1119,9,3.4.0
154,N2,2.779009,0.157654,37.224086,1.7199,1.4602,2.064,0.344,24,3.4.0
25,N2,2.614485,0.150055,32.490839,1.717,1.4459,2.064,0.3441,24,3.4.0
2789,NO2,7.979503,0.118033,88.386246,0.9615,-0.218,3.289,0.5482,54,3.4.0
31008,Na14Al4O13,0.228871,0.068258,0.726506,1.1635,-0.2469,11.339,1.8898,186,3.4.0
17473,Na2Al2As3,0.490824,0.175743,1.63046,0.5639,-0.3202,0.0,0.0,168,3.4.0
3318,Na2BeF4,0.218206,0.073754,0.749474,1.238,0.0613,0.0,0.0,84,3.4.0
3855,Na2BeF4,0.29515,0.099385,1.094471,1.2571,0.1431,0.0,0.0,84,3.4.0
3070,Na2CO3,0.352995,0.049899,1.835326,1.167,0.1649,-30.404,-5.0673,36,3.4.0
771248,Na2Ge2O5,0.236348,0.099062,0.762176,0.8648,-0.2174,0.0,0.0,108,3.4.0
4068,Na2GeS3,0.251555,0.113768,0.754657,0.8202,-0.3088,0.0,0.0,72,3.4.0
2340,Na2O2,0.225493,0.056321,1.155431,2.253,0.4311,4.272,0.712,36,3.4.0
2352,Na2O,0.131388,0.037212,0.989022,-0.0628,-1.2215,1.775,0.2958,9,3.4.0
4823,Na2PdC2,0.123189,0.030395,0.479477,2.8328,0.3654,3.477,0.5796,15,3.4.0
3622,Na2PdF4,0.189371,0.084967,0.605006,0.7943,-0.4327,10.549,1.7582,42,3.4.0
3143,Na2SO4,0.297736,0.071805,1.609578,0.922,0.0213,5.92,0.9866,42,3.4.0
4770,Na2SO4,0.230099,0.072311,0.791561,0.9199,0.132,6.816,1.1361,42,3.4.0
648,Na2S,0.135448,0.051583,0.839351,-0.3573,-1.6668,2.352,0.392,9,3.4.0
1266,Na2Se,0.104158,0.064152,0.530687,-0.3672,-1.5063,7.798,1.2997,9,3.4.0
3193,Na2Si2O5,0.144003,0.06512,0.433141,0.82,-0.1186,0.0,0.0,108,3.4.0
3775,Na2SiF6,0.701441,0.124767,4.120159,0.5803,-0.5872,12.223,2.0372,81,3.4.0
4533,Na2SiO3,0.132305,0.052536,0.560259,1.0691,0.0573,3.4,0.5666,36,3.4.0
3285,Na2Ta4O11,0.162283,0.030149,1.1293,0.7674,-0.5441,2.266,0.3776,102,3.4.0
2784,Na2Te,0.129656,0.080132,0.576728,-0.4061,-1.2937,15.059,2.5098,9,3.4.0
3488,Na2Ti3O7,0.134085,0.05132,0.405053,0.8527,-0.4165,0.0,0.0,72,3.4.0
18075,Na2TiF6,0.28105,0.086432,1.219938,0.7993,-0.3486,12.571,2.0952,81,3.4.0
17560,Na2UO4,0.16012,0.049807,0.502532,1.2414,-0.2689,13.646,2.2743,84,3.4.0
28830,Na2ZnBr4,0.369816,0.175109,1.086131,0.3347,-0.5458,0.0,0.0,84,3.4.0
3527,Na3AgO2,0.24161,0.06867,2.34105,0.732,-0.6682,5.303,0.8838,36,3.4.0
3416,Na3AlF6,0.204185,0.094576,0.631032,0.6902,-0.3695,9.399,1.5665,60,3.4.0
759535,Na3Cu5O4,0.429073,0.190491,1.258745,0.7879,-0.229,0.0,0.0,144,3.4.0
473,Na3P11,1.434574,0.157746,5.800089,0.0725,-0.8212,0.0,0.0,168,3.4.0
4223,Na3PO4,0.445418,0.12497,1.813844,1.1252,0.0978,0.0,0.0,192,3.4.0
1598,Na3P,0.155629,0.059232,0.661093,-0.1701,-1.2083,-1.068,-0.178,24,3.4.0
27478,Na3PaF8,0.546858,0.069764,9.128675,0.456,-0.8845,28.876,4.8126,36,3.4.0
4185,Na3ScF6,0.175305,0.082381,0.537824,0.7019,-0.568,10.787,1.7978,60,3.4.0
4752,Na5Al3F14,0.20323,0.070925,0.835893,0.5253,-0.9099,8.266,1.3776,132,3.4.0
4172,Na5GeP3,0.325351,0.1334,1.027808,0.4694,-0.6581,0.0,0.0,108,3.4.0
8840,Na5InO4,0.18354,0.085701,0.550617,0.7366,-0.5269,11.831,1.9718,60,3.4.0
3928,Na5P3O10,0.304068,0.086579,1.184356,0.9855,-0.215,45.378,7.5629,108,3.4.0
8253,Na5ReO6,0.169273,0.075946,0.54533,0.6743,-0.6558,18.774,3.1289,36,3.4.0
3405,NaAl11O17,0.250211,0.05283,1.780292,0.0871,-1.7291,9.899,1.6499,174,3.4.0
3468,NaAsO2,0.179655,0.059858,0.545247,0.983,-0.3681,0.0,0.0,96,3.4.0
3521,NaBF4,0.356015,0.078835,1.756576,0.9061,-0.0252,3.183,0.5305,36,3.4.0
3889,NaBO2,0.898932,0.076649,9.046886,0.9823,0.0357,5.883,0.9805,72,3.4.0
4534,NaCO2,0.632284,0.06896,3.410215,1.1781,0.2276,3.91,0.6516,48,3.4.0
4360,NaCdF3,0.209019,0.085854,1.578149,0.3884,-0.9174,0.0,0.0,30,3.4.0
3332,NaCrSe2,0.16758,0.058433,1.09394,-0.6794,-2.4965,4.685,0.7808,12,3.4.0
4541,NaCuO2,0.128175,0.037777,0.629597,0.4458,-0.5245,8.14,1.3567,12,3.4.0
752672,NaDyO2,0.146073,0.060553,0.478985,0.3004,-0.6969,12.422,2.0703,48,3.4.0
3613,NaErS2,0.235842,0.079799,1.220179,-0.2675,-1.446,6.169,1.0281,12,3.4.0
682,NaF,0.070216,0.038959,0.237603,-0.0533,-1.6366,3.185,0.5309,6,3.4.0
3338,NaGaO2,0.155758,0.067799,0.488876,0.685,-0.3393,0.0,0.0,48,3.4.0
23268,NaI,0.340504,0.093103,6.531323,0.1058,-0.6443,5.666,0.9444,6,3.4.0
6712,NaLuGeO4,0.168133,0.079382,0.471057,0.7723,-0.2602,-0.594,-0.099,84,3.4.0
2955,NaMgF3,0.112343,0.059071,0.313854,0.4307,-0.3628,14.874,2.479,60,3.4.0
2964,NaNO2,0.695086,0.057278,6.954618,1.3214,0.6002,4.65,0.775,12,3.4.0
4531,NaNO3,0.921309,0.066154,7.052244,0.8744,0.0645,3.421,0.5702,30,3.4.0
3967,NaNO,0.410468,0.099099,2.175402,1.1827,0.3171,1.399,0.2331,72,3.4.0
560032,NaNb2AsO8,0.194004,0.061106,0.526866,0.8596,-0.3957,0.0,0.0,144,3.4.0
3744,NaNbO2,0.181512,0.040278,1.189127,-0.053,-0.9148,22.928,3.8213,24,3.4.0
3136,NaNbO3,0.097269,0.016082,0.762397,1.1382,-0.1614,2.35,0.3917,15,3.4.0
3671,NaNbO3,0.113946,0.02727,0.336542,1.1304,-0.2423,0.0,0.0,120,3.4.0
4419,NaNbO3,0.075059,0.008339,0.320889,1.1908,-0.4087,7.212,1.202,30,3.4.0
4514,NaNbO3,0.118139,0.052342,0.596781,1.1797,-0.1255,22.647,3.7746,30,3.4.0
4681,NaNbO3,0.115952,0.046205,0.331959,1.1302,-0.163,4.622,0.7703,60,3.4.0
4748,NaNbO3,0.074214,0.021931,0.260052,1.0874,-0.4539,8.117,1.3528,60,3.4.0
8128,NaNdO2,0.15765,0.054767,1.719441,0.3996,-0.883,-0.992,-0.1654,24,3.4.0
676360,NaNdS2,0.244109,0.0668,1.863499,0.0632,-1.0637,16.962,2.827,24,3.4.0
555118,NaPO3,0.588543,0.093888,3.325191,0.9021,-0.2777,-20.754,-3.4589,180,3.4.0
558192,NaPO3,0.25551,0.064673,0.81604,0.9103,-0.1838,13.638,2.273,120,3.4.0
2400,NaS,0.234921,0.068954,1.044215,1.5778,-0.154,5.999,0.9998,24,3.4.0
409,NaS,0.175016,0.060239,0.701867,1.8382,-0.0134,1.791,0.2985,36,3.4.0
4482,NaSbO3,0.24547,0.06637,2.260456,0.2151,-0.7331,20.0,3.3333,30,3.4.0
7074,NaSc(SiO3)2,0.113775,0.054764,0.354988,0.748,-0.2808,0.0,0.0,60,3.4.0
2402,NaSi,0.443105,0.104589,2.196189,1.0263,-0.2044,3.979,0.6632,48,3.4.0
555812,NaSr3BiO6,0.194462,0.086727,0.961556,0.7936,-0.1766,-5.045,-0.8409,66,3.4.0
14722,NaSrAlF6,0.357059,0.113491,1.110157,0.576,-0.5815,14.56,2.4266,216,3.4.0
3858,NaTaO3,0.099408,0.049799,0.299536,1.1978,-0.1131,14.759,2.4599,60,3.4.0
4170,NaTaO3,0.097006,0.025264,0.496231,1.2099,0.0786,2.206,0.3677,15,3.4.0
4675,NaTaO3,0.085032,0.032211,0.339767,1.2221,-0.0113,9.798,1.633,30,3.4.0
4699,NaTaO3,0.096648,0.024968,0.413519,1.1244,-0.5169,9.668,1.6114,60,3.4.0
3269,NaTh2F9,0.366679,0.06942,3.151153,0.6722,-0.8109,0.0,0.0,72,3.4.0
14037,NaTl2RhF6,0.321753,0.096631,1.461236,0.889,-0.1779,20.713,3.4521,30,3.4.0
3056,NaTlO2,0.159928,0.055654,1.547781,0.116,-1.0777,6.849,1.1414,12,3.4.0
754796,NaTmO2,0.150381,0.062095,0.484223,0.2253,-0.7103,5.211,0.8686,48,3.4.0
3795,NaZnF3,0.137028,0.066249,0.40287,0.6098,-0.4581,7.992,1.3321,60,3.4.0
4824,NaZnP,0.175426,0.075793,0.892514,0.2513,-0.7643,26.852,4.4753,18,3.4.0
1595,Nb2O5,0.083358,0.028989,0.385643,1.0426,-0.2765,11.462,1.9103,21,3.4.0
604,Nb2O5,0.11171,0.040786,0.349652,0.9497,-0.4118,8.345,1.3908,42,3.4.0
3324,Nb2SnO6,0.123296,0.047733,0.361779,0.8677,-0.5532,-28.873,-4.8122,54,3.4.0
3926,NbAg7S6,0.575312,0.272604,1.758818,0.7889,-0.4596,0.0,0.0,84,3.4.0
865280,NbAlFe2,0.147409,0.052593,0.625654,-0.1457,-1.5372,6.787,1.1312,12,3.4.0
5621,NbCu3S4,0.564898,0.084061,4.022706,0.5021,-0.698,-0.458,-0.0763,24,3.4.0
4043,NbCu3Se4,0.548149,0.118517,3.232418,0.4101,-0.9259,-1.587,-0.2646,24,3.4.0
821,NbO2,0.220805,0.041929,1.072734,0.422,-1.0109,0.0,0.0,144,3.4.0
3491,NbSbO4,0.139406,0.070233,0.376611,0.7781,-0.4683,1.989,0.3314,72,3.4.0
3612,NbSbO4,0.108147,0.051327,0.302286,0.7868,-0.5126,9.054,1.509,72,3.4.0
953,NbZn3,0.13496,0.066505,0.431345,0.0211,-1.213,2.026,0.3377,12,3.4.0
3615,Nd(BO2)3,0.112509,0.039975,0.381794,0.5707,-0.4855,-24.903,-4.1505,60,3.4.0
1045,Nd2O3,0.276195,0.074458,2.247157,0.1778,-0.6709,0.0,0.0,120,3.4.0
2763,Nd2O3,0.110386,0.047784,0.416735,0.2774,-0.5908,0.0,0.0,15,3.4.0
438,Nd2S3,0.223842,0.093409,0.660445,-0.0561,-0.7702,12.904,2.1507,60,3.4.0
3211,Nd2SO2,0.164866,0.058014,0.594763,0.3311,-0.5532,5.777,0.9628,15,3.4.0
3727,Nd3NbO7,0.109027,0.048804,0.35258,0.551,-0.7153,8.878,1.4796,66,3.4.0
3782,Nd3Sb5O12,0.355456,0.105359,2.695099,0.5797,-0.3819,7.8,1.3,120,3.4.0
3374,Nd4Au2O9,0.231553,0.109466,0.664277,0.289,-0.5158,13.848,2.308,180,3.4.0
556908,Nd5As4(ClO4)3,0.279476,0.110055,0.830288,0.8368,-0.197,0.0,0.0,144,3.4.0
23183,NdCl3,0.185282,0.087461,0.573815,-0.4355,-1.3624,2.69,0.4484,24,3.4.0
3739,NdCuSe2,0.320359,0.136376,0.895086,-0.1496,-0.8184,0.0,0.0,48,3.4.0
254,NdF3,0.185153,0.089337,0.608399,0.1008,-0.8741,0.0,0.0,72,3.4.0
3196,NdGaO3,0.117128,0.05967,0.334414,0.3025,-0.6723,5.519,0.9198,60,3.4.0
3901,NdNbO4,0.117153,0.058542,0.37836,0.6732,-0.3356,8.078,1.3464,36,3.4.0
3584,NdPO4,0.191376,0.076928,0.599903,0.7209,-0.1737,4.424,0.7374,72,3.4.0
3694,NdPS4,0.625639,0.148259,5.192006,0.8731,-0.2733,13.55,2.2583,144,3.4.0
4582,NdRhO3,0.155993,0.067197,0.529789,0.0813,-0.627,4.04,0.6733,60,3.4.0
3203,NdTaO4,0.114956,0.05176,0.329273,0.5799,-0.3916,6.736,1.1227,36,3.4.0
4718,NdTaO4,0.116278,0.054197,0.366977,0.6045,-0.3882,5.231,0.8718,36,3.4.0
3664,NdTlS2,0.254218,0.08153,1.298003,-0.0037,-0.5982,1.642,0.2737,12,3.4.0
111,Ne,0.276226,0.144766,0.731359,0.0461,-1.0036,4.816,0.8027,3,3.4.0
486,NiP2,0.141437,0.046998,0.481298,-0.218,-0.8506,4.149,0.6914,18,3.4.0
2173,P2O5,0.134141,0.042085,0.485816,0.6853,-0.3892,-5.088,-0.848,84,3.4.0
2452,P2O5,0.146153,0.048075,0.617106,0.6072,-0.6582,-2.345,-0.3909,42,3.4.0
2319,P2Os,0.103434,0.050561,0.296084,-0.0317,-0.6934,0.0,0.0,18,3.4.0
3006,P2Pd3S8,0.776148,0.122925,4.639381,0.8107,-0.7731,0.448,0.0746,39,3.4.0
730,P2Pt,0.296026,0.068767,3.481081,-0.1489,-0.8256,0.014,0.0024,36,3.4.0
1413,P2Ru,0.095183,0.043532,0.261071,-0.0548,-0.863,0.0,0.0,18,3.4.0
504748,P3Pb5ClO12,0.32564,0.104089,1.121903,0.87,-0.2503,0.0,0.0,126,3.4.0
2447,P4Se5,0.920853,0.24639,3.111817,0.3456,-0.5919,0.0,0.0,108,3.4.0
3123,PPdSe,0.280999,0.084285,1.071524,0.4538,-0.526,0.0,0.0,72,3.4.0
2511,PbF2,0.14539,0.095672,0.38318,0.3746,-0.7182,4.151,0.6919,36,3.4.0
315,PbF2,0.117203,0.058906,0.493893,0.5094,-0.7121,12.637,2.1062,9,3.4.0
341,PbF4,2.133004,0.055768,39.737631,0.9646,-0.1896,7.104,1.184,15,3.4.0
3472,PbSO4,0.240044,0.077938,0.830472,0.6274,-0.4428,2.001,0.3335,72,3.4.0
2201,PbSe,0.128838,0.04941,0.982507,0.1603,-0.6199,4.602,0.7671,6,3.4.0
4649,PdSe2O5,0.217788,0.08074,0.844666,0.5059,-0.764,7.768,1.2947,48,3.4.0
2418,PdSe2,0.171153,0.042862,0.490791,-0.4105,-1.294,0.0,0.0,36,3.4.0
9497,Pr2C(NO)2,0.344216,0.049442,1.799802,2.467,0.2668,2.248,0.3746,21,3.4.0
2063,Pr2O3,0.110864,0.047885,0.417576,0.2843,-0.5959,0.0,0.0,15,3.4.0
3236,Pr2SO2,0.167558,0.057441,0.616826,0.3348,-0.5653,-0.618,-0.103,15,3.4.0
4764,Pr2SeO2,0.156876,0.062299,0.565048,0.5011,-0.2447,6.215,1.0358,15,3.4.0
4394,Pr2Sn2O7,0.208081,0.065236,1.491987,0.3939,-0.5593,6.738,1.1229,66,3.4.0
2980,Pr2Te4O11,0.223763,0.08037,0.719407,0.7921,-0.3772,-11.464,-1.9106,102,3.4.0
2973,Pr3Sb5O12,0.392483,0.105909,4.207939,0.5909,-0.3773,7.392,1.232,120,3.4.0
3466,PrAlO3,0.077815,0.037547,0.355053,0.113,-0.8129,4.023,0.6705,30,3.4.0
975666,PrBrO,0.154077,0.045746,0.597368,0.7974,0.0317,1.463,0.2439,18,3.4.0
2651,PrF3,0.187064,0.089402,0.597843,0.1078,-0.8784,12.354,2.0589,72,3.4.0
4535,PrGaO3,0.111076,0.057836,0.306176,0.3485,-0.6481,0.248,0.0414,60,3.4.0
4709,PrNbO4,0.115857,0.058539,0.357736,0.6854,-0.3279,3.754,0.6256,36,3.4.0
769173,PrOF,0.200754,0.057748,1.800806,0.2871,-0.9313,5.337,0.8896,18,3.4.0
4589,PrPO4,0.195708,0.076546,0.619635,0.7229,-0.1627,4.233,0.7055,72,3.4.0
3954,PrPS4,0.650522,0.14746,5.114975,0.8676,-0.2926,14.227,2.3711,144,3.4.0
17446,PrPtF7,0.35413,0.104962,1.125895,0.804,-0.2116,8.742,1.4569,108,3.4.0
1285,PtO2,0.091524,0.044598,0.266338,-0.0696,-0.7393,9.508,1.5847,18,3.4.0
617,PtO2,0.115622,0.036417,0.509532,-0.7748,-1.6572,12.186,2.0309,9,3.4.0
571293,Rb2BaNb2Se11,1.105195,0.255752,4.057948,0.8039,-0.4092,0.0,0.0,192,3.4.0
3009,Rb2BeF4,0.44911,0.130743,1.789036,1.2134,0.2937,5.629,0.9382,84,3.4.0
4138,Rb2CO3,0.870114,0.104229,5.030658,1.1624,0.4107,6.241,1.0402,72,3.4.0
18556,Rb2Cd3S4,0.398166,0.177597,1.117308,0.3853,-0.1608,0.0,0.0,108,3.4.0
4052,Rb2Mn3Se4,0.405044,0.108038,3.671775,0.3774,-0.2788,4.371,0.7285,54,3.4.0
1394,Rb2O,0.114737,0.049052,0.989398,0.7562,-0.5741,2.298,0.3831,9,3.4.0
2079,Rb2P3,1.035183,0.135996,5.422523,1.1833,0.3254,5.615,0.9359,30,3.4.0
21461,Rb2PbO3,0.190624,0.064503,0.570298,0.9095,0.0532,32.716,5.4526,72,3.4.0
21489,Rb2PbO3,0.197764,0.063972,0.722388,0.9021,0.0207,37.626,6.271,36,3.4.0
4030,Rb2Pt3S4,0.356479,0.095833,1.471886,0.2497,-0.3273,6.7,1.1167,27,3.4.0
7929,Rb2PtS2,1.070619,0.068863,13.167449,0.7669,-0.0642,6.129,1.0214,15,3.4.0
3372,Rb2SO4,1.036908,0.134018,7.063277,0.8838,0.221,2.908,0.4846,84,3.4.0
4618,Rb2SeO4,0.584284,0.150351,3.085987,1.0598,0.2401,3.033,0.5055,84,3.4.0
2095,Rb2Te3,0.278379,0.096208,1.013398,0.3798,-0.8376,0.0,0.0,60,3.4.0
756156,Rb2ZrO3,0.22243,0.039227,1.100969,0.893,-0.0323,0.0,0.0,36,3.4.0
849527,Rb3InO3,0.284585,0.132353,0.838969,1.245,0.2045,0.0,0.0,84,3.4.0
3719,Rb3NbS4,0.526037,0.188417,1.828332,1.4012,0.2325,6.391,1.0652,96,3.4.0
558170,Rb3PO4,0.348542,0.129576,1.109422,1.0906,0.2708,0.0,0.0,96,3.4.0
17220,Rb3TaS4,0.557151,0.191812,1.874739,1.3756,0.1834,6.496,1.0827,96,3.4.0
769294,Rb8SnO6,0.320967,0.133057,1.148071,1.6648,0.148,0.0,0.0,90,3.4.0
3419,RbAuF4,0.534065,0.139173,4.174761,0.9286,-0.1961,10.138,1.6896,36,3.4.0
3032,RbBF4,0.600584,0.084714,2.883238,0.8621,-0.0442,5.951,0.9919,72,3.4.0
3654,RbCaF3,0.174551,0.030126,1.094493,0.7166,-0.1575,5.847,0.9746,15,3.4.0
23949,RbCaH3,0.149746,0.022449,1.077164,0.9134,-0.2315,5.94,0.99,15,3.4.0
569764,RbCu2I3,0.459845,0.174038,1.752782,0.4522,-0.5166,0.0,0.0,72,3.4.0
10985,RbCu3S2,0.350658,0.10654,1.62832,0.5834,-0.2303,-3.826,-0.6376,36,3.4.0
7477,RbErO2,0.164815,0.056084,1.274333,0.3167,-0.5694,11.656,1.9427,12,3.4.0
1888,RbGe,4.047395,0.215359,35.452558,1.2505,0.1396,6.274,1.0457,192,3.4.0
697144,RbH2N,0.652094,0.054528,5.070961,1.4623,0.3743,0.0,0.0,24,3.4.0
6300,RbHgSbSe3,0.42655,0.179164,1.401598,0.4824,-0.3235,1.745,0.2909,72,3.4.0
743,RbN3,1.880059,0.086845,21.852013,1.7044,0.5591,4.138,0.6896,24,3.4.0
555018,RbNa2AuO2,0.197416,0.082256,0.657091,1.2432,-0.1699,13.347,2.2246,36,3.4.0
10834,RbNd2CuS4,0.29021,0.093304,1.175845,0.262,-0.4104,-5.345,-0.8908,48,3.4.0
5808,RbNdTe2,0.268062,0.099304,1.369467,-0.0725,-1.5251,7.062,1.177,12,3.4.0
4135,RbPO3,0.171101,0.056661,0.567065,0.8408,-0.1924,4.29,0.715,60,3.4.0
4035,RbReO4,0.44,0.160133,2.018886,1.0131,0.0176,2.762,0.4603,36,3.4.0
3404,RbSO3,0.754621,0.096746,3.888253,0.9207,-0.1323,2.503,0.4172,90,3.4.0
4721,RbSb3Se5,0.466424,0.172788,1.31231,0.469,-0.5401,0.0,0.0,108,3.4.0
7650,RbScO2,0.122567,0.040295,0.657612,0.2193,-0.597,5.171,0.8618,24,3.4.0
8145,RbScO2,0.144961,0.04123,1.14228,0.2422,-0.8501,1.255,0.2092,12,3.4.0
1074,RbSi,4.670968,0.18964,39.587572,1.2472,0.3579,5.938,0.9896,192,3.4.0
3033,RbTaO3,0.197543,0.048202,0.694272,0.8227,-0.5969,-45.605,-7.6008,60,3.4.0
652046,Re3S4Br,0.881102,0.128608,3.510001,-0.1573,-1.4382,0.0,0.0,96,3.4.0
190,ReO3,0.044514,0.005975,0.180485,0.2152,-0.8602,-3.356,-0.5594,12,3.4.0
1716,Rh2O3,0.184087,0.057118,0.575968,-0.3391,-0.9321,0.0,0.0,60,3.4.0
542734,Rh2O3,0.171564,0.053008,0.768731,-0.3932,-1.1702,0.0,0.0,30,3.4.0
2068,RhF3,0.142069,0.042041,0.668472,0.1066,-0.8581,3.046,0.5076,24,3.4.0
2030,RuS2,0.571742,0.048421,11.351887,-0.509,-1.456,-32.07,-5.3451,36,3.4.0
1247,Sb2Ir,0.283387,0.08886,0.880624,-0.2334,-1.0672,3.517,0.5862,36,3.4.0
1999,Sb2O3,0.248989,0.070701,1.361731,0.665,-0.7058,9.367,1.5611,60,3.4.0
2136,Sb2O3,0.129668,0.057013,0.355002,0.4022,-0.5756,-4.753,-0.7921,60,3.4.0
1705,Sb2O5,0.138666,0.062497,0.45489,0.5385,-0.4957,5.104,0.8507,42,3.4.0
2809,Sb2S3,0.203247,0.080788,0.599794,0.0312,-0.7695,4.725,0.7875,60,3.4.0
2160,Sb2Se3,0.306082,0.117172,1.037136,0.0668,-0.9569,5.058,0.843,60,3.4.0
759707,Sb4O5F2,0.24563,0.102071,0.749605,0.5226,-0.6457,0.0,0.0,132,3.4.0
768372,SbBrO,0.365538,0.120052,1.160108,1.1637,-0.0685,0.0,0.0,108,3.4.0
1880,SbF3,0.169344,0.068575,0.669496,0.8,-0.3374,9.936,1.656,24,3.4.0
8630,SbIrS,0.619331,0.08106,5.91201,0.1712,-0.6513,0.0,0.0,36,3.4.0
1819,SbO2,0.123839,0.062099,0.40047,0.4799,-0.5448,0.0,0.0,36,3.4.0
230,SbO2,0.154465,0.074743,0.455819,0.5187,-0.4901,0.0,0.0,72,3.4.0
3439,SbPO4,0.125523,0.052146,0.379896,0.6896,-0.3646,4.403,0.7338,36,3.4.0
3930,Sc2MnS4,0.361742,0.071388,2.645743,0.3029,-0.7707,6.755,1.1259,42,3.4.0
216,Sc2O3,0.207657,0.054376,1.455331,0.2339,-0.8854,0.0,0.0,120,3.4.0
401,Sc2S3,0.183794,0.068492,0.545261,-0.2345,-1.1121,0.0,0.0,60,3.4.0
11022,ScAgO2,0.194209,0.03003,1.157449,0.0545,-0.7118,5.285,0.8808,24,3.4.0
973185,ScAgO2,0.21329,0.031422,1.122968,0.0913,-0.9265,0.88,0.1466,12,3.4.0
4471,ScAlO3,0.097488,0.054307,0.264628,0.0148,-0.8182,-0.523,-0.0872,60,3.4.0
3642,ScCuO2,0.113398,0.032772,0.40754,0.2749,-0.723,4.962,0.8269,24,3.4.0
4636,ScCuO2,0.12731,0.033287,0.68645,0.2988,-0.9314,-2.122,-0.3536,12,3.4.0
4661,ScOF,0.084943,0.045655,0.240645,0.4332,-0.6228,2.053,0.3421,36,3.4.0
4662,ScOF,0.08497,0.045654,0.240948,0.4333,-0.6229,7.414,1.2357,36,3.4.0
4200,ScPO4,0.164434,0.041378,1.334106,0.7966,-0.1181,6.311,1.0518,36,3.4.0
726,SeO2,0.160918,0.047479,0.629767,0.7611,-0.5032,-9.387,-1.5645,72,3.4.0
147,Se,0.321158,0.097652,3.78793,0.1928,-0.7418,7.548,1.258,18,3.4.0
28712,Si2Hg6O7,0.257495,0.09249,0.918162,1.0539,-0.1606,14.286,2.381,45,3.4.0
4497,Si2N2O,0.086906,0.03274,0.370352,0.1871,-0.5746,0.317,0.0528,30,3.4.0
17123,Si2Os,0.185274,0.064609,0.772039,-0.1524,-0.8823,0.0,0.0,72,3.4.0
569815,Si2Ru,0.168141,0.057268,0.637078,-0.1618,-1.109,0.0,0.0,72,3.4.0
2245,Si3N4,0.135646,0.045217,0.497322,0.0181,-0.6996,0.0,0.0,84,3.4.0
988,Si3N4,0.102697,0.028651,0.450735,0.0354,-0.7549,1.076,0.1793,42,3.4.0
2084,Si5Ir3,0.329754,0.119579,0.919665,0.117,-0.5956,0.0,0.0,192,3.4.0
3273,Si5P6O25,0.1687,0.068229,0.743023,0.5869,-0.622,11.608,1.9347,108,3.4.0
1863,SiAs,0.522759,0.080569,3.238343,0.1777,-0.7826,0.0,0.0,36,3.4.0
7140,SiC,0.083335,0.022894,0.324698,-0.2788,-0.885,1.701,0.2836,12,3.4.0
8062,SiC,0.089903,0.02095,0.36323,-0.2945,-1.0499,3.093,0.5155,6,3.4.0
1818,SiF4,0.530773,0.1112,4.253411,0.7926,-0.2389,7.079,1.1799,15,3.4.0
978534,SiGe,0.139213,0.045808,0.684595,-0.1826,-0.5906,1.986,0.331,12,3.4.0
10851,SiO2,0.108772,0.029839,0.456755,0.5102,-0.8476,3.946,0.6577,27,3.4.0
11684,SiO2,0.122156,0.024284,0.460278,0.4655,-0.6984,1.889,0.3148,72,3.4.0
12787,SiO2,0.152218,0.038581,0.951883,0.4649,-0.6817,1.036,0.1727,54,3.4.0
15078,SiO2,0.463218,0.040598,6.637333,0.5035,-0.9549,4.64,0.7733,162,3.4.0
16964,SiO2,0.159317,0.048588,0.683324,0.5044,-0.9204,1.339,0.2232,108,3.4.0
17909,SiO2,0.264984,0.055612,2.776493,0.4777,-0.7362,4.404,0.7339,108,3.4.0
546546,SiO2,0.149392,0.033749,0.915526,0.4139,-0.7732,2.072,0.3454,27,3.4.0
553993,SiO2,0.453723,0.066447,5.052308,0.4369,-0.6855,6.75,1.125,144,3.4.0
555740,SiO2,0.166049,0.051673,1.500475,0.4854,-0.6368,1.984,0.3307,72,3.4.0
6922,SiO2,0.108707,0.029801,0.455819,0.5102,-0.8485,3.353,0.5588,27,3.4.0
6945,SiO2,0.152364,0.030789,0.929987,0.4993,-0.7624,2.884,0.4807,36,3.4.0
7000,SiO2,0.127988,0.044867,0.515171,0.4689,-0.5966,3.24,0.54,27,3.4.0
7029,SiO2,0.152788,0.030836,0.936631,0.4985,-0.7633,3.954,0.659,36,3.4.0
7087,SiO2,0.195388,0.014078,1.415487,0.5795,-0.7379,3.348,0.558,36,3.4.0
8059,SiO2,0.151778,0.035583,0.952874,0.5533,-0.536,4.716,0.7859,72,3.4.0
8352,SiO2,0.24877,0.009242,1.9446,0.5844,-0.7525,3.581,0.5968,18,3.4.0
2488,SiOs,0.205116,0.078659,1.118189,0.3933,-0.8731,4.41,0.7349,24,3.4.0
4769,SiP2O7,0.105184,0.033578,0.301223,0.6073,-0.7258,29.488,4.9147,120,3.4.0
2798,SiP,0.455691,0.057836,2.855398,-0.1562,-1.1157,3.461,0.5768,72,3.4.0
149,Si,0.141277,0.028445,1.593296,-0.3255,-0.8579,3.443,0.5739,6,3.4.0
165,Si,0.149253,0.030352,1.051121,-0.3151,-0.7463,0.0,0.0,12,3.4.0
1745,Sm2O3,0.149986,0.059762,0.607978,0.2206,-0.8604,42.389,7.0648,45,3.4.0
218,Sm2O3,0.231152,0.075551,1.318135,0.1636,-0.6554,0.0,0.0,120,3.4.0
1403,Sm2S3,0.221479,0.095217,0.643845,-0.0449,-0.7367,0.0,0.0,60,3.4.0
5598,Sm2SO2,0.161518,0.059104,0.56453,0.3263,-0.5343,-0.871,-0.1451,15,3.4.0
2883,Sm2Sn2O7,0.190326,0.065976,1.181314,0.4395,-0.5292,8.569,1.4281,66,3.4.0
3073,Sm2Te4O11,0.217324,0.075201,0.747655,0.7623,-0.4512,-12.626,-2.1044,102,3.4.0
3335,Sm2Ti2O7,0.123554,0.031629,0.761451,0.3662,-1.1642,-0.119,-0.0199,66,3.4.0
4408,Sm2Zr2O7,0.153663,0.052515,0.80815,0.5412,-0.6353,6.986,1.1643,66,3.4.0
21604,Sm3InS6,0.291465,0.107975,0.973611,0.1168,-0.7196,-12.8,-2.1333,120,3.4.0
3154,Sm3Sb5O12,0.397874,0.104043,3.724733,0.5619,-0.3911,7.462,1.2436,120,3.4.0
754217,SmIO,0.188799,0.044689,1.215574,0.7849,0.0193,3.982,0.6637,18,3.4.0
3831,SmPO4,0.186085,0.077676,0.580112,0.7164,-0.1977,4.753,0.7922,72,3.4.0
3897,SmPS4,0.649511,0.149228,5.862451,0.8825,-0.2413,14.223,2.3704,144,3.4.0
3317,SmRhO3,0.158006,0.066835,0.565668,0.0697,-0.6141,10.863,1.8106,60,3.4.0
3756,SmTaO4,0.114472,0.053438,0.355551,0.5876,-0.3923,6.156,1.026,36,3.4.0
1509,Sn2S3,0.240915,0.107669,0.646316,-0.2262,-0.9428,2.98,0.4967,60,3.4.0
1443,Sn3F8,0.245152,0.092931,0.776153,0.7621,-0.4912,0.0,0.0,66,3.4.0
2843,SnF2,0.224238,0.094636,0.662296,0.7231,-0.5638,0.0,0.0,72,3.4.0
2706,SnF4,0.349427,0.048927,5.006793,0.9073,-0.2677,3.779,0.6299,15,3.4.0
571146,SnICl,0.297163,0.13036,0.961855,0.5455,-0.4002,6.588,1.098,36,3.4.0
856,SnO2,0.0853,0.040322,0.339567,0.2611,-0.4836,4.413,0.7356,18,3.4.0
2097,SnO,0.086398,0.022099,0.475024,0.2876,-0.7151,5.444,0.9073,12,3.4.0
4252,SnPS3,0.365814,0.125774,1.309854,0.9542,-0.3125,-6.208,-1.0347,60,3.4.0
2231,SnS,0.159248,0.079135,0.440538,0.058,-0.4403,0.0,0.0,24,3.4.0
665,SnSe2,0.163308,0.067122,0.723624,-0.3453,-1.5643,8.168,1.3613,9,3.4.0
691,SnSe,0.189965,0.103938,0.5048,-0.0145,-0.5924,11.152,1.8587,24,3.4.0
11919,Sr(BeN)2,0.214553,0.026836,2.903835,0.2645,-0.5398,0.0,0.0,30,3.4.0
4157,Sr(NO3)2,1.869154,0.104895,17.045324,0.7344,0.0669,4.515,0.7525,108,3.4.0
3765,Sr(PO3)2,0.256843,0.083703,0.816813,0.722,-0.4902,14.415,2.4025,216,3.4.0
4578,Sr2GeS4,0.234204,0.052392,0.733386,0.7599,-0.5262,4.409,0.7348,42,3.4.0
14283,Sr2InF7,0.226465,0.091982,0.644428,0.2263,-0.9945,0.0,0.0,120,3.4.0
10556,Sr2LiReN4,0.17849,0.077068,0.558463,1.0285,-0.1488,21.666,3.611,48,3.4.0
3870,Sr2Nb2O7,0.175521,0.027656,1.107574,0.8464,-0.5769,0.0,0.0,66,3.4.0
20222,Sr2NbInO6,0.140802,0.070772,0.397117,0.8478,-0.1939,6.424,1.0707,60,3.4.0
4103,Sr2Sb2O7,0.236867,0.07244,2.107742,0.5668,-0.4599,0.0,0.0,66,3.4.0
18510,Sr2SiO4,0.221415,0.088494,0.74351,0.9637,0.045,0.0,0.0,84,3.4.0
3376,Sr2SnO4,0.234057,0.029609,2.745,1.084,-0.2087,11.092,1.8486,21,3.4.0
4287,Sr2SnO4,0.196035,0.056941,1.380723,0.956,-0.1689,-15.957,-2.6595,84,3.4.0
17057,Sr2SnSe3F2,0.26484,0.101067,0.828696,0.2083,-0.6754,0.0,0.0,96,3.4.0
770419,Sr2Zr7O16,0.140835,0.037254,0.733355,0.4417,-0.7893,0.0,0.0,75,3.4.0
4632,Sr3(PO4)2,0.445777,0.058717,2.140977,0.8236,-0.0604,0.0,0.0,39,3.4.0
558642,Sr3Bi(ClO)3,0.303474,0.132887,0.991412,1.286,-0.0771,0.934,0.1557,120,3.4.0
17149,Sr3ErRhO6,0.213612,0.081069,1.083642,0.3894,-0.3553,8.411,1.4018,66,3.4.0
1853,Sr3P14,0.863427,0.148648,3.031856,0.1666,-0.5233,-5.977,-0.9962,102,3.4.0
3349,Sr3Ti2O7,0.430738,0.033033,5.583909,0.8633,-0.3116,0.0,0.0,36,3.4.0
3956,Sr3UO6,0.19587,0.071947,0.721921,0.7931,-0.3486,4.938,0.823,60,3.4.0
8877,Sr4Al6SO12,0.304216,0.058686,3.263178,0.5989,-0.5595,4.435,0.7391,69,3.4.0
4598,Sr4PtO6,0.205954,0.089253,1.106747,0.3951,-0.4276,8.221,1.3701,66,3.4.0
3094,SrAl2O4,0.176737,0.083357,0.561119,0.4146,-0.4719,4.366,0.7276,84,3.4.0
3788,SrAl4O7,0.119947,0.059251,0.399134,0.3614,-0.5529,0.0,0.0,72,3.4.0
2630,SrC2,0.252798,0.025076,2.198254,2.2872,0.7916,4.008,0.668,9,3.4.0
3822,SrCO3,0.260453,0.063013,1.019546,0.9607,0.2143,4.773,0.7955,60,3.4.0
21228,SrCuSeF,0.202591,0.074666,0.950125,0.485,-0.4687,0.147,0.0245,24,3.4.0
981,SrF2,0.095399,0.048157,0.425863,-0.1792,-1.3531,13.491,2.2485,9,3.4.0
1244,SrGe2,0.593568,0.14706,2.085625,0.7672,-0.2428,0.0,0.0,72,3.4.0
3378,SrHfO3,0.10578,0.057096,0.302495,0.9342,-0.0869,7.814,1.3023,60,3.4.0
3721,SrHfO3,0.13108,0.029823,1.15146,0.9716,-0.2182,7.863,1.3106,30,3.4.0
4551,SrHfO3,0.073433,0.022941,0.294911,0.9885,-0.3822,4.315,0.7191,15,3.4.0
4673,SrHfO3,0.098913,0.038503,0.348221,0.9028,-0.3995,8.408,1.4014,60,3.4.0
540688,SrIn2O4,0.156026,0.075581,0.43656,0.2233,-0.4991,4.465,0.7442,84,3.4.0
7756,SrLiSb,0.29353,0.106917,0.949568,0.7797,0.225,0.0,0.0,36,3.4.0
2131,SrN6,0.404923,0.076091,2.296624,1.563,0.4575,0.129,0.0216,42,3.4.0
4591,SrNb2O6,0.1468,0.036548,0.423093,0.7864,-0.4527,1.675,0.2792,108,3.4.0
2697,SrO2,0.305339,0.037823,2.558527,1.962,0.3917,2.319,0.3865,9,3.4.0
2472,SrO,0.074824,0.041866,0.258539,0.4804,-0.6642,5.309,0.8849,6,3.4.0
12622,SrPdF4,0.271519,0.08219,2.679866,0.7162,-0.4376,4.932,0.8221,36,3.4.0
1950,SrS2,0.229172,0.063342,1.844914,1.5748,-0.0452,5.098,0.8496,18,3.4.0
1175,SrS3,0.348053,0.071051,1.367993,1.0368,-0.4085,7.406,1.2344,24,3.4.0
1087,SrS,0.145884,0.056525,0.88144,-0.105,-1.1181,4.858,0.8096,6,3.4.0
770771,SrSc2O4,0.137516,0.059064,0.428764,0.2161,-0.7498,0.0,0.0,84,3.4.0
3395,SrSeO3,0.146529,0.065851,0.415985,0.8886,-0.0883,5.684,0.9474,30,3.4.0
4092,SrSeO4,0.241816,0.099752,0.736259,0.8517,-0.0079,3.926,0.6543,72,3.4.0
2758,SrSe,0.128369,0.055968,0.483493,-0.3668,-1.6641,4.795,0.7992,6,3.4.0
4549,SrSiN2,0.111715,0.048251,0.344814,0.5285,-0.4354,0.249,0.0415,48,3.4.0
3978,SrSiO3,0.294032,0.089259,1.587886,0.8245,-0.0959,0.0,0.0,90,3.4.0
2879,SrSnO3,0.119398,0.053759,0.347531,0.7852,-0.1964,8.358,1.393,60,3.4.0
3252,SrTe3O8,0.157055,0.05173,0.523832,0.2579,-1.1536,0.0,0.0,72,3.4.0
4274,SrTeO4,0.208617,0.083594,0.674117,0.4109,-0.5599,5.219,0.8699,72,3.4.0
1958,SrTe,0.117566,0.061357,0.446827,-0.2719,-1.3728,4.922,0.8203,6,3.4.0
4651,SrTiO3,0.089422,0.023363,0.624332,0.8057,-0.3497,2.072,0.3453,30,3.4.0
3446,SrTm2O4,0.163919,0.080061,0.462275,0.3225,-0.4507,0.0,0.0,84,3.4.0
3311,SrUO4,0.133105,0.055672,0.389259,1.0146,-0.2706,17.278,2.8797,72,3.4.0
558616,SrZnP2O7,0.274083,0.108164,0.833091,0.7415,-0.2531,27.242,4.5404,132,3.4.0
3626,SrZrO3,0.093966,0.028267,0.334464,0.8009,-0.6246,8.896,1.4827,60,3.4.0
4387,SrZrO3,0.111803,0.061706,0.318946,0.8788,-0.2122,6.826,1.1377,60,3.4.0
10390,Ta2O5,0.120523,0.04128,0.390677,0.8419,-0.56,21.561,3.5935,42,3.4.0
4425,Ta2Pt3Se8,0.486781,0.103089,1.899176,-0.3217,-1.1641,0.0,0.0,78,3.4.0
4624,TaBO4,0.154982,0.044503,1.482217,0.2774,-0.7203,-6.638,-1.1064,36,3.4.0
4081,TaCu3Se4,0.604329,0.120641,3.014734,0.0716,-1.0287,-1.622,-0.2704,24,3.4.0
3102,TaCuS3,0.338665,0.068689,1.213645,-0.0427,-0.8642,0.0,0.0,60,3.4.0
4165,TaNO,0.08264,0.048031,0.221924,0.2087,-0.5682,3.045,0.5075,36,3.4.0
510,TaO2,0.224094,0.065902,1.129332,0.4275,-0.9627,8.11,1.3517,144,3.4.0
1056,Tb2O3,0.249035,0.078175,1.846839,0.1398,-0.6385,7.492,1.2487,120,3.4.0
2457,Tb2O3,0.154282,0.067574,0.656448,0.211,-0.6816,0.0,0.0,45,3.4.0
4602,Tb2Ti2O7,0.122174,0.032958,0.628829,0.3919,-1.0981,0.923,0.1538,66,3.4.0
20606,Tb3In5S12,0.30405,0.123123,0.940961,0.0015,-0.7748,0.0,0.0,120,3.4.0
3551,TbAgTe2,0.366931,0.129611,1.94925,0.027,-0.6755,3.913,0.6521,24,3.4.0
4434,TbAlO3,0.105795,0.0568,0.305522,-0.0875,-0.9612,-1.052,-0.1754,60,3.4.0
3248,TbAsO4,0.229874,0.057998,1.801438,0.7989,-0.224,4.07,0.6784,36,3.4.0
11347,TbF3,0.138352,0.07603,0.364762,0.2057,-0.7647,15.628,2.6047,48,3.4.0
4340,TbPO4,0.264277,0.055701,2.431566,0.7129,-0.2942,5.108,0.8514,36,3.4.0
4672,TbPS4,0.540132,0.150861,3.86328,0.8918,-0.2104,14.791,2.4652,144,3.4.0
10782,TbRbSe2,0.300767,0.091607,1.477785,-0.123,-1.4281,14.792,2.4653,12,3.4.0
569507,TbTlSe2,0.450488,0.1023,2.316428,-0.0916,-0.8013,2.182,0.3636,12,3.4.0
602,Te2Mo,0.25914,0.075718,1.188822,0.1413,-1.0196,6.082,1.0136,18,3.4.0
554952,Te2Pb3(ClO3)2,0.512618,0.085272,4.143366,1.0585,-0.05,-4.467,-0.7445,78,3.4.0
484,Te3As2,0.317623,0.095145,1.254911,0.2112,-1.1268,0.0,0.0,30,3.4.0
1875,TeF6,1.003793,0.209934,4.599144,0.4773,-0.7016,5.52,0.92,84,3.4.0
2125,TeO2,0.154624,0.054966,0.506838,0.5242,-0.7108,11.47,1.9117,72,3.4.0
2739,TeO2,0.115869,0.064608,0.331648,0.7742,-0.4307,10.966,1.8276,36,3.4.0
557,TeO2,0.115876,0.064617,0.331558,0.7744,-0.4307,-9.201,-1.5335,36,3.4.0
2552,TeO3,0.107017,0.041243,0.462561,0.527,-0.5338,6.099,1.0165,24,3.4.0
1666,Th2S5,0.235276,0.097208,0.716818,-0.0246,-0.8397,0.0,0.0,84,3.4.0
2392,Th2Se5,0.213614,0.007462,0.813943,0.1176,-1.0316,14.595,2.4324,84,3.4.0
7768,Th2SeN2,0.174157,0.058959,0.679564,0.6345,-0.0745,-0.458,-0.0764,15,3.4.0
467,Th3N4,0.264781,0.050199,3.247005,0.4374,-0.5781,9.195,1.5325,21,3.4.0
27697,ThI4,0.449628,0.159538,1.432479,-0.0022,-1.1521,0.0,0.0,60,3.4.0
643,ThO2,0.074715,0.032087,0.30152,0.0466,-0.8508,9.966,1.661,9,3.4.0
1146,ThS2,0.186417,0.091488,0.504035,-0.0901,-0.8145,4.803,0.8004,36,3.4.0
5836,ThSiO4,0.172597,0.051875,1.18807,0.6796,-0.4489,5.406,0.9009,36,3.4.0
7651,ThSiO4,0.152088,0.070218,0.485591,0.6802,-0.3556,0.986,0.1644,72,3.4.0
4733,ThTi2O6,0.117255,0.04228,0.374532,0.2699,-0.8735,12.013,2.0022,54,3.4.0
504427,Ti3PbO7,0.119894,0.052069,0.400581,0.6138,-0.8137,-1.592,-0.2654,66,3.4.0
866154,TiBeIr2,0.239071,0.061089,1.128455,0.0983,-0.6643,23.228,3.8713,12,3.4.0
924130,TiNiSn,0.219265,0.068456,0.869958,-0.623,-1.4685,2.375,0.3958,9,3.4.0
1439,TiO2,0.078921,0.046424,0.203591,0.6093,-0.5784,8.928,1.488,36,3.4.0
1840,TiO2,0.10129,0.049274,0.294241,0.6449,-0.4799,-2.996,-0.4994,72,3.4.0
2657,TiO2,0.061454,0.026889,0.241496,0.3894,-1.0459,0.0,0.0,18,3.4.0
390,TiO2,0.127563,0.030666,1.235084,0.5328,-0.7669,0.0,0.0,18,3.4.0
775938,TiO2,0.100143,0.029098,0.28144,0.4509,-1.1591,0.0,0.0,108,3.4.0
753048,TiSnO4,0.139067,0.053553,0.53464,0.3283,-0.7468,18.711,3.1185,54,3.4.0
17986,TiTl2O3,0.216551,0.061414,0.839031,0.8948,-0.2712,5.922,0.987,72,3.4.0
667,Tl2S,0.401881,0.120603,1.69046,0.6779,-0.0211,0.0,0.0,81,3.4.0
543028,Tl2TeO3,0.371297,0.155476,1.207183,1.1693,0.0156,0.0,0.0,144,3.4.0
4584,Tl3BO3,0.37966,0.084345,1.699246,1.2863,0.0658,5.281,0.8802,42,3.4.0
4160,Tl3PSe4,0.73376,0.300379,2.659946,1.6545,0.2041,8.402,1.4004,96,3.4.0
23380,Tl3PbI5,0.800484,0.339371,2.1538,0.3059,-0.5969,0.0,0.0,108,3.4.0
4762,TlAg3S2,0.294772,0.149328,0.857873,0.7451,-0.2608,-2.201,-0.3668,72,3.4.0
29238,TlAgSe,0.36925,0.165269,1.112138,0.6613,-0.0551,0.0,0.0,36,3.4.0
5874,TlAgTe,0.358906,0.178049,0.982921,0.6416,-0.0713,4.825,0.8042,36,3.4.0
28442,TlAs5S8,0.55085,0.238563,1.785448,0.3629,-0.5591,0.0,0.0,168,3.4.0
28809,TlBS3,0.345653,0.098821,1.094895,0.6319,-0.4526,4.96,0.8267,60,3.4.0
2632,TlF3,0.134381,0.075148,0.370982,0.385,-0.6798,0.0,0.0,48,3.4.0
2175,TlF,0.103614,0.022586,0.385435,1.014,-0.1174,2.192,0.3653,6,3.4.0
720,TlF,0.177894,0.064971,0.574434,0.3901,-0.4282,0.0,0.0,24,3.4.0
3785,TlGaTe2,0.5037,0.11045,3.288269,0.6971,-0.1651,13.969,2.3282,24,3.4.0
3075,TlGeS2,0.360661,0.151716,1.056108,0.6579,-0.3662,6.079,1.0132,96,3.4.0
870,TlN3,1.418714,0.059451,17.796593,1.6632,0.3592,4.234,0.7056,24,3.4.0
541487,TlPt2Se3,0.374419,0.127397,1.383284,-0.204,-0.8667,7.07,1.1783,36,3.4.0
3267,TlSb5S8,0.552062,0.211494,1.592263,0.2658,-0.6814,0.0,0.0,168,3.4.0
39,Tl,0.039364,0.014244,0.251279,0.6857,-0.6508,6.716,1.1194,3,3.4.0
4324,Tm2CdS4,0.277732,0.084329,1.23325,-0.0953,-0.8851,-8.241,-1.3735,42,3.4.0
1767,Tm2O3,0.236782,0.079335,1.495355,0.1107,-0.622,0.0,0.0,120,3.4.0
2309,Tm2S3,0.267014,0.110521,0.793002,-0.0799,-0.7473,28.359,4.7266,60,3.4.0
3556,Tm2SO2,0.149942,0.061535,0.507087,0.319,-0.4776,-1.538,-0.2564,15,3.4.0
3334,Tm2Sn2O7,0.159058,0.067462,0.798897,0.4963,-0.502,12.476,2.0794,66,3.4.0
558534,Tm3B5O12,0.186833,0.074225,0.61827,0.1926,-0.8807,7.891,1.3152,240,3.4.0
640324,TmCuPbSe3,0.405748,0.141475,1.323317,-0.0982,-0.7733,1.914,0.319,72,3.4.0
2275,UF6,0.532694,0.18823,2.166704,0.7774,-0.4173,5.72,0.9534,84,3.4.0
1776,UN2,0.064764,0.017702,0.661702,0.1194,-0.6726,8.07,1.345,9,3.4.0
375,UO3,0.074317,0.017626,0.525645,1.7528,-0.11,4.975,0.8292,12,3.4.0
3516,UTeO5,0.133091,0.049249,0.39614,0.8585,-0.4036,5.259,0.8765,84,3.4.0
3762,VCu3S4,0.547794,0.096769,2.744705,0.1602,-0.8678,0.0,0.0,24,3.4.0
224,WS2,0.28992,0.051636,1.628043,-0.6927,-1.5154,3.788,0.6313,18,3.4.0
1821,WSe2,0.32278,0.064067,1.850176,-0.5525,-1.6857,5.919,0.9865,18,3.4.0
753917,Y2HfO5,0.124384,0.049603,0.386671,0.3793,-0.705,17.243,2.8738,48,3.4.0
755537,Y2HfO5,0.105477,0.04919,0.38888,0.4816,-0.5912,4.646,0.7744,48,3.4.0
2652,Y2O3,0.239321,0.065493,1.772465,0.1784,-0.7712,0.0,0.0,120,3.4.0
541289,Y2S3,0.259408,0.095055,0.802955,-0.1336,-1.0178,0.0,0.0,90,3.4.0
17404,Y2Si2O7,0.189541,0.086928,0.535416,0.7775,-0.1937,0.0,0.0,132,3.4.0
3520,Y2SiO5,0.195749,0.080873,0.634999,0.8672,-0.3645,0.0,0.0,96,3.4.0
3370,Y2Sn2O7,0.163487,0.0619,0.74298,0.5498,-0.3929,5.405,0.9008,66,3.4.0
3050,Y3Al5O12,0.255389,0.077633,2.017532,0.3797,-0.6652,10.338,1.723,240,3.4.0
5409,Y4Al2O9,0.195,0.085844,0.546965,0.7637,-0.4905,0.0,0.0,180,3.4.0
30250,YAgO2,0.127707,0.039126,0.460893,0.2274,-0.6203,2.87,0.4784,24,3.4.0
3792,YAlO3,0.100179,0.055837,0.279466,-0.0008,-0.8569,4.438,0.7396,60,3.4.0
2918,YCuO2,0.133169,0.044894,0.543508,0.5344,-0.4532,4.011,0.6685,24,3.4.0
10533,YCuS2,0.254618,0.091772,0.816857,0.0942,-0.4893,-0.364,-0.0607,48,3.4.0
2416,YF3,0.134649,0.068136,0.360969,0.2435,-0.7603,11.708,1.9513,48,3.4.0
3637,YOF,0.224103,0.051025,4.568179,0.3062,-0.917,0.0,0.0,18,3.4.0
23220,YbCl2,0.240243,0.119374,0.674361,0.0678,-0.6741,5.089,0.8482,72,3.4.0
570418,YbI2,0.458286,0.126114,2.050571,-0.3779,-1.2299,9.949,1.6581,9,3.4.0
1216,YbO,0.088186,0.042803,0.385717,0.3144,-0.3728,5.165,0.8608,6,3.4.0
1820,YbS,0.142809,0.078469,0.461811,0.0044,-0.5763,4.669,0.7782,6,3.4.0
286,YbSe,0.237418,0.07665,1.532158,-0.2399,-1.1223,4.558,0.7596,6,3.4.0
1779,YbTe,0.157544,0.07255,0.572623,-0.3856,-1.2684,3.504,0.584,6,3.4.0
3188,Zn(SbO3)2,0.165828,0.053032,0.733235,0.3157,-0.4828,0.0,0.0,54,3.4.0
3789,Zn2SiO4,0.296559,0.108956,1.15623,0.6189,-0.2989,7.412,1.2353,126,3.4.0
3502,Zn2Te3O8,0.185667,0.076723,0.577802,0.512,-0.6373,0.0,0.0,78,3.4.0
14921,Zn4B6SeO12,0.181968,0.04659,1.444575,0.1411,-0.6484,2.682,0.447,69,3.4.0
1873,ZnF2,0.088462,0.047507,0.344094,0.353,-0.5758,3.467,0.5779,18,3.4.0
2979,ZnGeN2,0.162703,0.061117,0.473336,0.1744,-0.3701,22.692,3.782,48,3.4.0
4524,ZnGeP2,0.339945,0.061469,2.717834,-0.1804,-0.6546,0.513,0.0856,24,3.4.0
1986,ZnO,0.111476,0.051727,0.996245,-0.072,-0.5451,3.525,0.5876,6,3.4.0
2133,ZnO,0.093304,0.053498,0.256506,-0.0752,-0.5544,2.754,0.459,12,3.4.0
1392,ZnP2,0.294105,0.085995,1.029411,0.0472,-0.5384,27.53,4.5883,72,3.4.0
2782,ZnP2,0.352994,0.08682,1.297812,0.092,-0.5431,13.008,2.168,72,3.4.0
3342,ZnPS3,0.346957,0.079989,1.548017,0.9081,-0.3886,-12.254,-2.0423,30,3.4.0
10281,ZnS,0.275194,0.064119,1.216471,-0.213,-0.62,1.402,0.2336,24,3.4.0
9946,ZnS,0.304265,0.063942,1.444105,-0.2222,-0.6763,0.766,0.1276,36,3.4.0
18373,ZnSe2O5,0.180532,0.092467,0.506956,0.8147,-0.2503,-21.054,-3.509,96,3.4.0
1190,ZnSe,0.365921,0.061939,3.805834,-0.3908,-0.8507,3.623,0.6038,6,3.4.0
380,ZnSe,0.270814,0.066371,1.348926,-0.3952,-0.7909,2.546,0.4244,12,3.4.0
3595,ZnSiAs2,0.365171,0.071011,2.676753,0.3435,-0.5004,6.307,1.0512,24,3.4.0
4763,ZnSiP2,0.285726,0.065493,1.983514,0.0218,-0.6747,1.081,0.1802,24,3.4.0
4175,ZnSnP2,0.400415,0.070985,3.147333,-0.1717,-0.6045,-6.73,-1.1217,24,3.4.0
2176,ZnTe,0.444568,0.075785,6.88271,-0.3436,-0.8073,4.86,0.8101,6,3.4.0
4325,Zr(SO4)2,0.208405,0.055083,0.670323,0.6437,-0.6145,0.0,0.0,132,3.4.0
277,Zr3N4,0.117118,0.059989,0.324744,0.2415,-0.5779,0.0,0.0,84,3.4.0
23162,ZrCl2,0.466075,0.04857,4.234249,-0.6571,-2.5446,6.29,1.0484,9,3.4.0
8042,ZrGeO4,0.12322,0.052551,0.661299,0.3949,-0.5504,6.161,1.0268,36,3.4.0
924129,ZrNiSn,0.21297,0.058048,1.26227,-0.5403,-1.6287,0.965,0.1608,9,3.4.0
2574,ZrO2,0.062987,0.031195,0.212139,0.2497,-0.5922,8.441,1.4069,18,3.4.0
2858,ZrO2,0.082382,0.045878,0.216531,0.3977,-0.6012,0.0,0.0,36,3.4.0
1186,ZrS2,0.22521,0.043611,0.972364,-0.5317,-1.2537,6.178,1.0297,9,3.4.0
756361,ZrSeO,0.384529,0.085173,3.669165,0.8139,-0.2586,4.089,0.6815,36,3.4.0
4820,ZrSiO4,0.143908,0.043769,1.049275,0.7815,-0.2018,2.246,0.3743,36,3.4.0
4759,ZrTe3O8,0.277866,0.073921,2.169473,0.6929,-0.8017,13.335,2.2225,144,3.4.0
