mp_id,material,sv2,sv2_per_mode,n_modes,n_masked_weighted,phonopy_version
4691,Ag2CO3,6175.3289,171.5369,36,0.002315,3.4.0
11641,Ag2SeO4,3253.7622,77.4705,42,0.0,3.4.0
4431,Ag3AsS3,1160.9885,27.6426,42,2.107639,3.4.0
4515,Ag3SbS3,1111.6339,26.4675,42,1.747685,3.4.0
5563,Ag5GeO4,3185.0363,26.542,120,0.0,3.4.0
4004,Ag5SbS4,1455.4077,24.2568,60,0.421296,3.4.0
570340,AgAuCl4,1167.9535,32.4432,36,0.00463,3.4.0
22894,AgI,442.9409,36.9117,12,0.0,3.4.0
3414,AgSbF6,3152.7651,32.8413,96,0.038194,3.4.0
3922,AgSbS2,1428.4186,29.7587,48,0.011574,3.4.0
625739,Al(HO)3,43114.993,256.6369,168,0.289352,3.4.0
4417,Al2(SO4)3,11943.0048,117.0883,102,0.0,3.4.0
3159,Al2CdSe4,914.1437,43.5307,21,0.0,3.4.0
3807,Al2CdSe4,4832.4501,115.0583,42,0.0,3.4.0
3038,Al2HgSe4,674.3057,32.1098,21,0.0,3.4.0
1143,Al2O3,16919.1912,563.973,30,0.0,3.4.0
2254,Al2O3,21303.0418,177.5253,120,0.037037,3.4.0
23995,Al2P3(HO3)3,11781.9829,115.5096,102,0.0,3.4.0
2654,Al2S3,6223.0463,69.145,90,0.0,3.4.0
4753,Al2SiO5,24930.9193,259.6971,96,0.0,3.4.0
2908,Al2ZnO4,14943.3252,355.7935,42,0.0,3.4.0
1591,Al4C3,11286.473,537.4511,21,0.0,3.4.0
3281,Al5BO9,17657.4797,196.1942,90,0.002315,3.4.0
2172,AlAs,1554.5158,259.086,6,0.0,3.4.0
3098,AlCuO2,20288.5743,845.3573,24,0.0,3.4.0
3748,AlCuO2,10079.3805,839.9484,12,0.0,3.4.0
8016,AlCuSe2,1530.3861,63.7661,24,0.0,3.4.0
1323,AlF3,40167.3316,209.2049,192,0.0,3.4.0
468,AlF3,18378.8083,765.7837,24,0.0,3.4.0
23933,AlH3,17520.5417,730.0226,24,0.0,3.4.0
1700,AlN,8218.9955,1369.8326,6,0.0,3.4.0
661,AlN,14774.7826,1231.2319,12,0.0,3.4.0
3955,AlPO4,8695.7961,161.0333,54,0.00463,3.4.0
4051,AlPO4,12491.2512,346.9792,36,0.06713,3.4.0
1550,AlP,3557.5363,592.9227,6,0.0,3.4.0
2624,AlSb,988.095,164.6825,6,0.0,3.4.0
3751,AlTlF4,14218.357,394.9544,36,0.086806,3.4.0
1581,As2O3,9740.7787,162.3463,60,0.0,3.4.0
1582,As2O3,9193.3666,153.2228,60,0.023148,3.4.0
2184,As2O3,5114.8996,85.2483,60,1.21875,3.4.0
2455,As2Os,3383.3235,187.9624,18,0.0,3.4.0
766,As2Ru,4193.3456,232.9636,18,0.0,3.4.0
909,As2Se3,1798.4881,29.9748,60,0.0,3.4.0
942,AuF3,3044.3622,42.2828,72,0.009259,3.4.0
306,B2O3,19153.3584,425.6302,45,0.002315,3.4.0
717,B2O3,27414.2573,913.8086,30,0.0,3.4.0
696746,B4C,27288.9252,606.4206,45,0.0,3.4.0
624,B6As,14303.9664,340.5706,42,0.0,3.4.0
1346,B6O,28157.6104,670.4193,42,0.0,3.4.0
3277,BAsO4,5621.9176,312.3288,18,0.0,3.4.0
4674,BNF8,3092.0073,25.7667,120,1.199074,3.4.0
984,BN,58190.1734,4849.1811,12,0.00463,3.4.0
3589,BPO4,13253.0588,736.281,18,0.0,3.4.0
1479,BP,7211.2746,1201.8791,6,0.0,3.4.0
160,B,18429.5495,511.9319,36,0.0,3.4.0
4255,Ba(CuS)2,2136.5416,142.4361,15,0.016204,3.4.0
4473,Ba(CuSe)2,2221.3333,37.0222,60,0.0,3.4.0
17928,Ba(ErTe2)2,2306.7753,27.4616,84,0.0,3.4.0
4396,Ba(NO3)2,3760.7722,34.822,108,0.0,3.4.0
2983,Ba(PN2)2,27073.5864,107.4349,252,0.0,3.4.0
4727,Ba(SbSe2)2,2448.0517,14.5717,168,0.398148,3.4.0
17501,Ba(ScTe2)2,3893.7041,46.3536,84,0.0,3.4.0
756725,Ba2CaI6,942.9745,17.4625,54,0.002315,3.4.0
16904,Ba2CdTe3,1944.2352,27.0033,72,0.0,3.4.0
21879,Ba2CePtO6,6373.6119,212.4537,30,0.0,3.4.0
555284,Ba2NdAlO5,5437.6821,100.6978,54,0.0,3.4.0
3359,Ba2SnO4,5222.0705,248.67,21,0.0,3.4.0
14552,Ba2SrUO6,5945.4611,99.091,60,0.0,3.4.0
3397,Ba2TiO4,5539.4954,65.9464,84,0.0,3.4.0
558629,Ba2ZnSi2O7,6631.5004,92.1042,72,0.0,3.4.0
3813,Ba2ZrS4,11362.1897,541.0567,21,0.912037,3.4.0
3857,Ba3(PO4)2,3763.2193,96.4928,39,0.001157,3.4.0
2911,Ba3(SnP2)2,3455.6212,31.9965,108,0.0,3.4.0
3361,Ba3Al2F12,7581.0207,37.1619,204,0.0,3.4.0
524,Ba3As14,1034.7636,10.1447,102,0.0,3.4.0
16978,Ba3MgSb2O9,11499.2309,127.7692,90,0.0,3.4.0
1195,Ba3P14,1497.8044,14.6844,102,0.0,3.4.0
755363,Ba3SiO,10118.4665,168.6411,60,0.0,3.4.0
9668,Ba3TiS5,2923.4105,54.1372,54,0.0,3.4.0
6795,Ba5Ho8Zn4O21,8198.3741,71.9156,114,0.0,3.4.0
3563,Ba5Nb4O15,8619.1011,119.7097,72,0.0,3.4.0
3828,BaAl2O4,22859.1367,544.2652,42,0.777778,3.4.0
4202,BaAl2O4,19661.5286,117.0329,168,0.24537,3.4.0
4376,BaAlF5,5350.9583,63.7019,84,0.0,3.4.0
28049,BaBrCl,1767.6931,49.1026,36,0.0,3.4.0
4559,BaCO3,1693.2684,112.8846,15,0.0,3.4.0
5504,BaCO3,6576.5006,109.6083,60,0.0,3.4.0
23199,BaCl2,2001.7375,55.6038,36,0.0,3.4.0
568662,BaCl2,1508.4649,167.6072,9,0.0,3.4.0
1029,BaF2,1832.8249,203.6472,9,0.0,3.4.0
4309,BaGa4S7,2469.2488,34.2951,72,0.0,3.4.0
2139,BaGe2,1517.9382,21.0825,72,0.0,3.4.0
3848,BaGe4O9,13067.0234,103.7065,126,0.172454,3.4.0
3915,BaHgO2,2612.686,217.7238,12,0.002315,3.4.0
752656,BaLa2O4,8584.12,102.1919,84,0.0,3.4.0
1707,BaN6,3311.7526,78.8513,42,0.023148,3.4.0
2892,BaNd2O4,9302.7029,110.7465,84,0.0,3.4.0
1105,BaO2,2193.9525,243.7725,9,0.0,3.4.0
1342,BaO,4210.2722,701.712,6,0.0,3.4.0
684,BaS2,1637.1442,90.9525,18,0.0,3.4.0
239,BaS3,1315.5126,54.813,24,0.0,3.4.0
3164,BaSO4,5783.5075,80.3265,72,0.0,3.4.0
1500,BaS,1006.7791,167.7965,6,0.0,3.4.0
3564,BaSc2O4,24451.1715,194.0569,126,3.005787,3.4.0
1253,BaSe,860.1956,143.3659,6,0.0,3.4.0
555387,BaSi2(BO4)2,23126.0541,148.2439,156,0.0,3.4.0
3031,BaSi2O5,19425.4505,202.3484,96,0.027778,3.4.0
1477,BaSi2,1841.9047,25.582,72,0.0,3.4.0
3777,BaSiN2,16750.8067,348.9751,48,0.0,3.4.0
1000,BaTe,993.4739,165.579,6,0.0,3.4.0
3943,BaTi2O5,29316.6307,407.1754,72,0.930556,3.4.0
3175,BaTi4O9,26496.9798,315.4402,84,0.00463,3.4.0
2998,BaTiO3,128846.7586,8589.7839,15,0.75463,3.4.0
3952,BaY2O4,11299.6985,134.5202,84,0.0,3.4.0
6089,BaZn2(PO4)2,6226.2288,39.9117,156,0.106481,3.4.0
3881,BaZnF4,3824.6496,106.2403,36,0.078704,3.4.0
4236,BaZnO2,2405.3981,66.8166,36,0.0,3.4.0
3104,BaZrN2,10257.931,427.4138,24,0.0,3.4.0
1569,Be2C,12497.2622,1388.5847,9,0.0,3.4.0
3347,Be2SiO4,29525.5756,234.33,126,0.0,3.4.0
3081,BeAl2O4,34422.166,409.7877,84,0.0,3.4.0
2542,BeO,19626.5344,1635.5445,12,0.0,3.4.0
422,BeS,4217.656,702.9427,6,0.0,3.4.0
1541,BeSe,1965.6337,327.6056,6,0.0,3.4.0
252,BeTe,1369.8565,228.3094,6,0.0,3.4.0
23237,BiF3,5413.1594,112.7742,48,0.0,3.4.0
568388,BiI,610.1035,25.421,24,0.006944,3.4.0
23074,BiOF,13243.393,735.7441,18,0.648148,3.4.0
759825,BiOF,8387.0127,232.9726,36,0.0,3.4.0
1167,CF4,4110.3867,137.0129,30,1.913194,3.4.0
990448,C,43076.995,7179.4992,6,0.002315,3.4.0
4555,Ca(AsO3)2,8454.4505,313.1278,27,0.0,3.4.0
2898,Ca(AuO2)2,4624.6516,110.1108,42,0.0,3.4.0
3417,Ca(BO2)2,58957.5583,701.8757,84,0.0,3.4.0
558543,Ca(CO2)2,10401.1656,123.8234,84,0.0,3.4.0
9570,Ca(CdP)2,1272.0113,84.8008,15,0.0,3.4.0
9564,Ca(MgAs)2,2223.1862,148.2124,15,0.0,3.4.0
3142,Ca(NO3)2,10306.6612,95.432,108,2.342593,3.4.0
18642,Ca(YS2)2,7312.8488,87.0577,84,0.0,3.4.0
3859,Ca2B2O5,13094.282,121.2434,108,0.064815,3.4.0
4155,Ca2Nb2O7,38654.8419,585.6794,66,0.969907,3.4.0
4180,Ca2SiO4,10493.2494,124.9196,84,0.0,3.4.0
4481,Ca2SiO4,14833.1395,176.585,84,0.0,3.4.0
4747,Ca2SnO4,11606.6398,276.3486,42,0.0,3.4.0
3575,Ca3(BO3)2,10978.7369,166.3445,66,0.048611,3.4.0
17817,Ca3(GeP2)2,7619.9843,70.5554,108,0.0,3.4.0
3487,Ca3(PO4)2,8144.9273,208.8443,39,1.125,3.4.0
4192,Ca3AsN,14063.1734,234.3862,60,0.0,3.4.0
1047,Ca3N2,8203.0779,273.4359,30,0.0,3.4.0
844,Ca3N2,18071.8417,150.5987,120,0.0,3.4.0
3932,Ca3Si2O7,10581.0111,73.4792,144,0.0,3.4.0
4163,Ca3Ti2O7,27206.9749,377.8747,72,0.141204,3.4.0
8568,Ca4PtO6,9486.7049,143.738,66,0.0,3.4.0
3080,Ca5(Ga3O7)2,8809.2761,58.7285,150,0.0,3.4.0
14600,CaAl2O4,21651.5485,128.8783,168,0.268519,3.4.0
2963,CaAl2O4,23550.9903,93.4563,252,0.944444,3.4.0
966582,CaAlH5,23022.9701,137.0415,168,0.0,3.4.0
722262,CaB3H3O7,15080.2146,89.7632,168,0.016204,3.4.0
1575,CaC2,5718.028,317.6682,18,0.0,3.4.0
2482,CaC2,8568.5635,952.0626,9,0.136574,3.4.0
917,CaC2,5367.6974,298.2054,18,0.0,3.4.0
4124,CaCN2,5376.4039,448.0337,12,0.0,3.4.0
3953,CaCO3,7806.7584,260.2253,30,0.0,3.4.0
4626,CaCO3,12798.0298,213.3005,60,0.037037,3.4.0
2741,CaF2,5251.0784,583.4532,9,0.0,3.4.0
3707,CaGe2O5,9758.2776,203.2974,48,0.002315,3.4.0
4279,CaGe2O5,15810.2431,164.69,96,0.0,3.4.0
642725,CaHClO,4048.6701,168.6946,24,0.0,3.4.0
676,CaN6,6289.8789,149.759,42,0.0,3.4.0
2605,CaO,4145.607,690.9345,6,0.0,3.4.0
11007,CaPSe3,1810.0395,30.1673,60,0.0,3.4.0
8161,CaPdF4,5766.9791,160.1939,36,0.0,3.4.0
3082,CaSO4,6326.3675,117.155,54,0.0,3.4.0
4406,CaSO4,7079.509,196.653,36,0.0,3.4.0
1672,CaS,2945.1416,490.8569,6,0.0,3.4.0
4056,CaSc2O4,19235.3214,228.9919,84,0.0,3.4.0
1415,CaSe,1791.3572,298.5595,6,0.0,3.4.0
4782,CaSnF6,3776.6632,157.361,24,0.0,3.4.0
4190,CaSnO3,5555.8152,185.1938,30,0.0,3.4.0
4438,CaSnO3,13677.9185,227.9653,60,0.0,3.4.0
3079,CaTa4O11,19339.933,201.4576,96,0.0,3.4.0
1519,CaTe,1269.1295,211.5216,6,0.0,3.4.0
3442,CaTiO3,36256.1777,1208.5393,30,0.423611,3.4.0
4019,CaTiO3,21938.1322,365.6355,60,0.0,3.4.0
3960,CaUO4,7307.2341,405.9575,18,0.0,3.4.0
3443,Cd(GaO2)2,9604.474,228.678,42,0.0,3.4.0
4452,Cd(GaS2)2,872.4058,41.5431,21,0.0,3.4.0
3772,Cd(GaSe2)2,720.6934,34.3187,21,0.0,3.4.0
4659,Cd(PO3)2,21321.8729,98.7124,216,0.166667,3.4.0
3917,Cd2GeO4,8243.7983,98.1405,84,0.0,3.4.0
4530,Cd2SiO4,6129.9384,145.9509,42,0.0,3.4.0
27899,Cd3AsCl3,2428.4219,28.9098,84,0.0,3.4.0
4385,CdCO3,5236.0871,174.5362,30,0.0,3.4.0
241,CdF2,5694.9273,632.7697,9,0.0,3.4.0
2951,CdGeO3,6128.0127,102.1335,60,0.016204,3.4.0
3668,CdGeP2,1720.0563,71.669,24,0.0,3.4.0
2310,CdO2,5567.1097,154.6419,36,0.0,3.4.0
402,CdP2,2007.9512,55.7764,36,0.0,3.4.0
913,CdP2,3274.6457,45.4812,72,0.0,3.4.0
2469,CdS,587.276,97.8793,6,0.0,3.4.0
672,CdS,1136.3544,94.6962,12,0.0,3.4.0
1070,CdSe,921.8869,76.8239,12,0.0,3.4.0
2691,CdSe,467.8669,77.9778,6,0.0,3.4.0
3078,CdSiAs2,1697.1108,70.7129,24,0.0,3.4.0
4666,CdSiP2,2071.7738,86.3239,24,0.0,3.4.0
754329,CdSnO3,3646.4247,121.5475,30,0.0,3.4.0
849371,CdSnO3,12597.9633,209.9661,60,0.0,3.4.0
406,CdTe,479.6756,79.9459,6,0.0,3.4.0
2956,Co2(GeS)3,5190.2241,54.0648,96,0.0,3.4.0
2994,Co2(GeTe)3,3588.4659,37.3799,96,0.0,3.4.0
16363,CoAsS,4781.8776,132.8299,36,0.0,3.4.0
4627,CoAsS,5287.2362,146.8677,36,0.0,3.4.0
4338,Cr2CdS4,8871.536,211.227,42,9.15162,3.4.0
4182,CrAgS2,12314.5145,1026.2095,12,1.402778,3.4.0
3779,CrSiTe3,3297.0822,109.9027,30,2.197917,3.4.0
7232,Cs2HgO2,1889.0758,125.9384,15,0.002315,3.4.0
13634,Cs2LiAl3F12,9102.6029,168.5667,54,0.0,3.4.0
989405,Cs2LiInBr6,1859.7943,61.9931,30,0.002315,3.4.0
23752,Cs2MgH4,9282.91,442.0433,21,0.002315,3.4.0
2884,Cs2Mn3S4,4640.3368,85.9322,54,0.001157,3.4.0
3704,Cs2Mn3Se4,2902.2711,53.7458,54,0.001157,3.4.0
30062,Cs2PtBr6,312.1802,11.5622,27,0.002315,3.4.0
23060,Cs2PtI6,264.5365,9.7976,27,0.002315,3.4.0
4047,Cs2SiF6,809.2217,29.9712,27,0.0,3.4.0
23405,Cs2TeBr6,307.9011,11.4037,27,0.002315,3.4.0
23465,Cs2TeCl6,417.6368,15.468,27,0.002315,3.4.0
573763,Cs2Te,925.7597,25.7155,36,0.00463,3.4.0
3247,Cs2TiS3,9581.8613,266.1628,36,0.0,3.4.0
638729,Cs2ZrCl6,451.6748,16.7287,27,0.002315,3.4.0
574070,Cs4Pb9,322.9133,2.07,156,0.030093,3.4.0
2667,CsAu,280.9486,46.8248,6,0.0,3.4.0
3977,CsB3O5,16457.1187,152.3807,108,0.430556,3.4.0
560558,CsCdAuS2,1309.3926,43.6464,30,0.180556,3.4.0
1784,CsF,851.0346,141.8391,6,0.0,3.4.0
606680,CsLi2Br3,3449.5828,191.6435,18,0.010417,3.4.0
23364,CsLiCl2,4792.2643,199.6777,24,0.0,3.4.0
3288,CsNO2,1134.2003,31.5056,36,0.009259,3.4.0
505321,CsNb(CuTe2)2,2563.8364,26.7066,96,0.421296,3.4.0
582146,CsNb4Cl11,4048.3264,42.1701,96,0.0,3.4.0
984872,CsPb2Cl5,2711.5234,56.4901,48,0.039352,3.4.0
11118,CsPrCdSe3,1518.423,42.1784,36,0.0,3.4.0
9080,CsPrS2,1493.1941,124.4328,12,0.020833,3.4.0
2969,CsSbSe2,1262.0057,26.2918,48,0.006944,3.4.0
7212,CsSmHgSe3,1401.5706,38.9325,36,0.0,3.4.0
30164,CsSn2Cl5,3359.8106,69.9961,48,0.101852,3.4.0
361,Cu2O,3918.0159,217.6676,18,0.0,3.4.0
3934,Cu3PS4,2044.0315,42.584,48,0.0,3.4.0
22913,CuBr,334.4361,55.7394,6,0.0,3.4.0
22914,CuCl,630.712,105.1187,6,0.0,3.4.0
22895,CuI,488.2141,81.369,6,0.0,3.4.0
32750,CuI,1665.2022,69.3834,24,0.002315,3.4.0
927,CuP2,2284.4805,63.4578,36,0.0,3.4.0
4468,CuSbS2,2951.1075,61.4814,48,0.0,3.4.0
28741,CuSe3Br,1196.1366,19.9356,60,0.0,3.4.0
3261,Dy(BO2)3,35179.4192,73.2905,480,0.0,3.4.0
3611,Dy2Hf2O7,13337.3222,202.0806,66,0.241898,3.4.0
2345,Dy2O3,12933.6735,107.7806,120,0.0,3.4.0
1270,Dy2S3,4038.0331,67.3006,60,0.0,3.4.0
752405,Dy2SiO5,8777.5477,91.4328,96,0.00463,3.4.0
768317,Dy2SiO5,8069.7591,84.06,96,0.003472,3.4.0
18219,Dy2SiSeO4,8876.7197,92.4658,96,0.0,3.4.0
4024,DyAgTe2,1012.2106,42.1754,24,0.0,3.4.0
556108,DyTiClO3,9088.8042,252.4668,36,0.0,3.4.0
3041,Er2CdS4,3775.0025,89.881,42,0.0,3.4.0
2460,Er2O3,6917.0333,153.7119,45,0.0,3.4.0
679,Er2O3,12638.1793,105.3182,120,0.0,3.4.0
2234,Er2S3,4238.5942,47.0955,90,0.0,3.4.0
209,Er2Se3,2195.4924,36.5915,60,0.0,3.4.0
555983,Er2SiO5,8009.2588,83.4298,96,0.003472,3.4.0
3688,Er2Sn2O7,10447.8699,158.3011,66,0.0,3.4.0
3384,Er3Al5O12,23768.1805,99.0341,240,0.0,3.4.0
4044,ErAgSe2,1261.5957,26.2832,48,0.0,3.4.0
546621,ErBi2BrO4,8951.5413,372.9809,24,0.0,3.4.0
551250,ErBi2IO4,8324.8467,346.8686,24,0.0,3.4.0
3457,ErP5O14,27060.9532,112.754,240,3.319444,3.4.0
4006,ErPO4,6898.636,191.6288,36,0.0,3.4.0
3444,ErTaO4,9364.381,260.1217,36,0.0,3.4.0
4123,ErTlS2,1026.5026,85.5419,12,0.0,3.4.0
1522,FeS2,7808.7556,433.8198,18,0.0,3.4.0
226,FeS2,12587.7512,349.6598,36,0.0,3.4.0
1714,FeSi2,16629.4347,230.9644,72,0.0,3.4.0
4809,Ga2HgS4,684.5132,32.5959,21,0.0,3.4.0
4730,Ga2HgSe4,480.1944,22.8664,21,0.0,3.4.0
1243,Ga2O3,9337.3889,311.2463,30,0.0,3.4.0
886,Ga2O3,7682.0711,256.069,30,0.0,3.4.0
20496,Ga2PbO4,4024.4253,95.8197,42,0.0,3.4.0
539,Ga2S3,1838.1899,61.273,30,0.0,3.4.0
1340,Ga2Se3,1204.6963,40.1565,30,0.002315,3.4.0
2371,Ga2Te5,722.9569,34.4265,21,0.0,3.4.0
3107,Ga3PO7,4683.7274,141.9311,33,0.0,3.4.0
3996,GaAsO4,3555.5547,65.8436,54,0.001157,3.4.0
4280,GaCuO2,5423.4749,451.9562,12,0.0,3.4.0
588,GaF3,8100.6077,337.5253,24,0.0,3.4.0
804,GaN,4834.3083,402.859,12,0.0,3.4.0
830,GaN,2642.4526,440.4088,6,0.0,3.4.0
4122,GaPO4,3504.8813,64.9052,54,0.002315,3.4.0
2490,GaP,1452.1391,242.0232,6,0.0,3.4.0
2507,GaS,2988.9824,124.5409,24,0.0,3.4.0
1572,GaSe,2026.3221,84.4301,24,0.0,3.4.0
1943,GaSe,2066.8871,86.1203,24,0.0,3.4.0
10009,GaTe,1600.7178,66.6966,24,0.0,3.4.0
542812,GaTe,1220.6179,33.9061,36,0.002315,3.4.0
4187,Ge2N2O,6969.9211,232.3307,30,0.0,3.4.0
223,GeO2,3595.3461,133.161,27,0.0,3.4.0
470,GeO2,11346.1474,630.3415,18,0.0,3.4.0
733,GeO2,3596.7461,133.2128,27,0.0,3.4.0
2242,GeS,2437.8792,101.5783,24,0.0,3.4.0
700,GeSe,1690.8758,70.4532,24,0.0,3.4.0
938,GeTe,1128.9094,188.1516,6,0.003472,3.4.0
559617,HfB2O5,19533.106,203.4699,96,0.0,3.4.0
1858,HfO2,17313.4964,240.4652,72,0.0,3.4.0
352,HfO2,11812.6056,328.1279,36,0.0,3.4.0
985829,HfS2,1899.2137,211.0237,9,0.0,3.4.0
4609,HfSiO4,10462.3083,290.6197,36,0.0,3.4.0
3810,Hg(AsO3)2,7643.784,283.1031,27,0.0,3.4.0
3167,Hg2GeSe4,370.3245,17.6345,21,0.0,3.4.0
4710,Hg3(BO3)2,5212.6451,78.9795,66,0.0,3.4.0
4445,Hg3AsO4,2206.7645,22.9871,96,0.148148,3.4.0
567949,Hg3AsSe4Br,657.9954,12.1851,54,0.002315,3.4.0
3538,Hg3TeO6,6071.8705,25.2995,240,0.003472,3.4.0
28590,Hg4As2I3,1391.6087,6.4426,216,0.009259,3.4.0
29958,Hg7(PO5)2,4234.8839,37.1481,114,0.023148,3.4.0
706,HgF,1992.664,166.0553,12,0.002315,3.4.0
1224,HgO,8159.8309,339.993,24,0.0,3.4.0
22574,HgP14Pb,13217.141,68.8393,192,0.0,3.4.0
7293,HgPSe3,987.799,16.4633,60,0.100694,3.4.0
3228,HgSO4,4063.6589,112.8794,36,0.027778,3.4.0
634,HgS,910.6631,50.5924,18,0.0,3.4.0
4284,Ho2CdSe4,2273.6904,54.1355,42,0.0,3.4.0
812,Ho2O3,12793.2238,106.6102,120,0.0,3.4.0
779522,Ho2P4O13,8824.411,77.4071,114,0.097222,3.4.0
878,Ho2S3,4237.3229,47.0814,90,0.0,3.4.0
3884,Ho2Sn2O7,10325.0665,156.4404,66,0.0,3.4.0
542514,Ho2Te4O11,8425.447,82.6024,102,0.19213,3.4.0
1154,Ho4C7,7896.7123,59.8236,132,0.0,3.4.0
561877,HoF3,6204.236,129.2549,48,0.0,3.4.0
3144,HoNbO4,8396.0207,233.2228,36,0.0,3.4.0
4104,HoPO4,6927.3581,192.4266,36,0.0,3.4.0
4344,HoTaO4,9462.8057,262.8557,36,0.0,3.4.0
22323,In2O3,6712.975,223.7658,30,0.0,3.4.0
2874,In2Si2O7,7588.4534,229.9531,33,0.0,3.4.0
556528,In4GeS4,2589.8057,11.9898,216,0.0,3.4.0
22189,In6TeO12,6404.4097,112.3581,57,0.0,3.4.0
20351,InP,749.6506,124.9418,6,0.0,3.4.0
19795,InS,2090.8686,87.1195,24,0.0,3.4.0
29236,InTeBr,757.8393,21.0511,36,0.00463,3.4.0
2437,IrF3,8663.4774,360.9782,24,0.0,3.4.0
2833,IrS2,8304.7499,115.3437,72,0.0,3.4.0
4351,K2B2S7,2901.6252,43.964,66,0.001157,3.4.0
3963,K2CO3,5024.9866,69.7915,72,0.0,3.4.0
6494,K2Ca(CO3)2,5057.1952,153.2483,33,0.001157,3.4.0
7534,K2Cd2O3,4661.6989,110.9928,42,0.002315,3.4.0
27742,K2CdO2,5852.7497,97.5458,60,0.0,3.4.0
4698,K2Ge8O17,12914.4149,39.8593,324,3.916667,3.4.0
23956,K2MgH4,12344.2026,587.8192,21,0.0,3.4.0
4758,K2NbF7,9503.1659,79.193,120,2.224537,3.4.0
2672,K2O2,3614.3117,150.5963,24,0.0,3.4.0
776016,K2O,30835.0509,428.2646,72,0.393519,3.4.0
971,K2O,3564.6957,396.0773,9,0.0,3.4.0
569967,K2PrCl5,3497.1674,36.4288,96,0.00463,3.4.0
3821,K2PtF6,1312.4841,48.6105,27,0.0,3.4.0
1022,K2S,1789.9388,198.8821,9,0.0,3.4.0
3379,K2SbF5,5241.6903,109.2019,48,0.736111,3.4.0
3042,K2SiF6,1379.6534,51.0983,27,0.0,3.4.0
17730,K2SnO3,13037.6834,181.0789,72,0.0,3.4.0
8972,K2TaCuSe4,1604.025,33.4172,48,0.001157,3.4.0
3975,K2TaF7,7603.1015,63.3592,120,2.24537,3.4.0
1747,K2Te,1048.5287,116.5032,9,0.0,3.4.0
3970,K2TiF6,2888.8932,106.996,27,0.0,3.4.0
28766,K2TiS3,8923.4284,247.873,36,0.0,3.4.0
3808,K2UO4,8024.4702,382.1176,21,0.0,3.4.0
18449,K2ZrO3,20510.6021,284.8695,72,0.0,3.4.0
4647,K3(Cu4Se3)2,1141.7829,22.3879,51,0.001157,3.4.0
3797,K3AsS4,2507.7704,26.1226,96,0.0,3.4.0
642821,K3H5Pt,6546.0484,121.2231,54,0.0,3.4.0
975577,K3La(AsO4)2,3165.6433,37.6862,84,0.0,3.4.0
1568,K3P11,1642.2835,9.7755,168,0.023148,3.4.0
17989,K3PS4,2638.0172,27.4793,96,0.0,3.4.0
28837,K3RhCl6,1636.6445,13.6387,120,0.0,3.4.0
4690,K3TaO8,2882.4559,80.0682,36,0.239583,3.4.0
3529,K3VS4,2594.9099,27.0303,96,0.009259,3.4.0
3125,K3Zn2F7,6652.2909,184.7859,36,0.002315,3.4.0
17015,K4GeO4,5390.197,49.9092,108,0.023148,3.4.0
29484,K4HgAs2,924.1101,44.0052,21,0.002315,3.4.0
4971,K4Sn3Se8,1645.8689,18.2874,90,0.002315,3.4.0
11719,K4ZnP2,1590.2365,75.7255,21,0.002315,3.4.0
777297,K5H(CN2)2,9420.6696,65.4213,144,0.0,3.4.0
755633,K5Se3,2473.2857,51.5268,48,0.0,3.4.0
18246,K6MnTe4,1137.2316,17.2308,66,0.002315,3.4.0
3949,K7LiSi8,2736.857,14.2545,192,0.0,3.4.0
568644,K9InSe7,1877.1981,9.202,204,0.013889,3.4.0
3074,KAgO,2131.9729,59.2215,36,0.0,3.4.0
2910,KAlF4,20158.2811,559.9523,36,0.388889,3.4.0
4266,KAsF6,1470.1857,61.2577,24,0.006944,3.4.0
713,KAs,1496.848,31.1843,48,0.00463,3.4.0
568986,KAuCl4,910.096,12.6402,72,0.006944,3.4.0
3592,KAuS5,1398.1151,16.6442,84,0.003472,3.4.0
3257,KAuSe5,977.0356,11.6314,84,0.010417,3.4.0
3919,KBO2,4536.2187,63.003,72,0.0,3.4.0
23251,KBr,803.3181,133.8864,6,0.0,3.4.0
4026,KCrS2,3936.2388,328.0199,12,2.944444,3.4.0
3982,KCuO2,10686.468,445.2695,24,0.046296,3.4.0
15785,KDyS2,1369.1815,114.0985,12,0.0,3.4.0
4326,KErS2,1346.8591,112.2383,12,0.0,3.4.0
463,KF,1720.1066,286.6844,6,0.0,3.4.0
4066,KGaO2,12348.1038,64.313,192,0.032407,3.4.0
2146,KGe,1936.2198,10.0845,192,0.0,3.4.0
556475,KLaPdO3,5245.6094,145.7114,36,0.0,3.4.0
4495,KLiTe,1346.4239,74.8013,18,0.0,3.4.0
3448,KMgF3,6021.7904,401.4527,15,0.0,3.4.0
827,KN3,2719.4213,113.3092,24,0.0,3.4.0
545359,KNa2CuO2,2969.4143,164.9675,18,0.002315,3.4.0
4342,KNbO3,17740.1226,1182.6748,15,0.180556,3.4.0
4608,KPF6,2106.1407,87.7559,24,0.100694,3.4.0
4519,KPrO2,3077.9831,256.4986,12,0.0,3.4.0
4757,KReO4,1094.1848,30.394,36,0.0,3.4.0
14607,KSbO3,12090.7441,67.1708,180,0.0,3.4.0
11703,KSbS2,2753.0873,114.712,24,0.0,3.4.0
1536,KSb,1134.1792,23.6287,48,0.0,3.4.0
1217,KSi,3165.8072,16.4886,192,0.0,3.4.0
15783,KSmS2,1403.2692,116.9391,12,0.0,3.4.0
3614,KTaO3,11288.6953,752.5797,15,0.0,3.4.0
2072,KTe,896.814,37.3673,24,0.002315,3.4.0
6376,KV(CuS2)2,1508.4942,31.427,48,0.002315,3.4.0
2943,KY3F10,7113.4394,84.6838,84,0.0,3.4.0
4658,La(BO2)3,25198.7559,419.9793,60,0.083333,3.4.0
4350,La2(SeO3)3,9189.4095,54.6989,168,0.328704,3.4.0
756888,La2(SiO3)3,11920.6758,141.9128,84,0.0,3.4.0
568036,La2GaN3,7510.6546,104.3146,72,0.0,3.4.0
1968,La2O3,4334.0769,288.9385,15,0.0,3.4.0
2292,La2O3,16510.8151,137.5901,120,0.0,3.4.0
7475,La2S3,4733.5279,78.8921,60,0.0,3.4.0
4511,La2SO2,3001.2292,200.0819,15,0.0,3.4.0
4078,La2SO6,9733.9959,180.2592,54,0.00463,3.4.0
5152,La2SiO5,11918.818,124.1544,96,0.3125,3.4.0
4086,La2Sn2O7,10462.6473,158.525,66,0.0,3.4.0
4547,La2TeO2,5764.4219,384.2948,15,0.0,3.4.0
558528,La2TiZnO6,6591.73,109.8622,60,0.0,3.4.0
769915,La4Ga2O9,13461.5476,74.7864,180,0.474537,3.4.0
4412,La4Se3O4,6063.1839,183.7328,33,0.0,3.4.0
3249,La4Ti3O12,14924.2295,261.8286,57,0.905093,3.4.0
2920,LaAlO3,19977.8026,665.9268,30,0.0,3.4.0
4841,LaCuS2,2290.7641,47.7243,48,0.0,3.4.0
334,LaF3,6425.474,89.2427,72,0.055556,3.4.0
905,LaF3,6377.561,88.5772,72,0.0,3.4.0
3336,LaGaO3,11054.1055,368.4702,30,0.012731,3.4.0
27979,LaI3,1458.3532,60.7647,24,0.002315,3.4.0
2804,LaP2,1933.2902,26.8513,72,0.0,3.4.0
200,LaP7,3739.0271,38.9482,96,0.0,3.4.0
3962,LaPO4,7746.9501,107.5965,72,0.0,3.4.0
1508,LaS2,5648.517,78.4516,72,0.0,3.4.0
3998,LaTaO4,9658.5485,268.293,36,0.099537,3.4.0
4421,LaTaO4,11422.5662,158.6468,72,0.0,3.4.0
3297,Li10Zn4O9,15151.4407,109.793,138,0.0,3.4.0
765481,Li2AgF5,4281.426,44.5982,96,0.013889,3.4.0
4779,Li2B4O7,28426.9356,182.2239,156,1.553241,3.4.0
4622,Li2BeF4,9703.6409,77.013,126,0.0,3.4.0
3054,Li2CO3,10070.3385,279.7316,36,0.0,3.4.0
15988,Li2CuSb,1241.9619,103.4968,12,0.0,3.4.0
841,Li2O2,10283.157,428.4649,24,0.0,3.4.0
1960,Li2O,10195.4388,1132.8265,9,0.0,3.4.0
760483,Li2PdO3,6551.7367,181.9927,36,0.0,3.4.0
1153,Li2S,5350.9031,594.5448,9,0.0,3.4.0
2286,Li2Se,3069.8993,341.0999,9,0.0,3.4.0
3552,Li2Si2O5,23552.7611,218.0811,108,0.0,3.4.0
4117,Li2Si2O5,12138.6322,224.7895,54,0.002315,3.4.0
3540,Li2SnO3,12858.8546,178.5952,72,0.126157,3.4.0
27231,Li2TeO3,11900.9755,165.2913,72,0.00463,3.4.0
2530,Li2Te,1611.5973,179.0664,9,0.0,3.4.0
756294,Li2Ti2O5,11443.3344,211.9136,54,0.0,3.4.0
772049,Li2Ti2O5,20734.7027,191.988,108,0.00463,3.4.0
2931,Li2TiO3,21679.6076,301.1057,72,0.023148,3.4.0
4002,Li2ZrF6,5255.6978,194.6555,27,0.0,3.4.0
3216,Li2ZrN2,6748.3938,449.8929,15,0.0,3.4.0
4156,Li2ZrO3,9868.0644,274.1129,36,0.101852,3.4.0
757,Li3As,5683.116,236.7965,24,0.0,3.4.0
985585,Li3ClO,10395.2207,693.0147,15,0.0,3.4.0
3887,Li3GaN2,13137.0879,91.2298,144,0.0,3.4.0
2251,Li3N,12393.8798,1032.8233,12,0.039352,3.4.0
2341,Li3N,13853.3332,577.2222,24,0.041667,3.4.0
2878,Li3PO4,14877.9806,154.979,96,0.0,3.4.0
736,Li3P,8367.4104,348.6421,24,0.0,3.4.0
5769,Li3SbO4,6691.7304,139.411,48,0.0,3.4.0
2074,Li3Sb,1918.3648,159.8637,12,0.0,3.4.0
3151,Li3TaO4,13734.5701,143.0684,96,0.361111,3.4.0
4558,Li4GeO4,12250.1785,226.8552,54,0.0,3.4.0
30249,Li4GeS4,7911.3618,73.2533,108,0.0,3.4.0
4426,Li4SeO5,9710.4234,161.8404,60,0.0,3.4.0
4657,Li5GaO4,16917.7912,70.4908,240,0.0,3.4.0
3838,Li5ReN4,8095.96,134.9327,60,0.0,3.4.0
3503,Li6WN4,12373.7654,187.4813,66,0.0,3.4.0
4604,Li7VN4,51092.0886,177.4031,288,0.0,3.4.0
4527,Li8SnO6,10779.5152,239.5448,45,0.010417,3.4.0
3427,LiAlO2,13099.6393,272.9092,48,0.0,3.4.0
4586,LiAlTe2,1211.5547,50.4814,24,0.0,3.4.0
3660,LiB3O5,17730.0303,164.1669,108,0.0,3.4.0
3635,LiBO2,33117.907,689.9564,48,0.0,3.4.0
23259,LiBr,1681.924,280.3207,6,0.0,3.4.0
1378,LiC,6876.8708,573.0726,12,0.0,3.4.0
753946,LiCoS2,3565.8705,297.1559,12,0.0,3.4.0
4226,LiCrS2,19286.7849,1607.2321,12,2.24537,3.4.0
5127,LiCuO,5463.5466,151.7652,36,0.0,3.4.0
15791,LiErS2,1680.0213,140.0018,12,0.0,3.4.0
35591,LiErS2,3265.8687,136.0779,24,0.0,3.4.0
35205,LiErSe2,2944.6658,122.6944,24,0.0,3.4.0
1138,LiF,4087.9295,681.3216,6,0.0,3.4.0
3647,LiGaS2,4011.2445,83.5676,48,0.0,3.4.0
5488,LiInO2,7521.9233,313.4135,24,0.0,3.4.0
2659,LiN3,4897.2192,408.1016,12,0.0,3.4.0
3368,LiNb3O8,84625.4757,587.6769,144,4.706019,3.4.0
3924,LiNbO2,11623.4326,484.3097,24,0.0,3.4.0
3731,LiNbO3,6306.7573,210.2252,30,0.0,3.4.0
37605,LiNdSe2,3642.2295,151.7596,24,0.0,3.4.0
2412,LiP5,5268.2673,73.1704,72,0.0,3.4.0
9143,LiPF6,2502.1014,104.2542,24,0.0,3.4.0
3524,LiPN2,10709.2367,446.2182,24,0.0,3.4.0
3980,LiSbF6,2318.8307,96.6179,24,0.0,3.4.0
4995,LiSbO3,9176.0667,152.9344,60,0.0,3.4.0
3666,LiTaO3,5892.3923,196.4131,30,0.0,3.4.0
3700,LiYF4,5293.0381,147.0288,36,0.0,3.4.0
3941,LiYF4,9417.5269,261.598,36,0.0,3.4.0
1427,Lu2O3,12338.4718,102.8206,120,0.0,3.4.0
2826,Lu2S3,2516.2956,83.8765,30,0.0,3.4.0
7193,Lu2Si2O7,7475.0315,226.5161,33,0.0,3.4.0
3200,Lu2Ti2O7,30263.5221,458.5382,66,1.278935,3.4.0
554282,Lu3B5O12,29466.5061,122.7771,240,0.0,3.4.0
755804,Lu6TeO12,7131.8821,125.1207,57,0.0,3.4.0
7560,LuBO3,6031.1332,201.0378,30,0.0,3.4.0
2940,LuPO4,6809.448,189.1513,36,0.0,3.4.0
756704,LuTa3O9,16962.4969,217.4679,78,0.0,3.4.0
3872,Mg(AlS2)2,11142.9296,132.6539,84,0.0,3.4.0
3582,Mg(BC)2,166868.4782,1390.5707,120,0.0,3.4.0
38951,Mg(GaO2)2,9652.2105,229.8145,42,0.0,3.4.0
4590,Mg(GaO2)2,11057.4461,263.2725,42,0.0,3.4.0
3319,Mg(RhO2)2,8428.7061,200.6835,42,0.0,3.4.0
3653,Mg(SbO3)2,12239.1211,226.6504,54,0.0,3.4.0
560872,Mg10Ge3(H2O9)2,20700.1487,98.5721,210,0.0,3.4.0
3051,Mg2GeO4,12907.3168,153.6585,84,0.0,3.4.0
3904,Mg2GeO4,16351.5427,389.3224,42,0.0,3.4.0
3933,Mg2PN3,14485.0127,402.3615,36,0.0,3.4.0
2895,Mg2SiO4,19044.3855,226.7189,84,0.0,3.4.0
1990,Mg3As2,5937.5551,49.4796,120,0.0,3.4.0
1559,Mg3N2,21581.9749,179.8498,120,0.0,3.4.0
2514,Mg3P2,11023.6099,91.8634,120,0.0,3.4.0
3118,Mg3TeO6,9659.3356,160.9889,60,0.0,3.4.0
3536,MgAl2O4,19688.3031,468.7691,42,0.0,3.4.0
1249,MgF2,10882.3637,604.5758,18,0.0,3.4.0
3759,MgGeO3,6967.3619,232.2454,30,0.0,3.4.0
4575,MgGeO3,18289.7097,76.2071,240,0.0,3.4.0
2589,MgO2,14403.0979,400.0861,36,0.0,3.4.0
1265,MgO,6105.2563,1017.5427,6,0.0,3.4.0
384,MgP4,5302.6271,176.7542,30,0.0,3.4.0
1315,MgS,4063.8889,677.3148,6,0.0,3.4.0
3677,MgSiN2,18138.5657,377.8868,48,0.0,3.4.0
4321,MgSiO3,16162.5895,269.3765,60,0.00463,3.4.0
2961,MgSiP2,6433.5837,268.066,24,0.0,3.4.0
2604,MgTe2,1876.2863,52.1191,36,0.0,3.4.0
1039,MgTe,1129.6311,94.1359,12,0.0,3.4.0
3771,MgTiO3,8754.0869,291.8029,30,0.0,3.4.0
1434,MoS2,2686.1971,298.4663,9,0.002315,3.4.0
154,N2,608.1934,25.3414,24,0.972222,3.4.0
25,N2,693.9308,28.9138,24,1.0,3.4.0
2789,NO2,1724.2506,31.9306,54,0.974537,3.4.0
31008,Na14Al4O13,19580.6667,105.2724,186,0.618056,3.4.0
17473,Na2Al2As3,3307.7925,19.6892,168,0.0,3.4.0
3318,Na2BeF4,9406.5326,111.9825,84,0.0,3.4.0
3855,Na2BeF4,5268.1334,62.7159,84,0.0,3.4.0
3070,Na2CO3,6474.7987,179.8555,36,0.991898,3.4.0
771248,Na2Ge2O5,7674.1059,71.0565,108,0.0,3.4.0
4068,Na2GeS3,3881.4122,53.9085,72,0.0,3.4.0
2340,Na2O2,7231.2975,200.8694,36,0.0,3.4.0
2352,Na2O,4674.1173,519.3464,9,0.0,3.4.0
4823,Na2PdC2,8334.6556,555.6437,15,0.0,3.4.0
3622,Na2PdF4,4151.345,98.8415,42,0.0,3.4.0
3143,Na2SO4,5074.9778,120.8328,42,0.0,3.4.0
4770,Na2SO4,4929.028,117.3578,42,0.0,3.4.0
648,Na2S,2438.8304,270.9812,9,0.0,3.4.0
1266,Na2Se,1858.7604,206.5289,9,0.0,3.4.0
3193,Na2Si2O5,17955.877,166.2581,108,0.0,3.4.0
3775,Na2SiF6,2895.0142,35.7409,81,0.0,3.4.0
4533,Na2SiO3,9109.8466,253.0513,36,0.0,3.4.0
3285,Na2Ta4O11,48908.2799,479.4929,102,0.46875,3.4.0
2784,Na2Te,1194.2249,132.6917,9,0.0,3.4.0
3488,Na2Ti3O7,16946.1633,235.3634,72,0.0,3.4.0
18075,Na2TiF6,6871.5166,84.8335,81,0.0,3.4.0
17560,Na2UO4,18652.7169,222.0562,84,0.0,3.4.0
28830,Na2ZnBr4,1992.1964,23.7166,84,0.0,3.4.0
3527,Na3AgO2,5312.3694,147.5658,36,0.0,3.4.0
3416,Na3AlF6,4781.8629,79.6977,60,0.0,3.4.0
759535,Na3Cu5O4,2707.5459,18.8024,144,0.0,3.4.0
473,Na3P11,2506.9075,14.9221,168,0.009259,3.4.0
4223,Na3PO4,6853.2213,35.6939,192,0.00463,3.4.0
1598,Na3P,4487.4528,186.9772,24,0.083333,3.4.0
27478,Na3PaF8,5344.2723,148.452,36,0.0,3.4.0
4185,Na3ScF6,6457.6716,107.6279,60,0.060185,3.4.0
4752,Na5Al3F14,16220.887,122.8855,132,2.023148,3.4.0
4172,Na5GeP3,3930.1443,36.3902,108,0.0,3.4.0
8840,Na5InO4,5795.5475,96.5925,60,0.0,3.4.0
3928,Na5P3O10,7985.2642,73.9376,108,0.195602,3.4.0
8253,Na5ReO6,4435.7722,123.2159,36,0.0,3.4.0
3405,NaAl11O17,37667.6276,216.4806,174,3.622685,3.4.0
3468,NaAsO2,14925.388,155.4728,96,0.666667,3.4.0
3521,NaBF4,3392.7419,94.2428,36,0.0,3.4.0
3889,NaBO2,6830.0021,94.8611,72,0.0,3.4.0
4534,NaCO2,5089.9595,106.0408,48,0.0,3.4.0
4360,NaCdF3,2936.8247,97.8942,30,0.0,3.4.0
3332,NaCrSe2,2072.2942,172.6912,12,1.892361,3.4.0
4541,NaCuO2,5517.8383,459.8199,12,0.0,3.4.0
752672,NaDyO2,8733.2562,181.9428,48,0.025463,3.4.0
3613,NaErS2,1295.9165,107.993,12,0.0,3.4.0
682,NaF,3130.1212,521.6869,6,0.0,3.4.0
3338,NaGaO2,7296.3098,152.0065,48,0.0,3.4.0
23268,NaI,501.9521,83.6587,6,0.0,3.4.0
6712,NaLuGeO4,9299.4185,110.7074,84,0.0,3.4.0
2955,NaMgF3,12972.6143,216.2102,60,0.0,3.4.0
2964,NaNO2,2176.6564,181.388,12,0.0,3.4.0
4531,NaNO3,4019.9719,133.9991,30,0.003472,3.4.0
3967,NaNO,4411.8699,61.276,72,0.013889,3.4.0
560032,NaNb2AsO8,20266.5321,140.7398,144,1.333333,3.4.0
3744,NaNbO2,9183.0423,382.6268,24,0.0,3.4.0
3136,NaNbO3,56389.7469,3759.3165,15,1.199074,3.4.0
3671,NaNbO3,68621.7027,571.8475,120,0.824074,3.4.0
4419,NaNbO3,46534.2586,1551.142,30,1.236111,3.4.0
4514,NaNbO3,8019.2777,267.3093,30,0.003472,3.4.0
4681,NaNbO3,17342.6487,289.0441,60,1.435185,3.4.0
4748,NaNbO3,96586.4435,1609.7741,60,3.587963,3.4.0
8128,NaNdO2,5913.6125,246.4005,24,0.0,3.4.0
676360,NaNdS2,3614.8114,150.6171,24,0.0,3.4.0
555118,NaPO3,10099.2362,56.1069,180,0.37037,3.4.0
558192,NaPO3,13151.3974,109.595,120,0.606481,3.4.0
2400,NaS,3249.2586,135.3858,24,0.0,3.4.0
409,NaS,6587.8101,182.9947,36,0.0,3.4.0
4482,NaSbO3,4391.0824,146.3694,30,0.0,3.4.0
7074,NaSc(SiO3)2,14369.578,239.493,60,0.0,3.4.0
2402,NaSi,2599.728,54.161,48,0.001157,3.4.0
555812,NaSr3BiO6,6334.7914,95.9817,66,0.0,3.4.0
14722,NaSrAlF6,9619.199,44.5333,216,0.069444,3.4.0
3858,NaTaO3,18418.5893,306.9765,60,0.0,3.4.0
4170,NaTaO3,20466.0382,1364.4025,15,0.356481,3.4.0
4675,NaTaO3,20979.7006,699.3234,30,0.231481,3.4.0
4699,NaTaO3,46765.335,779.4222,60,0.75463,3.4.0
3269,NaTh2F9,7591.1995,105.4333,72,0.0,3.4.0
14037,NaTl2RhF6,2031.9091,67.7303,30,0.0,3.4.0
3056,NaTlO2,2928.0655,244.0055,12,0.0,3.4.0
754796,NaTmO2,8390.5484,174.8031,48,0.018519,3.4.0
3795,NaZnF3,9848.4745,164.1412,60,0.0,3.4.0
4824,NaZnP,2305.5825,128.0879,18,0.0,3.4.0
1595,Nb2O5,16461.7433,783.8925,21,0.001157,3.4.0
604,Nb2O5,15077.3804,358.9852,42,0.0,3.4.0
3324,Nb2SnO6,14728.8919,272.7573,54,0.106481,3.4.0
3926,NbAg7S6,815.3064,9.706,84,0.002315,3.4.0
865280,NbAlFe2,2773.3289,231.1107,12,0.0,3.4.0
5621,NbCu3S4,1771.7128,73.8214,24,0.0,3.4.0
4043,NbCu3Se4,947.4701,39.4779,24,0.0,3.4.0
821,NbO2,31177.641,216.5114,144,3.664352,3.4.0
3491,NbSbO4,10612.9135,147.4016,72,0.0,3.4.0
3612,NbSbO4,18825.5537,261.466,72,0.046296,3.4.0
953,NbZn3,1926.2862,160.5238,12,0.0,3.4.0
3615,Nd(BO2)3,23335.6121,388.9269,60,0.006944,3.4.0
1045,Nd2O3,13757.1188,114.6427,120,0.0,3.4.0
2763,Nd2O3,4668.9233,311.2616,15,0.0,3.4.0
438,Nd2S3,4570.0331,76.1672,60,0.0,3.4.0
3211,Nd2SO2,2931.1077,195.4072,15,0.0,3.4.0
3727,Nd3NbO7,20577.2728,311.7769,66,2.150463,3.4.0
3782,Nd3Sb5O12,7464.8278,62.2069,120,0.0,3.4.0
3374,Nd4Au2O9,10528.2542,58.4903,180,0.0,3.4.0
556908,Nd5As4(ClO4)3,7580.7226,52.6439,144,0.0,3.4.0
23183,NdCl3,2241.9873,93.4161,24,0.0,3.4.0
3739,NdCuSe2,1689.3571,35.1949,48,0.0,3.4.0
254,NdF3,6532.8401,90.7339,72,0.0,3.4.0
3196,NdGaO3,12577.7406,209.629,60,0.0,3.4.0
3901,NdNbO4,7924.0655,220.1129,36,0.0,3.4.0
3584,NdPO4,7784.9707,108.1246,72,0.0,3.4.0
3694,NdPS4,3808.7726,26.4498,144,0.0,3.4.0
4582,NdRhO3,9425.0699,157.0845,60,0.0,3.4.0
3203,NdTaO4,9214.2271,255.9508,36,0.0,3.4.0
4718,NdTaO4,8854.9788,245.9716,36,0.0,3.4.0
3664,NdTlS2,1162.7606,96.8967,12,0.0,3.4.0
111,Ne,89.8212,29.9404,3,0.225694,3.4.0
486,NiP2,4810.7125,267.2618,18,0.0,3.4.0
2173,P2O5,27604.9712,328.6306,84,0.0,3.4.0
2452,P2O5,11982.0591,285.2871,42,0.018519,3.4.0
2319,P2Os,5126.0653,284.7814,18,0.0,3.4.0
3006,P2Pd3S8,1440.3648,36.9324,39,0.0,3.4.0
730,P2Pt,4716.7692,131.0214,36,0.0,3.4.0
1413,P2Ru,6527.838,362.6577,18,0.0,3.4.0
504748,P3Pb5ClO12,6953.6164,55.1874,126,1.081019,3.4.0
2447,P4Se5,952.9419,8.8235,108,0.060185,3.4.0
3123,PPdSe,6001.2485,83.3507,72,0.0,3.4.0
2511,PbF2,3343.3425,92.8706,36,0.0,3.4.0
315,PbF2,2080.8598,231.2066,9,0.0,3.4.0
341,PbF4,2942.7021,196.1801,15,0.0,3.4.0
3472,PbSO4,7003.8841,97.2762,72,1.032407,3.4.0
2201,PbSe,1788.6852,298.1142,6,0.023148,3.4.0
4649,PdSe2O5,4841.3107,100.8606,48,0.027778,3.4.0
2418,PdSe2,7902.1679,219.5047,36,0.476852,3.4.0
9497,Pr2C(NO)2,4488.0415,213.7163,21,0.0,3.4.0
2063,Pr2O3,4646.977,309.7985,15,0.0,3.4.0
3236,Pr2SO2,2972.5854,198.1724,15,0.0,3.4.0
4764,Pr2SeO2,2672.3018,178.1535,15,0.0,3.4.0
4394,Pr2Sn2O7,10235.9214,155.0897,66,0.0,3.4.0
2980,Pr2Te4O11,8998.0326,88.216,102,0.366898,3.4.0
2973,Pr3Sb5O12,7383.8231,61.5319,120,0.0,3.4.0
3466,PrAlO3,16657.9041,555.2635,30,0.0,3.4.0
975666,PrBrO,5254.0461,291.8915,18,0.0,3.4.0
2651,PrF3,6477.4004,89.9639,72,0.0,3.4.0
4535,PrGaO3,13521.9923,225.3665,60,0.0,3.4.0
4709,PrNbO4,7897.8195,219.3839,36,0.0,3.4.0
769173,PrOF,3854.3449,214.1303,18,0.0,3.4.0
4589,PrPO4,7785.847,108.1368,72,0.0,3.4.0
3954,PrPS4,3769.2818,26.1756,144,0.0,3.4.0
17446,PrPtF7,4848.6459,44.8949,108,0.060185,3.4.0
1285,PtO2,6780.8815,376.7156,18,0.0,3.4.0
617,PtO2,4342.4089,482.4899,9,0.017361,3.4.0
571293,Rb2BaNb2Se11,1427.9213,7.4371,192,0.006944,3.4.0
3009,Rb2BeF4,2932.3652,34.9091,84,0.0,3.4.0
4138,Rb2CO3,3244.4365,45.0616,72,0.0,3.4.0
18556,Rb2Cd3S4,2270.1948,21.0203,108,0.0,3.4.0
4052,Rb2Mn3Se4,3067.7991,56.8111,54,0.001157,3.4.0
1394,Rb2O,2845.6588,316.1843,9,0.0,3.4.0
2079,Rb2P3,793.3755,26.4458,30,0.0,3.4.0
21461,Rb2PbO3,9914.13,137.6963,72,0.0,3.4.0
21489,Rb2PbO3,5173.6274,143.7119,36,0.0,3.4.0
4030,Rb2Pt3S4,1813.1892,67.1552,27,0.002315,3.4.0
7929,Rb2PtS2,1708.9515,113.9301,15,0.0,3.4.0
3372,Rb2SO4,2534.7745,30.1759,84,0.0,3.4.0
4618,Rb2SeO4,2311.485,27.5177,84,0.0,3.4.0
2095,Rb2Te3,5251.234,87.5206,60,0.671296,3.4.0
756156,Rb2ZrO3,10820.6296,300.573,36,0.0,3.4.0
849527,Rb3InO3,3364.4509,40.053,84,0.0,3.4.0
3719,Rb3NbS4,1756.1309,18.293,96,0.013889,3.4.0
558170,Rb3PO4,3522.9054,36.6969,96,0.0,3.4.0
17220,Rb3TaS4,1657.9494,17.2703,96,0.013889,3.4.0
769294,Rb8SnO6,3480.9708,38.6775,90,0.0,3.4.0
3419,RbAuF4,1162.1017,32.2806,36,0.002315,3.4.0
3032,RbBF4,4016.8017,55.7889,72,0.268519,3.4.0
3654,RbCaF3,8305.741,553.7161,15,0.324074,3.4.0
23949,RbCaH3,16023.0588,1068.2039,15,0.0,3.4.0
569764,RbCu2I3,1629.1821,22.6275,72,0.00463,3.4.0
10985,RbCu3S2,1974.9051,54.8585,36,0.0,3.4.0
7477,RbErO2,2812.1419,234.3452,12,0.0,3.4.0
1888,RbGe,1353.7329,7.0507,192,0.009259,3.4.0
697144,RbH2N,4786.8592,199.4525,24,0.0,3.4.0
6300,RbHgSbSe3,1520.2986,21.1153,72,0.00463,3.4.0
743,RbN3,1713.1426,71.3809,24,0.0,3.4.0
555018,RbNa2AuO2,3682.1737,102.2826,36,0.0,3.4.0
10834,RbNd2CuS4,3477.1178,72.44,48,0.0,3.4.0
5808,RbNdTe2,855.398,71.2832,12,0.002315,3.4.0
4135,RbPO3,12182.7355,203.0456,60,0.0,3.4.0
4035,RbReO4,956.7035,26.5751,36,0.002315,3.4.0
3404,RbSO3,3632.8556,40.3651,90,1.141204,3.4.0
4721,RbSb3Se5,2039.0647,18.8802,108,0.333333,3.4.0
7650,RbScO2,9867.8664,411.1611,24,0.0,3.4.0
8145,RbScO2,4930.4979,410.8748,12,0.0,3.4.0
1074,RbSi,1627.7041,8.4776,192,0.0,3.4.0
3033,RbTaO3,9528.5916,158.8099,60,1.30787,3.4.0
652046,Re3S4Br,2479.5536,25.8287,96,0.0,3.4.0
190,ReO3,35809.4162,2984.118,12,1.078704,3.4.0
1716,Rh2O3,10430.2801,173.838,60,0.0,3.4.0
542734,Rh2O3,6180.2588,206.0086,30,0.0,3.4.0
2068,RhF3,9044.9955,376.8748,24,0.0,3.4.0
2030,RuS2,8749.0338,243.0287,36,0.0,3.4.0
1247,Sb2Ir,2667.7081,74.103,36,0.0,3.4.0
1999,Sb2O3,7463.7185,124.3953,60,0.673611,3.4.0
2136,Sb2O3,12455.6842,207.5947,60,0.0,3.4.0
1705,Sb2O5,7690.8296,183.115,42,0.0,3.4.0
2809,Sb2S3,5739.8273,95.6638,60,0.064815,3.4.0
2160,Sb2Se3,2883.8814,48.0647,60,0.050926,3.4.0
759707,Sb4O5F2,8345.8513,63.2261,132,0.180556,3.4.0
768372,SbBrO,4421.8318,40.9429,108,0.44213,3.4.0
1880,SbF3,3684.0878,153.5037,24,0.002315,3.4.0
8630,SbIrS,2322.4197,64.5117,36,0.0,3.4.0
1819,SbO2,7046.9667,195.7491,36,0.0,3.4.0
230,SbO2,9415.0328,130.7643,72,0.0,3.4.0
3439,SbPO4,8832.4897,245.3469,36,0.0,3.4.0
3930,Sc2MnS4,4638.612,110.4431,42,0.0,3.4.0
216,Sc2O3,23795.3228,198.2944,120,0.0,3.4.0
401,Sc2S3,7744.7797,129.0797,60,0.0,3.4.0
11022,ScAgO2,14506.4173,604.4341,24,0.0,3.4.0
973185,ScAgO2,7144.0897,595.3408,12,0.0,3.4.0
4471,ScAlO3,15673.8054,261.2301,60,0.0,3.4.0
3642,ScCuO2,12809.1207,533.7134,24,0.0,3.4.0
4636,ScCuO2,6446.1637,537.1803,12,0.0,3.4.0
4661,ScOF,13221.179,367.255,36,0.0,3.4.0
4662,ScOF,13221.8433,367.2734,36,0.0,3.4.0
4200,ScPO4,13176.6592,366.0183,36,0.0,3.4.0
726,SeO2,19314.02,268.2503,72,0.689815,3.4.0
147,Se,1340.1586,74.4533,18,0.0,3.4.0
28712,Si2Hg6O7,3365.5882,74.7908,45,0.002315,3.4.0
4497,Si2N2O,19261.2469,642.0416,30,0.0,3.4.0
17123,Si2Os,10838.2336,150.531,72,0.0,3.4.0
569815,Si2Ru,13367.0473,185.6534,72,0.0,3.4.0
2245,Si3N4,25717.5708,306.1616,84,0.0,3.4.0
988,Si3N4,32705.3026,778.6977,42,0.155093,3.4.0
2084,Si5Ir3,7590.0624,39.5316,192,0.0,3.4.0
3273,Si5P6O25,15968.3034,147.8547,108,0.0,3.4.0
1863,SiAs,2994.86,83.1906,36,0.001157,3.4.0
7140,SiC,13994.8857,1166.2405,12,0.0,3.4.0
8062,SiC,8063.1125,1343.8521,6,0.0,3.4.0
1818,SiF4,809.588,53.9725,15,0.0,3.4.0
978534,SiGe,3805.543,317.1286,12,0.0,3.4.0
10851,SiO2,18278.0446,676.9646,27,0.337963,3.4.0
11684,SiO2,33017.4477,458.5757,72,1.153935,3.4.0
12787,SiO2,21006.9803,389.0182,54,0.078704,3.4.0
15078,SiO2,52954.0145,326.8766,162,4.451389,3.4.0
16964,SiO2,29155.1919,269.9555,108,0.451389,3.4.0
17909,SiO2,20656.5276,191.2641,108,0.003472,3.4.0
546546,SiO2,14234.5668,527.2062,27,0.010417,3.4.0
553993,SiO2,18646.8955,129.4923,144,0.0,3.4.0
555740,SiO2,19519.319,271.1017,72,0.0,3.4.0
6922,SiO2,18321.6609,678.58,27,0.337963,3.4.0
6945,SiO2,25111.5253,697.5424,36,0.0,3.4.0
7000,SiO2,9141.6562,338.5799,27,0.002315,3.4.0
7029,SiO2,25047.5424,695.7651,36,0.0,3.4.0
7087,SiO2,86210.0057,2394.7224,36,1.805556,3.4.0
8059,SiO2,36122.9746,501.708,72,0.037037,3.4.0
8352,SiO2,59526.2056,3307.0114,18,0.462963,3.4.0
2488,SiOs,2574.9201,107.2883,24,0.00463,3.4.0
4769,SiP2O7,47994.6567,399.9555,120,1.365741,3.4.0
2798,SiP,10886.6856,151.204,72,0.0,3.4.0
149,Si,5197.3729,866.2288,6,0.0,3.4.0
165,Si,8770.9191,730.9099,12,0.0,3.4.0
1745,Sm2O3,7659.6155,170.2137,45,0.081019,3.4.0
218,Sm2O3,13382.3179,111.5193,120,0.0,3.4.0
1403,Sm2S3,4436.0705,73.9345,60,0.0,3.4.0
5598,Sm2SO2,2853.9178,190.2612,15,0.0,3.4.0
2883,Sm2Sn2O7,10190.1775,154.3966,66,0.0,3.4.0
3073,Sm2Te4O11,8870.2296,86.963,102,0.3125,3.4.0
3335,Sm2Ti2O7,33203.6146,503.0851,66,1.387731,3.4.0
4408,Sm2Zr2O7,14862.0021,225.1819,66,0.0,3.4.0
21604,Sm3InS6,6516.9808,54.3082,120,0.0,3.4.0
3154,Sm3Sb5O12,7587.6349,63.2303,120,0.0,3.4.0
754217,SmIO,5637.0073,313.1671,18,0.0,3.4.0
3831,SmPO4,7823.1351,108.6547,72,0.0,3.4.0
3897,SmPS4,3896.8146,27.0612,144,0.0,3.4.0
3317,SmRhO3,9596.1353,159.9356,60,0.0,3.4.0
3756,SmTaO4,9070.4059,251.9557,36,0.0,3.4.0
1509,Sn2S3,3502.1959,58.3699,60,0.032407,3.4.0
1443,Sn3F8,4930.9043,74.7107,66,0.006944,3.4.0
2843,SnF2,5110.4981,70.9791,72,0.150463,3.4.0
2706,SnF4,4265.0994,284.34,15,0.0,3.4.0
571146,SnICl,1501.5625,41.7101,36,0.0,3.4.0
856,SnO2,8531.4878,473.9715,18,0.0,3.4.0
2097,SnO,12062.7688,1005.2307,12,0.185185,3.4.0
4252,SnPS3,2475.5397,41.259,60,0.175926,3.4.0
2231,SnS,2787.9498,116.1646,24,0.0,3.4.0
665,SnSe2,1457.3766,161.9307,9,0.0,3.4.0
691,SnSe,1701.8342,70.9098,24,0.0,3.4.0
11919,Sr(BeN)2,23155.1865,771.8395,30,0.0,3.4.0
4157,Sr(NO3)2,5299.7864,49.0721,108,0.0,3.4.0
3765,Sr(PO3)2,17643.1246,81.6811,216,0.699074,3.4.0
4578,Sr2GeS4,4904.6069,116.7764,42,0.553241,3.4.0
14283,Sr2InF7,8926.1221,74.3844,120,0.342593,3.4.0
10556,Sr2LiReN4,5554.7352,115.7237,48,0.0,3.4.0
3870,Sr2Nb2O7,27324.7408,414.0112,66,2.578704,3.4.0
20222,Sr2NbInO6,8777.4944,146.2916,60,0.0,3.4.0
4103,Sr2Sb2O7,8984.6308,136.1308,66,0.0,3.4.0
18510,Sr2SiO4,7059.4695,84.0413,84,0.0,3.4.0
3376,Sr2SnO4,10365.2053,493.5812,21,0.773148,3.4.0
4287,Sr2SnO4,17759.9916,211.4285,84,0.0,3.4.0
17057,Sr2SnSe3F2,5951.367,61.9934,96,0.0,3.4.0
770419,Sr2Zr7O16,21221.1459,282.9486,75,1.453704,3.4.0
4632,Sr3(PO4)2,5015.9387,128.6138,39,0.0,3.4.0
558642,Sr3Bi(ClO)3,4710.7421,39.2562,120,0.0,3.4.0
17149,Sr3ErRhO6,6613.7112,100.2077,66,0.0,3.4.0
1853,Sr3P14,2085.7428,20.4485,102,0.0,3.4.0
3349,Sr3Ti2O7,21777.4361,604.9288,36,0.0,3.4.0
3956,Sr3UO6,7473.6465,124.5608,60,0.002315,3.4.0
8877,Sr4Al6SO12,13975.5639,202.5444,69,0.402778,3.4.0
4598,Sr4PtO6,5832.8318,88.3762,66,0.0,3.4.0
3094,SrAl2O4,8916.2931,106.1463,84,0.0,3.4.0
3788,SrAl4O7,15183.1103,210.8765,72,0.0,3.4.0
2630,SrC2,6516.8728,724.097,9,0.395833,3.4.0
3822,SrCO3,8503.4173,141.7236,60,0.0,3.4.0
21228,SrCuSeF,2875.9971,119.8332,24,0.0,3.4.0
981,SrF2,3079.508,342.1676,9,0.0,3.4.0
1244,SrGe2,1744.1958,24.2249,72,0.0,3.4.0
3378,SrHfO3,14267.4018,237.79,60,0.0,3.4.0
3721,SrHfO3,15518.0765,517.2692,30,0.217593,3.4.0
4551,SrHfO3,23701.7676,1580.1178,15,1.106481,3.4.0
4673,SrHfO3,27013.4317,450.2239,60,0.68287,3.4.0
540688,SrIn2O4,10537.044,125.441,84,0.0,3.4.0
7756,SrLiSb,1959.1709,54.4214,36,0.0,3.4.0
2131,SrN6,4439.3192,105.6981,42,0.0,3.4.0
4591,SrNb2O6,36024.6133,333.5612,108,0.231481,3.4.0
2697,SrO2,7842.122,871.3469,9,0.560185,3.4.0
2472,SrO,2726.2306,454.3718,6,0.0,3.4.0
12622,SrPdF4,3837.828,106.6063,36,0.0,3.4.0
1950,SrS2,2857.5286,158.7516,18,0.0,3.4.0
1175,SrS3,2217.9923,92.4163,24,0.284722,3.4.0
1087,SrS,1329.6859,221.6143,6,0.0,3.4.0
770771,SrSc2O4,16439.8843,195.7129,84,0.0,3.4.0
3395,SrSeO3,5481.0427,182.7014,30,0.162037,3.4.0
4092,SrSeO4,4747.3894,65.936,72,0.0,3.4.0
2758,SrSe,1442.805,240.4675,6,0.0,3.4.0
4549,SrSiN2,14155.2194,294.9004,48,0.0,3.4.0
3978,SrSiO3,7160.4606,79.5607,90,0.0,3.4.0
2879,SrSnO3,14408.2925,240.1382,60,0.0,3.4.0
3252,SrTe3O8,14490.4603,201.2564,72,1.166667,3.4.0
4274,SrTeO4,6918.3478,96.0882,72,0.0,3.4.0
1958,SrTe,1267.3068,211.2178,6,0.0,3.4.0
4651,SrTiO3,34895.7026,1163.1901,30,0.037037,3.4.0
3446,SrTm2O4,9581.4523,114.0649,84,0.0,3.4.0
3311,SrUO4,15017.7685,208.5801,72,0.009259,3.4.0
558616,SrZnP2O7,7123.4291,53.9654,132,0.002315,3.4.0
3626,SrZrO3,29220.6653,487.0111,60,1.106481,3.4.0
4387,SrZrO3,12376.1984,206.27,60,0.0,3.4.0
10390,Ta2O5,14186.6221,337.7767,42,0.0,3.4.0
4425,Ta2Pt3Se8,3901.0964,50.0141,78,0.0,3.4.0
4624,TaBO4,13231.7286,367.548,36,0.0,3.4.0
4081,TaCu3Se4,890.5059,37.1044,24,0.0,3.4.0
3102,TaCuS3,6606.7755,110.1129,60,0.0,3.4.0
4165,TaNO,12255.9224,340.4423,36,0.0,3.4.0
510,TaO2,20649.6826,143.4006,144,2.146991,3.4.0
1056,Tb2O3,13044.9926,108.7083,120,0.0,3.4.0
2457,Tb2O3,7085.1617,157.448,45,0.0,3.4.0
4602,Tb2Ti2O7,31057.8036,470.5728,66,1.167824,3.4.0
20606,Tb3In5S12,5265.4587,43.8788,120,0.006944,3.4.0
3551,TbAgTe2,1004.9113,41.8713,24,0.0,3.4.0
4434,TbAlO3,14497.5526,241.6259,60,0.0,3.4.0
3248,TbAsO4,7247.4581,201.3183,36,0.0,3.4.0
11347,TbF3,6297.9576,131.2074,48,0.0,3.4.0
4340,TbPO4,7083.4801,196.7633,36,0.0,3.4.0
4672,TbPS4,3899.0348,27.0766,144,0.0,3.4.0
10782,TbRbSe2,922.6171,76.8848,12,0.0,3.4.0
569507,TbTlSe2,729.3531,60.7794,12,0.0,3.4.0
602,Te2Mo,1849.7258,102.7625,18,0.0,3.4.0
554952,Te2Pb3(ClO3)2,5500.9766,70.5253,78,0.253472,3.4.0
484,Te3As2,2062.3283,68.7443,30,0.101852,3.4.0
1875,TeF6,984.434,11.7195,84,0.601852,3.4.0
2125,TeO2,14007.8654,194.5537,72,0.092593,3.4.0
2739,TeO2,6796.4802,188.7911,36,0.0,3.4.0
557,TeO2,6794.5258,188.7368,36,0.0,3.4.0
2552,TeO3,9466.5306,394.4388,24,0.0,3.4.0
1666,Th2S5,5924.8214,70.5336,84,0.0,3.4.0
2392,Th2Se5,83301.7959,991.688,84,7.398148,3.4.0
7768,Th2SeN2,2834.3482,188.9565,15,0.0,3.4.0
467,Th3N4,6289.876,299.5179,21,0.0,3.4.0
27697,ThI4,1460.5911,24.3432,60,0.011574,3.4.0
643,ThO2,6389.8861,709.9873,9,0.0,3.4.0
1146,ThS2,3088.2074,85.7835,36,0.0,3.4.0
5836,ThSiO4,8868.3823,246.344,36,0.0,3.4.0
7651,ThSiO4,10444.3543,145.0605,72,0.0,3.4.0
4733,ThTi2O6,15240.7531,282.2362,54,0.064815,3.4.0
504427,Ti3PbO7,17309.6585,262.2676,66,0.0,3.4.0
866154,TiBeIr2,2028.3028,169.0252,12,0.0,3.4.0
924130,TiNiSn,1084.9162,120.5462,9,0.0,3.4.0
1439,TiO2,13341.2146,370.5893,36,0.0,3.4.0
1840,TiO2,21692.3786,301.283,72,0.0,3.4.0
2657,TiO2,17732.0354,985.1131,18,0.0,3.4.0
390,TiO2,13781.6516,765.6473,18,0.0,3.4.0
775938,TiO2,50129.0562,464.1579,108,0.907407,3.4.0
753048,TiSnO4,12465.8139,230.8484,54,0.0,3.4.0
17986,TiTl2O3,11179.6928,155.2735,72,0.0,3.4.0
667,Tl2S,3316.9267,40.9497,81,0.009259,3.4.0
543028,Tl2TeO3,4189.0059,29.0903,144,0.171296,3.4.0
4584,Tl3BO3,3104.2314,73.9103,42,1.391204,3.4.0
4160,Tl3PSe4,739.8289,7.7066,96,0.013889,3.4.0
23380,Tl3PbI5,577.4692,5.3469,108,0.013889,3.4.0
4762,TlAg3S2,2309.4715,32.076,72,2.37963,3.4.0
29238,TlAgSe,928.622,25.7951,36,0.0,3.4.0
5874,TlAgTe,820.8984,22.8027,36,0.0,3.4.0
28442,TlAs5S8,2042.4792,12.1576,168,0.00463,3.4.0
28809,TlBS3,3431.8727,57.1979,60,0.0,3.4.0
2632,TlF3,6644.5994,138.4292,48,0.0,3.4.0
2175,TlF,9166.1028,1527.6838,6,0.611111,3.4.0
720,TlF,3528.7017,147.0292,24,0.00463,3.4.0
3785,TlGaTe2,1142.3938,47.5997,24,0.021991,3.4.0
3075,TlGeS2,2825.6235,29.4336,96,0.009259,3.4.0
870,TlN3,3422.5374,142.6057,24,0.094907,3.4.0
541487,TlPt2Se3,1419.3386,39.4261,36,0.001157,3.4.0
3267,TlSb5S8,2203.4952,13.116,168,0.520833,3.4.0
39,Tl,2342.3098,780.7699,3,2.423611,3.4.0
4324,Tm2CdS4,3712.7044,88.3977,42,0.0,3.4.0
1767,Tm2O3,12561.9215,104.6827,120,0.0,3.4.0
2309,Tm2S3,3279.5062,54.6584,60,0.0,3.4.0
3556,Tm2SO2,2725.6275,181.7085,15,0.0,3.4.0
3334,Tm2Sn2O7,10557.0736,159.9557,66,0.0,3.4.0
558534,Tm3B5O12,29014.2994,120.8929,240,0.0,3.4.0
640324,TmCuPbSe3,2240.5928,31.1193,72,0.0,3.4.0
2275,UF6,1568.6439,18.6743,84,0.268519,3.4.0
1776,UN2,48148.2057,5349.8006,9,0.041667,3.4.0
375,UO3,25032.3926,2086.0327,12,0.203704,3.4.0
3516,UTeO5,20747.9108,246.9989,84,0.037037,3.4.0
3762,VCu3S4,1149.2402,47.885,24,0.0,3.4.0
224,WS2,3452.9384,191.8299,18,0.0,3.4.0
1821,WSe2,2344.5329,130.2518,18,0.0,3.4.0
753917,Y2HfO5,9277.7857,193.2872,48,0.033565,3.4.0
755537,Y2HfO5,15204.5018,316.7605,48,0.0,3.4.0
2652,Y2O3,17511.5241,145.9294,120,0.0,3.4.0
541289,Y2S3,6331.4273,70.3492,90,0.0,3.4.0
17404,Y2Si2O7,11939.3323,90.4495,132,0.0,3.4.0
3520,Y2SiO5,9735.3811,101.4102,96,0.00463,3.4.0
3370,Y2Sn2O7,11582.5076,175.4925,66,0.0,3.4.0
3050,Y3Al5O12,26028.8532,108.4536,240,0.0,3.4.0
5409,Y4Al2O9,14645.747,81.3653,180,0.094907,3.4.0
30250,YAgO2,9180.4359,382.5182,24,0.0,3.4.0
3792,YAlO3,15089.5034,251.4917,60,0.0,3.4.0
2918,YCuO2,7509.0728,312.878,24,0.0,3.4.0
10533,YCuS2,3573.135,74.4403,48,0.0,3.4.0
2416,YF3,7588.489,158.0935,48,0.0,3.4.0
3637,YOF,5090.3061,282.7948,18,0.0,3.4.0
23220,YbCl2,3777.9977,52.4722,72,0.0,3.4.0
570418,YbI2,346.1276,38.4586,9,0.0,3.4.0
1216,YbO,2478.7671,413.1279,6,0.0,3.4.0
1820,YbS,752.0577,125.343,6,0.0,3.4.0
286,YbSe,697.4723,116.2454,6,0.0,3.4.0
1779,YbTe,842.9993,140.4999,6,0.0,3.4.0
3188,Zn(SbO3)2,11757.8185,217.7374,54,0.0,3.4.0
3789,Zn2SiO4,6577.4079,52.2016,126,0.0,3.4.0
3502,Zn2Te3O8,8732.8243,111.9593,78,0.112269,3.4.0
14921,Zn4B6SeO12,21539.4799,312.1664,69,0.0,3.4.0
1873,ZnF2,6460.8161,358.9342,18,0.0,3.4.0
2979,ZnGeN2,7836.6756,163.2641,48,0.0,3.4.0
4524,ZnGeP2,3473.586,144.7328,24,0.0,3.4.0
1986,ZnO,1751.8719,291.9787,6,0.0,3.4.0
2133,ZnO,3284.8149,273.7346,12,0.0,3.4.0
1392,ZnP2,5690.7856,79.0387,72,0.0,3.4.0
2782,ZnP2,4953.7151,68.8016,72,0.0,3.4.0
3342,ZnPS3,2571.7328,85.7244,30,0.009259,3.4.0
10281,ZnS,3128.3992,130.35,24,0.0,3.4.0
9946,ZnS,4557.4839,126.5968,36,0.0,3.4.0
18373,ZnSe2O5,8380.0955,87.2927,96,0.032407,3.4.0
1190,ZnSe,900.5338,150.089,6,0.0,3.4.0
380,ZnSe,1625.1445,135.4287,12,0.0,3.4.0
3595,ZnSiAs2,2782.7713,115.9488,24,0.0,3.4.0
4763,ZnSiP2,3178.044,132.4185,24,0.0,3.4.0
4175,ZnSnP2,2487.5835,103.6493,24,0.0,3.4.0
2176,ZnTe,602.6879,100.448,6,0.0,3.4.0
4325,Zr(SO4)2,18698.3702,141.6543,132,0.37963,3.4.0
277,Zr3N4,17284.8505,205.772,84,0.0,3.4.0
23162,ZrCl2,1930.1648,214.4628,9,0.002315,3.4.0
8042,ZrGeO4,9530.7099,264.7419,36,0.0,3.4.0
924129,ZrNiSn,1650.6041,183.4005,9,0.0,3.4.0
2574,ZrO2,13704.9858,761.3881,18,0.0,3.4.0
2858,ZrO2,13048.0913,362.447,36,0.0,3.4.0
1186,ZrS2,2521.5146,280.1683,9,0.0,3.4.0
756361,ZrSeO,2843.5385,78.9872,36,0.0,3.4.0
4820,ZrSiO4,12686.6464,352.4068,36,0.0,3.4.0
4759,ZrTe3O8,14119.0042,98.0486,144,2.768519,3.4.0
