mp_id,material,n_atoms_primitive,n_atoms_unitcell,avg_mass_AMU,fc_mean,fc_max,on_site_norm,trace_ratio,aniso,interaction_range,phonopy_version
4691,Ag2CO3,12,12,45.9575,0.914139,91.919687,45.078105,0.532437,0.138702,1.0,3.4.0
11641,Ag2SeO4,14,56,51.242,0.831668,82.500527,30.899421,0.532023,0.266246,1.0,3.4.0
4431,Ag3AsS3,14,42,70.6745,0.440765,15.989771,12.541496,0.618528,0.388342,0.948365,3.4.0
4515,Ag3SbS3,14,42,77.3657,0.433785,13.607432,12.24394,0.643692,0.445175,0.91222,3.4.0
5563,Ag5GeO4,40,40,67.5979,0.774369,50.397062,19.757002,0.612321,0.33572,1.0,3.4.0
4004,Ag5SbS4,20,40,78.9361,0.415676,15.052661,9.780806,0.668831,0.413655,0.981013,3.4.0
570340,AgAuCl4,12,24,74.4411,0.407643,35.627699,15.020365,0.546528,0.16561,0.768421,3.4.0
22894,AgI,4,4,117.3863,0.170918,7.961235,6.450384,0.999655,0.999012,0.712598,3.4.0
3414,AgSbF6,32,64,42.9523,1.225465,81.645976,27.098301,0.528276,0.240252,1.0,3.4.0
3922,AgSbS2,16,32,73.4395,0.418179,12.858266,11.371031,0.75137,0.513488,0.981579,3.4.0
625739,Al(HO)3,56,56,11.1434,1.226543,57.84848,45.368913,0.504507,0.216399,1.0,3.4.0
4417,Al2(SO4)3,34,102,20.1265,2.138187,133.453655,67.406405,0.591705,0.36656,1.0,3.4.0
3159,Al2CdSe4,7,14,68.8877,0.455267,18.041744,14.760264,0.827371,0.610832,1.0,3.4.0
3807,Al2CdSe4,14,56,68.8877,0.809216,14.631904,13.414333,0.75604,0.634059,1.0,3.4.0
3038,Al2HgSe4,7,14,81.4847,0.447275,17.753705,14.300798,0.82131,0.611152,1.0,3.4.0
1143,Al2O3,10,30,20.3923,1.310704,35.642241,33.50107,0.83648,0.645803,1.0,3.4.0
2254,Al2O3,40,40,20.3923,1.851524,47.097534,35.223284,0.757221,0.512351,1.0,3.4.0
23995,Al2P3(HO3)3,34,34,17.2884,2.458905,104.25266,54.694664,0.567763,0.320761,0.981563,3.4.0
2654,Al2S3,30,30,30.0316,0.569034,22.413513,18.639498,0.726602,0.455322,1.0,3.4.0
4753,Al2SiO5,32,32,20.2557,1.396574,76.89944,45.645247,0.656556,0.36903,1.0,3.4.0
2908,Al2ZnO4,14,56,26.1915,2.023356,34.802917,29.938053,0.780258,0.670387,1.0,3.4.0
1591,Al4C3,7,21,20.5655,1.2119,35.883121,29.274144,0.819326,0.652279,1.0,3.4.0
3281,Al5BO9,30,60,19.3142,1.414841,75.854288,44.386517,0.652678,0.34192,1.0,3.4.0
2172,AlAs,2,8,50.9516,0.87854,18.126005,17.418121,1.0,1.0,1.0,3.4.0
3098,AlCuO2,8,8,30.6316,0.864652,35.712133,31.684416,0.678933,0.470759,1.0,3.4.0
3748,AlCuO2,4,12,30.6316,1.018148,35.722489,31.732129,0.677407,0.470559,1.0,3.4.0
8016,AlCuSe2,8,16,62.1119,0.370129,17.485198,14.595598,0.928372,0.850642,0.954724,3.4.0
1323,AlF3,64,64,20.9942,0.846213,44.71783,28.454648,0.574776,0.32605,1.0,3.4.0
468,AlF3,8,24,20.9942,1.087954,40.853052,28.004354,0.608942,0.397666,1.0,3.4.0
23933,AlH3,8,24,7.5013,0.533846,23.055915,14.419698,0.621326,0.367164,1.0,3.4.0
1700,AlN,2,8,20.4941,2.037662,36.179535,35.764108,1.0,1.0,1.0,3.4.0
661,AlN,4,4,20.4941,1.141654,36.275432,35.974716,0.97331,0.91993,1.0,3.4.0
3955,AlPO4,18,18,20.3255,2.854232,110.994669,65.326598,0.599795,0.361087,1.0,3.4.0
4051,AlPO4,12,24,20.3255,2.224103,112.541477,66.842968,0.599537,0.372785,1.0,3.4.0
1550,AlP,2,8,28.9777,1.000265,20.473093,19.587474,1.0,1.0,1.0,3.4.0
2624,AlSb,2,8,74.3708,0.697969,15.048515,14.409637,1.0,1.0,1.0,3.4.0
3751,AlTlF4,12,24,51.2264,0.527185,39.514043,19.315864,0.578595,0.345178,1.0,3.4.0
1581,As2O3,20,20,39.5683,1.034469,37.47482,30.785251,0.653994,0.354666,1.0,3.4.0
1582,As2O3,20,20,39.5683,1.033492,37.979409,30.742969,0.656204,0.367362,1.0,3.4.0
2184,As2O3,20,80,39.5683,1.438965,36.999605,29.646727,0.647332,0.400113,1.0,3.4.0
2455,As2Os,6,6,113.3577,0.673869,34.461274,28.526457,0.822682,0.695979,1.0,3.4.0
766,As2Ru,6,6,83.6377,0.607585,31.55434,26.02686,0.819136,0.690855,1.0,3.4.0
909,As2Se3,20,20,77.3446,0.347036,13.959526,12.724896,0.730087,0.411004,0.860504,3.4.0
942,AuF3,24,24,63.4904,0.881204,63.292612,32.548475,0.524546,0.114135,1.0,3.4.0
306,B2O3,15,15,13.924,1.740196,75.55727,69.103735,0.574375,0.139705,1.0,3.4.0
717,B2O3,10,20,13.924,2.585566,65.619823,56.699333,0.704885,0.412987,1.0,3.4.0
696746,B4C,15,45,11.0509,2.746872,91.814801,47.944584,0.703307,0.519358,1.0,3.4.0
624,B6As,14,42,19.9697,2.394375,42.985084,39.533948,0.760332,0.55978,1.0,3.4.0
1346,B6O,14,42,11.5522,2.766377,51.473536,46.741105,0.724818,0.494763,1.0,3.4.0
3277,BAsO4,6,12,24.955,1.871579,79.016252,50.979962,0.66465,0.399791,1.0,3.4.0
4674,BNF8,40,40,17.6805,1.320989,82.367709,39.725438,0.57631,0.358803,0.98481,3.4.0
984,BN,4,4,12.4089,1.715963,78.00429,75.592305,0.736894,0.210683,1.0,3.4.0
3589,BPO4,6,12,17.6304,2.391517,110.121481,66.172373,0.648078,0.418237,1.0,3.4.0
1479,BP,2,8,20.8924,1.613274,38.904967,36.525769,1.0,1.0,1.0,3.4.0
160,B,12,36,10.811,0.74221,45.505146,39.195172,0.798816,0.663059,0.940559,3.4.0
4255,Ba(CuS)2,5,10,65.7098,0.350229,11.408865,8.12694,0.92777,0.820548,0.937079,3.4.0
4473,Ba(CuSe)2,20,20,84.4678,0.253715,12.776732,8.931836,0.796783,0.586719,0.905882,3.4.0
17928,Ba(ErTe2)2,28,28,140.3207,0.31275,10.286486,8.695546,0.827209,0.665931,1.0,3.4.0
4396,Ba(NO3)2,36,36,29.0374,4.133808,108.383404,60.933953,0.58246,0.230482,1.0,3.4.0
2983,Ba(PN2)2,84,84,36.4716,2.155515,76.766927,52.197249,0.681881,0.454253,1.0,3.4.0
4727,Ba(SbSe2)2,56,56,99.5267,0.3285,12.187299,9.116579,0.757874,0.507736,1.0,3.4.0
17501,Ba(ScTe2)2,28,28,105.377,0.30439,9.351377,8.578321,0.850548,0.704902,1.0,3.4.0
756725,Ba2CaI6,18,18,119.5732,0.135714,8.27358,4.994583,0.727781,0.492181,0.967366,3.4.0
16904,Ba2CdTe3,24,24,128.3108,0.191818,7.969776,6.960339,0.770425,0.567224,0.998834,3.4.0
21879,Ba2CePtO6,10,40,70.585,1.879501,71.951897,26.570474,0.674584,0.511876,1.0,3.4.0
555284,Ba2NdAlO5,18,18,58.4305,0.68333,45.35753,22.277745,0.632761,0.379049,1.0,3.4.0
3359,Ba2SnO4,7,14,65.3374,0.703942,41.95503,19.76094,0.645353,0.467351,1.0,3.4.0
14552,Ba2SrUO6,20,20,69.6299,1.138223,70.231574,20.968851,0.65099,0.427283,1.0,3.4.0
3397,Ba2TiO4,28,28,55.2169,0.898254,63.398127,25.846048,0.621926,0.381736,1.0,3.4.0
558629,Ba2ZnSi2O7,24,48,42.3501,1.308001,75.716633,37.439619,0.626009,0.377925,1.0,3.4.0
3813,Ba2ZrS4,7,14,70.5911,0.467786,18.921206,12.038986,0.545726,0.282369,1.0,3.4.0
3857,Ba3(PO4)2,13,39,46.3018,2.959663,100.157474,42.514467,0.58967,0.372134,1.0,3.4.0
2911,Ba3(SnP2)2,36,36,85.9218,0.274985,16.459402,10.653454,0.789609,0.595459,0.998446,3.4.0
3361,Ba3Al2F12,68,68,40.8191,0.529961,42.917394,17.665876,0.667734,0.454773,1.0,3.4.0
524,Ba3As14,34,34,85.9343,0.270112,14.796226,12.190963,0.786781,0.504166,0.881481,3.4.0
16978,Ba3MgSb2O9,30,30,54.92,0.896785,66.429752,26.497285,0.685681,0.473622,1.0,3.4.0
1195,Ba3P14,34,34,49.742,0.353023,20.531779,16.425292,0.786332,0.49977,0.841394,3.4.0
755363,Ba3SiO,20,20,91.2132,0.321754,6.850963,6.288562,0.800775,0.612152,0.989873,3.4.0
9668,Ba3TiS5,18,36,68.9081,0.353222,35.426217,14.047375,0.667762,0.435058,1.0,3.4.0
6795,Ba5Ho8Zn4O21,38,76,68.5154,1.06745,28.356666,18.073231,0.741883,0.536451,1.0,3.4.0
3563,Ba5Nb4O15,24,24,54.0938,1.314917,60.341892,26.21886,0.663603,0.469423,1.0,3.4.0
3828,BaAl2O4,14,14,36.4697,1.136714,50.144034,36.437188,0.672299,0.454846,1.0,3.4.0
4202,BaAl2O4,56,56,36.4697,1.122326,50.590067,35.675417,0.660416,0.413169,1.0,3.4.0
4376,BaAlF5,28,28,37.0429,0.674327,41.698038,19.237262,0.622774,0.392709,1.0,3.4.0
28049,BaBrCl,12,12,84.228,0.175964,7.132973,5.393228,0.853426,0.723347,1.0,3.4.0
4559,BaCO3,5,15,39.4672,1.249163,98.382414,52.780602,0.620456,0.322309,0.989916,3.4.0
5504,BaCO3,20,20,39.4672,1.826603,97.701615,52.299576,0.621425,0.318358,1.0,3.4.0
23199,BaCl2,12,12,69.411,0.194925,7.771405,5.83119,0.816779,0.653891,1.0,3.4.0
568662,BaCl2,3,12,69.411,0.257467,7.118881,5.474884,1.0,1.0,1.0,3.4.0
1029,BaF2,3,12,58.4413,0.436994,12.168219,8.130889,1.0,1.0,1.0,3.4.0
4309,BaGa4S7,24,24,53.3895,0.419371,20.591644,16.506801,0.748702,0.451645,1.0,3.4.0
2139,BaGe2,24,24,94.2023,0.314133,12.663862,10.102959,0.684529,0.500118,0.963158,3.4.0
3848,BaGe4O9,42,42,40.8487,1.178442,57.657416,37.88821,0.624499,0.321228,1.0,3.4.0
3915,BaHgO2,4,12,92.4789,0.677077,40.756351,23.803387,0.534293,0.255911,1.0,3.4.0
752656,BaLa2O4,28,28,68.4479,0.904998,21.483569,13.613095,0.813196,0.621395,1.0,3.4.0
1707,BaN6,14,14,31.6239,2.81289,174.084807,102.957745,0.439157,0.147213,0.986231,3.4.0
2892,BaNd2O4,28,28,69.9727,0.945697,22.891078,15.493693,0.815816,0.624632,1.0,3.4.0
1105,BaO2,3,6,56.4419,0.618019,26.541831,21.20839,0.567931,0.314302,1.0,3.4.0
1342,BaO,2,8,76.6632,0.638646,9.119295,7.296016,1.0,1.0,1.0,3.4.0
684,BaS2,6,12,67.1523,0.261289,13.765139,11.913034,0.622121,0.414101,1.0,3.4.0
239,BaS3,8,8,58.3805,0.325905,18.667898,13.517601,0.628758,0.357323,0.938976,3.4.0
3164,BaSO4,24,24,38.8983,1.652481,123.127659,52.79233,0.592708,0.362112,1.0,3.4.0
1500,BaS,2,8,84.696,0.423999,7.49677,6.843179,1.0,1.0,1.0,3.4.0
3564,BaSc2O4,42,84,41.6052,1.135332,31.543681,20.842606,0.690972,0.460342,1.0,3.4.0
1253,BaSe,2,8,108.1435,0.37755,6.906794,6.412755,1.0,1.0,1.0,3.4.0
555387,BaSi2(BO4)2,52,52,26.3935,1.73355,79.643406,51.904181,0.659769,0.423481,1.0,3.4.0
3031,BaSi2O5,32,32,34.1869,1.332015,80.172051,50.88292,0.582608,0.328995,1.0,3.4.0
1477,BaSi2,24,24,64.4993,0.362166,15.417753,12.09627,0.685242,0.49976,0.97193,3.4.0
3777,BaSiN2,16,32,48.3565,1.008309,57.135641,36.15158,0.738588,0.492219,1.0,3.4.0
1000,BaTe,2,8,132.4635,0.32868,5.387949,5.187831,1.0,1.0,1.0,3.4.0
3943,BaTi2O5,24,48,39.1322,0.985211,47.974087,26.448729,0.638109,0.391962,1.0,3.4.0
3175,BaTi4O9,28,28,33.7707,1.314841,43.568937,28.469953,0.627521,0.358738,1.0,3.4.0
2998,BaTiO3,5,5,46.6384,0.939583,26.218416,18.233475,0.802341,0.703512,1.0,3.4.0
3952,BaY2O4,28,28,54.1623,0.80689,24.134781,17.001028,0.841027,0.665673,1.0,3.4.0
6089,BaZn2(PO4)2,52,52,35.2331,1.482429,103.504387,47.506304,0.611871,0.347819,1.0,3.4.0
3881,BaZnF4,12,24,46.4501,0.413598,19.834568,12.101512,0.6271,0.331883,1.0,3.4.0
4236,BaZnO2,12,12,58.6764,0.722248,20.49572,16.950613,0.618217,0.391864,1.0,3.4.0
3104,BaZrN2,8,8,64.1411,0.696539,41.326368,23.070602,0.740601,0.52975,1.0,3.4.0
1569,Be2C,3,12,10.0117,1.068355,34.335781,26.759758,1.0,1.0,1.0,3.4.0
3347,Be2SiO4,42,126,15.7296,1.346412,77.800761,43.479416,0.731158,0.484366,1.0,3.4.0
3081,BeAl2O4,28,28,18.139,1.336691,40.53188,33.913048,0.737733,0.562232,1.0,3.4.0
2542,BeO,4,4,12.5058,1.072283,34.667277,31.827612,0.988605,0.965816,1.0,3.4.0
422,BeS,2,8,20.5386,0.938465,21.261462,18.909154,1.0,1.0,1.0,3.4.0
1541,BeSe,2,8,43.9861,0.795079,18.521437,16.422103,1.0,1.0,1.0,3.4.0
252,BeTe,2,8,68.3061,0.642855,15.791683,13.998943,1.0,1.0,0.904762,3.4.0
23237,BiF3,16,16,66.4939,0.599273,19.497882,11.78324,0.735582,0.464834,1.0,3.4.0
568388,BiI,8,16,167.9424,0.192514,10.005321,7.252259,0.792342,0.533591,0.746063,3.4.0
23074,BiOF,6,6,81.3261,0.809542,21.593103,15.274152,0.780388,0.639351,1.0,3.4.0
759825,BiOF,12,12,81.3261,0.61551,20.641162,14.048428,0.816837,0.581086,1.0,3.4.0
1167,CF4,10,20,17.6009,1.583178,89.441532,49.866422,0.565917,0.348242,1.0,3.4.0
990448,C,2,2,12.0107,1.74557,90.214229,90.214229,0.742528,0.227585,1.0,3.4.0
4555,Ca(AsO3)2,9,9,31.7686,1.849472,60.626835,34.97472,0.746314,0.427296,1.0,3.4.0
2898,Ca(AuO2)2,14,28,71.1441,0.855238,55.265168,32.018559,0.713499,0.35161,1.0,3.4.0
3417,Ca(BO2)2,28,28,17.9568,1.553926,75.779795,54.375648,0.555993,0.20205,1.0,3.4.0
558543,Ca(CO2)2,28,28,18.2996,1.619295,105.283458,68.199229,0.538773,0.190158,1.0,3.4.0
9570,Ca(CdP)2,5,5,65.3695,0.418467,12.542923,10.045359,0.907229,0.730495,1.0,3.4.0
9564,Ca(MgAs)2,5,5,47.7062,0.397705,11.586328,9.76727,0.941863,0.842502,1.0,3.4.0
3142,Ca(NO3)2,36,36,18.232,4.400762,112.46188,63.107453,0.552994,0.198994,1.0,3.4.0
18642,Ca(YS2)2,28,28,49.45,0.465878,15.094573,11.78093,0.864229,0.690827,1.0,3.4.0
3859,Ca2B2O5,36,36,20.1972,1.053452,73.181059,44.33504,0.600563,0.295981,1.0,3.4.0
4155,Ca2Nb2O7,22,88,34.3604,1.673557,43.644976,25.495883,0.630203,0.410677,1.0,3.4.0
4180,Ca2SiO4,28,28,24.6056,1.160567,77.340458,34.827787,0.621611,0.373341,1.0,3.4.0
4481,Ca2SiO4,28,28,24.6056,1.096675,74.375597,33.717371,0.61795,0.402537,1.0,3.4.0
4747,Ca2SnO4,14,14,37.5519,1.085019,41.567396,21.076518,0.752661,0.514908,1.0,3.4.0
3575,Ca3(BO3)2,22,66,21.6229,1.813333,68.294145,37.508682,0.638374,0.314977,1.0,3.4.0
17817,Ca3(GeP2)2,36,36,43.2677,0.33042,21.168578,13.452964,0.802411,0.614552,1.0,3.4.0
3487,Ca3(PO4)2,13,39,23.8597,3.361521,104.32535,45.794359,0.539755,0.287793,1.0,3.4.0
4192,Ca3AsN,20,20,41.8325,0.535621,13.913885,10.94902,0.714432,0.521147,1.0,3.4.0
1047,Ca3N2,10,30,29.6495,0.460644,13.224484,12.505668,0.878175,0.697519,1.0,3.4.0
844,Ca3N2,40,80,29.6495,0.642848,13.450358,12.68536,0.848801,0.728363,1.0,3.4.0
3932,Ca3Si2O7,48,48,24.0334,1.39795,78.841906,38.746575,0.606709,0.347605,1.0,3.4.0
4163,Ca3Ti2O7,24,48,27.3303,1.187712,35.424005,21.566834,0.690513,0.449224,1.0,3.4.0
8568,Ca4PtO6,22,66,41.0357,1.246888,76.530116,23.366303,0.687356,0.483361,1.0,3.4.0
3080,Ca5(Ga3O7)2,50,100,33.7088,1.062965,39.830308,26.817189,0.653641,0.373689,1.0,3.4.0
14600,CaAl2O4,56,56,22.577,1.167157,48.651346,34.7014,0.676102,0.383376,1.0,3.4.0
2963,CaAl2O4,84,84,22.577,1.495047,49.216356,34.912478,0.688678,0.41174,1.0,3.4.0
966582,CaAlH5,56,56,10.2999,0.363596,26.237091,11.827588,0.628443,0.358266,1.0,3.4.0
722262,CaB3H3O7,56,56,13.395,1.431358,78.889535,48.353507,0.601253,0.280777,1.0,3.4.0
1575,CaC2,6,12,21.3665,0.932674,79.785028,56.745293,0.553203,0.306077,1.0,3.4.0
2482,CaC2,3,6,21.3665,1.214486,78.435769,55.680151,0.517502,0.276253,1.0,3.4.0
917,CaC2,6,12,21.3665,0.932384,80.075153,56.707857,0.546839,0.297346,1.0,3.4.0
4124,CaCN2,4,12,20.0255,1.955361,137.776332,76.716378,0.521812,0.249064,1.0,3.4.0
3953,CaCO3,10,30,20.0174,1.3729,100.799584,54.839771,0.61154,0.306297,1.0,3.4.0
4626,CaCO3,20,20,20.0174,2.005922,102.491474,55.065538,0.596414,0.289385,1.0,3.4.0
2741,CaF2,3,12,26.0249,0.572236,14.296998,11.017624,1.0,1.0,1.0,3.4.0
3707,CaGe2O5,16,32,33.1694,1.113206,59.207394,34.335699,0.621407,0.335326,1.0,3.4.0
4279,CaGe2O5,32,32,33.1694,1.055924,46.585023,30.766853,0.740498,0.491549,1.0,3.4.0
642725,CaHClO,8,8,23.1346,0.541792,49.316562,28.354765,0.597927,0.337193,0.942308,3.4.0
676,CaN6,14,56,17.7312,2.276369,176.518885,105.853889,0.449616,0.157388,1.0,3.4.0
2605,CaO,2,8,28.0387,0.972548,15.693304,13.969414,1.0,1.0,1.0,3.4.0
11007,CaPSe3,20,20,61.5864,0.592738,31.37786,16.034196,0.647726,0.414674,1.0,3.4.0
8161,CaPdF4,12,24,37.0819,0.698239,44.373187,19.772489,0.611019,0.311811,1.0,3.4.0
3082,CaSO4,18,18,22.6901,1.236431,127.058312,55.801444,0.586497,0.358399,1.0,3.4.0
4406,CaSO4,12,24,22.6901,1.752734,126.532382,55.379937,0.594651,0.33776,1.0,3.4.0
1672,CaS,2,8,36.0715,0.5533,9.814453,9.748815,1.0,1.0,1.0,3.4.0
4056,CaSc2O4,28,28,27.7125,0.986082,28.093344,20.529522,0.829884,0.665224,1.0,3.4.0
1415,CaSe,2,8,59.519,0.47453,8.806819,8.559224,1.0,1.0,1.0,3.4.0
4782,CaSnF6,8,24,34.0973,0.849594,59.534329,23.640033,0.551859,0.316889,1.0,3.4.0
4190,CaSnO3,10,30,41.3572,0.891657,41.814394,24.0275,0.800685,0.535094,1.0,3.4.0
4438,CaSnO3,20,20,41.3572,1.307373,42.475644,24.653621,0.677868,0.42994,1.0,3.4.0
3079,CaTa4O11,32,32,58.7414,1.487106,53.845391,35.106074,0.661367,0.371868,1.0,3.4.0
1519,CaTe,2,8,83.839,0.386796,7.578526,7.140671,1.0,1.0,1.0,3.4.0
3442,CaTiO3,10,20,27.1886,1.546011,33.581592,22.292659,0.674035,0.496123,1.0,3.4.0
4019,CaTiO3,20,20,27.1886,1.525634,31.972899,21.75298,0.697173,0.493126,1.0,3.4.0
3960,CaUO4,6,18,57.0174,1.509084,64.206663,27.084599,0.71615,0.511717,1.0,3.4.0
3443,Cd(GaO2)2,14,56,45.1221,1.656248,26.033728,23.820546,0.730284,0.595425,1.0,3.4.0
4452,Cd(GaS2)2,7,14,54.3024,0.522685,19.469311,16.408671,0.828694,0.598987,1.0,3.4.0
3772,Cd(GaSe2)2,7,14,81.0996,0.434678,16.525092,14.011594,0.847776,0.642381,1.0,3.4.0
4659,Cd(PO3)2,72,72,30.0394,1.387735,106.409911,59.731893,0.536626,0.240946,1.0,3.4.0
3917,Cd2GeO4,28,28,51.6371,0.898273,55.69613,26.963452,0.611103,0.365705,1.0,3.4.0
4530,Cd2SiO4,14,56,45.2722,1.084257,69.751448,33.651846,0.580255,0.325012,1.0,3.4.0
27899,Cd3AsCl3,28,28,74.0734,0.32625,19.107386,10.826085,0.567122,0.273458,0.994852,3.4.0
4385,CdCO3,10,30,34.484,1.369453,97.943161,53.989913,0.629419,0.320916,1.0,3.4.0
241,CdF2,3,12,50.1359,0.56337,14.598136,11.097123,1.0,1.0,1.0,3.4.0
2951,CdGeO3,20,40,46.6098,1.446705,55.575577,32.601655,0.587418,0.301451,1.0,3.4.0
3668,CdGeP2,8,16,61.7496,0.445852,21.461561,17.629303,0.911362,0.790997,1.0,3.4.0
2310,CdO2,12,12,48.1366,0.708897,25.228433,21.603651,0.67385,0.493187,1.0,3.4.0
402,CdP2,12,12,58.1195,0.36165,21.341525,17.713301,0.81975,0.631211,0.864802,3.4.0
913,CdP2,24,24,58.1195,0.531369,21.21747,17.647096,0.823115,0.635665,0.957895,3.4.0
2469,CdS,2,8,72.238,0.685733,13.871872,12.234852,1.0,1.0,1.0,3.4.0
672,CdS,4,4,72.238,0.367776,13.789309,12.212091,0.990291,0.970874,1.0,3.4.0
1070,CdSe,4,4,95.6855,0.325786,12.58073,11.10157,0.99356,0.980679,1.0,3.4.0
2691,CdSe,2,8,95.6855,0.611742,12.699021,11.165907,1.0,1.0,1.0,3.4.0
3078,CdSiAs2,8,16,72.5849,0.42526,21.208807,16.921161,0.890107,0.74756,1.0,3.4.0
4666,CdSiP2,8,16,50.611,0.490183,24.938314,19.544199,0.870106,0.714097,1.0,3.4.0
754329,CdSnO3,10,30,55.8238,0.855954,40.952958,23.847266,0.798566,0.505298,1.0,3.4.0
849371,CdSnO3,20,20,55.8238,1.246548,39.695697,24.268914,0.674364,0.396288,1.0,3.4.0
406,CdTe,2,8,120.0055,0.517586,11.339001,9.881903,1.0,1.0,1.0,3.4.0
2956,Co2(GeS)3,32,96,53.9977,0.683159,31.034001,22.621605,0.806433,0.570511,1.0,3.4.0
2994,Co2(GeTe)3,32,96,89.8233,0.571939,25.409594,18.741348,0.771291,0.530378,1.0,3.4.0
16363,CoAsS,12,12,55.3066,0.756128,28.682354,25.139446,0.948198,0.922296,1.0,3.4.0
4627,CoAsS,12,12,55.3066,0.518992,28.592686,25.234021,0.948538,0.916467,0.979021,3.4.0
4338,Cr2CdS4,14,56,49.2376,1.006239,14.97658,11.233768,0.678514,0.517771,1.0,3.4.0
4182,CrAgS2,4,12,55.9986,0.535492,20.954575,13.364035,0.641849,0.428167,0.96729,3.4.0
3779,CrSiTe3,10,30,92.5763,0.405112,21.277907,13.124903,0.743505,0.579264,0.947899,3.4.0
7232,Cs2HgO2,5,10,99.6799,0.527169,39.518384,17.399501,0.598901,0.398351,1.0,3.4.0
13634,Cs2LiAl3F12,18,54,32.3154,1.203553,42.593772,20.557563,0.594708,0.363459,1.0,3.4.0
989405,Cs2LiInBr6,10,40,86.6994,0.423935,12.993428,5.147269,0.680646,0.520969,1.0,3.4.0
23752,Cs2MgH4,7,14,42.0211,0.147374,10.000734,4.967723,0.773492,0.645689,1.0,3.4.0
2884,Cs2Mn3S4,18,36,62.0983,0.432277,31.156379,20.723237,0.842642,0.60631,0.998446,3.4.0
3704,Cs2Mn3Se4,18,36,82.9406,0.372091,25.814433,17.920069,0.854117,0.649022,0.996892,3.4.0
30062,Cs2PtBr6,9,36,104.4799,0.769589,36.922772,11.230888,0.649389,0.474084,0.942857,3.4.0
23060,Cs2PtI6,9,36,135.8135,0.599014,26.419381,8.498958,0.649185,0.473778,0.980952,3.4.0
4047,Cs2SiF6,9,36,45.3208,1.628295,64.553297,21.347937,0.684991,0.527487,1.0,3.4.0
23405,Cs2TeBr6,9,36,96.9817,0.508922,19.474879,6.516371,0.639264,0.458896,1.0,3.4.0
23465,Cs2TeCl6,9,36,67.3477,0.620357,23.815838,7.545507,0.636401,0.454601,1.0,3.4.0
573763,Cs2Te,12,12,131.137,0.081713,3.616201,2.790787,0.806235,0.636384,0.822844,3.4.0
3247,Cs2TiS3,12,24,68.3122,0.429038,25.763408,12.032846,0.674905,0.386032,1.0,3.4.0
638729,Cs2ZrCl6,9,36,63.3059,0.748797,25.082289,9.343695,0.631433,0.44715,1.0,3.4.0
574070,Cs4Pb9,52,52,184.3401,0.169205,7.778704,5.699345,0.778013,0.505176,0.678118,3.4.0
2667,CsAu,2,2,164.936,0.072069,2.773161,2.258745,1.0,1.0,0.952756,3.4.0
3977,CsB3O5,36,36,27.2595,1.223171,78.111136,54.54635,0.621157,0.269582,1.0,3.4.0
560558,CsCdAuS2,10,20,101.2826,0.296596,18.878737,11.681634,0.622938,0.335607,0.941176,3.4.0
1784,CsF,2,8,75.9519,0.229465,3.593652,3.151362,1.0,1.0,1.0,3.4.0
606680,CsLi2Br3,6,12,64.4166,0.143065,4.23194,3.559434,0.729958,0.438512,0.987539,3.4.0
23364,CsLiCl2,8,8,52.6881,0.118501,4.401037,3.839215,0.773489,0.570116,0.987762,3.4.0
3288,CsNO2,12,12,44.7277,1.176791,74.090626,44.435031,0.603078,0.224129,1.0,3.4.0
505321,CsNb(CuTe2)2,32,32,107.913,0.31356,29.876903,13.562726,0.732563,0.527149,0.887795,3.4.0
582146,CsNb4Cl11,32,32,55.9071,0.381018,33.584498,17.152066,0.743336,0.449294,0.793307,3.4.0
984872,CsPb2Cl5,16,32,90.5713,0.205716,7.023945,5.033616,0.713562,0.513898,0.996063,3.4.0
11118,CsPrCdSe3,12,24,103.8507,0.238326,10.99629,8.677473,0.788112,0.611417,0.997669,3.4.0
9080,CsPrS2,4,12,84.4858,0.338783,12.766721,8.157248,0.900804,0.824927,1.0,3.4.0
2969,CsSbSe2,16,16,103.1464,0.261236,13.979497,8.741241,0.681062,0.355063,0.992126,3.4.0
7212,CsSmHgSe3,12,24,120.1226,0.239116,10.277634,8.541887,0.78359,0.621989,0.988345,3.4.0
30164,CsSn2Cl5,16,32,68.4488,0.216083,7.336211,5.248316,0.699278,0.457893,0.996063,3.4.0
361,Cu2O,6,6,47.6971,1.554279,32.565148,29.919094,0.581425,0.372138,1.0,3.4.0
3934,Cu3PS4,16,16,43.734,0.400891,29.490777,16.557431,0.825366,0.705513,0.802165,3.4.0
22913,CuBr,2,8,71.725,0.417849,10.578437,8.02409,1.0,1.0,1.0,3.4.0
22914,CuCl,2,8,49.4995,0.428676,10.701161,7.912414,1.0,1.0,1.0,3.4.0
22895,CuI,2,6,95.2252,0.2459,11.078922,8.686888,0.99784,0.996176,0.64486,3.4.0
32750,CuI,8,24,95.2252,0.270194,11.085691,8.6473,0.970256,0.955304,0.886842,3.4.0
927,CuP2,12,12,41.8312,0.398906,25.563994,19.437565,0.82295,0.60114,0.899767,3.4.0
4468,CuSbS2,16,16,62.359,0.337807,14.389246,12.121871,0.774409,0.556061,0.927165,3.4.0
28741,CuSe3Br,20,20,76.066,0.294319,14.613638,11.149118,0.742078,0.484617,0.902521,3.4.0
3261,Dy(BO2)3,160,160,29.0929,1.184618,57.591112,47.091847,0.714709,0.455878,1.0,3.4.0
3611,Dy2Hf2O7,22,88,72.1796,1.589546,40.916486,27.307978,0.636293,0.417232,1.0,3.4.0
2345,Dy2O3,40,80,74.5996,1.309588,27.760285,21.902055,0.818394,0.679608,1.0,3.4.0
1270,Dy2S3,20,20,84.239,0.454855,16.279091,13.719489,0.852109,0.692275,1.0,3.4.0
752405,Dy2SiO5,32,32,54.1353,1.18699,77.674792,37.517419,0.631091,0.388275,1.0,3.4.0
768317,Dy2SiO5,32,64,54.1353,1.190644,76.751173,37.437907,0.647163,0.397895,1.0,3.4.0
18219,Dy2SiSeO4,32,32,62.0054,0.999973,75.305865,33.896017,0.646388,0.343348,1.0,3.4.0
4024,DyAgTe2,8,8,131.3921,0.262061,11.336851,9.288287,0.801222,0.601206,0.917323,3.4.0
556108,DyTiClO3,12,24,48.9697,0.869092,38.437235,24.732268,0.701487,0.396487,1.0,3.4.0
3041,Er2CdS4,14,56,82.1699,0.856725,15.489103,12.934539,0.777933,0.6669,1.0,3.4.0
2460,Er2O3,15,30,76.5032,1.251753,29.865212,22.886283,0.796346,0.579461,1.0,3.4.0
679,Er2O3,40,80,76.5032,1.348176,28.687767,22.822682,0.815873,0.678372,1.0,3.4.0
2234,Er2S3,30,30,86.1426,0.618948,16.182218,13.603822,0.822035,0.651798,1.0,3.4.0
209,Er2Se3,20,80,114.2796,0.577334,14.096462,11.842913,0.811697,0.664001,1.0,3.4.0
555983,Er2SiO5,32,64,55.3251,1.210281,77.273524,38.109822,0.647207,0.396005,1.0,3.4.0
3688,Er2Sn2O7,22,88,62.1758,1.403825,47.624116,28.326259,0.658381,0.429755,1.0,3.4.0
3384,Er3Al5O12,80,160,41.4339,0.927556,48.853503,32.411472,0.671835,0.46935,1.0,3.4.0
4044,ErAgSe2,16,16,108.2618,0.315004,11.887103,10.037866,0.814904,0.610327,0.978346,3.4.0
546621,ErBi2BrO4,8,8,91.1402,0.628366,24.432975,17.763251,0.875606,0.79984,1.0,3.4.0
551250,ErBi2IO4,8,8,97.0152,0.597097,23.391486,17.087397,0.872083,0.780442,1.0,3.4.0
3457,ErP5O14,80,80,27.306,2.701414,111.669292,68.196078,0.521134,0.230554,1.0,3.4.0
4006,ErPO4,12,24,43.7051,3.297779,103.95672,52.303385,0.582203,0.332725,1.0,3.4.0
3444,ErTaO4,12,12,68.7007,1.180864,62.422415,33.855928,0.677197,0.435923,1.0,3.4.0
4123,ErTlS2,4,12,108.9431,0.372667,14.294899,9.218443,0.979478,0.945819,1.0,3.4.0
1522,FeS2,6,6,39.9917,0.614471,34.93303,29.024617,0.886093,0.770309,1.0,3.4.0
226,FeS2,12,12,39.9917,0.910593,34.311602,29.001158,0.974445,0.958838,1.0,3.4.0
1714,FeSi2,24,48,37.3387,0.969928,32.76351,27.002459,0.878572,0.783762,1.0,3.4.0
4809,Ga2HgS4,7,14,66.8994,0.508483,18.987443,15.723835,0.820202,0.593429,1.0,3.4.0
4730,Ga2HgSe4,7,14,93.6966,0.425506,16.250625,13.501767,0.843217,0.643739,1.0,3.4.0
1243,Ga2O3,10,30,37.4888,1.093175,28.339303,26.622899,0.803453,0.573787,1.0,3.4.0
886,Ga2O3,10,20,37.4888,1.106829,37.744149,30.455118,0.735082,0.448363,1.0,3.4.0
20496,Ga2PbO4,14,28,58.6634,0.98995,37.632657,28.681118,0.632051,0.325879,1.0,3.4.0
539,Ga2S3,10,20,47.1282,0.768527,19.726478,18.100895,0.754315,0.456795,1.0,3.4.0
1340,Ga2Se3,10,20,75.2652,0.627051,16.654391,15.10816,0.785154,0.522273,1.0,3.4.0
2371,Ga2Te5,7,14,111.0637,0.32366,12.535751,10.484968,0.766934,0.567132,0.994852,3.4.0
3107,Ga3PO7,11,33,32.0126,2.391557,104.955747,45.767088,0.641253,0.361598,1.0,3.4.0
3996,GaAsO4,18,18,34.7737,2.103319,78.196847,45.480137,0.603797,0.33395,1.0,3.4.0
4280,GaCuO2,4,12,41.317,0.899929,29.654016,28.118126,0.647698,0.418556,1.0,3.4.0
588,GaF3,8,24,31.6796,0.99295,35.738405,23.332868,0.610403,0.370952,1.0,3.4.0
804,GaN,4,4,41.8649,0.973208,31.60948,31.387102,0.99107,0.97321,1.0,3.4.0
830,GaN,2,8,41.8648,1.782403,31.66363,31.34151,1.0,1.0,1.0,3.4.0
4122,GaPO4,18,18,27.4491,2.643235,105.213324,58.823891,0.602148,0.346654,1.0,3.4.0
2490,GaP,2,8,50.3484,0.977746,21.312072,19.715347,1.0,1.0,1.0,3.4.0
2507,GaS,8,8,50.894,0.46108,17.799179,16.699388,0.85952,0.732728,0.925197,3.4.0
1572,GaSe,8,8,74.3415,0.399861,16.094192,14.824225,0.836191,0.704601,0.897638,3.4.0
1943,GaSe,8,8,74.3415,0.400147,16.15972,14.84378,0.836509,0.706293,0.858268,3.4.0
10009,GaTe,8,8,98.6615,0.337492,14.148648,12.627042,0.809421,0.652125,0.905512,3.4.0
542812,GaTe,12,24,98.6615,0.281168,14.094133,12.370153,0.82494,0.689973,0.885781,3.4.0
4187,Ge2N2O,10,20,37.8586,2.028859,52.113443,46.648016,0.73005,0.412106,1.0,3.4.0
223,GeO2,9,9,34.8796,2.207741,59.262595,46.924265,0.607255,0.334781,1.0,3.4.0
470,GeO2,6,6,34.8796,1.697604,44.748751,37.093541,0.687281,0.354536,1.0,3.4.0
733,GeO2,9,9,34.8796,2.207782,59.265089,46.923068,0.607259,0.334834,1.0,3.4.0
2242,GeS,8,8,52.3525,0.308842,10.789211,10.215831,0.860408,0.726123,0.993007,3.4.0
700,GeSe,8,8,75.8,0.258071,9.936565,9.095337,0.871622,0.766705,0.996503,3.4.0
938,GeTe,2,6,100.12,0.273354,8.369034,7.503409,0.971906,0.955518,0.990654,3.4.0
559617,HfB2O5,32,32,35.0136,1.486383,57.814309,46.837222,0.717395,0.469403,1.0,3.4.0
1858,HfO2,24,24,70.1629,1.611112,38.99825,30.538998,0.778129,0.589053,1.0,3.4.0
352,HfO2,12,12,70.1629,1.183105,41.220648,31.874959,0.785527,0.586822,1.0,3.4.0
985829,HfS2,3,3,80.8733,0.484783,20.157493,16.372034,0.876065,0.769187,0.97669,3.4.0
4609,HfSiO4,12,24,45.0955,3.179833,78.757784,48.318692,0.598358,0.346554,1.0,3.4.0
3810,Hg(AsO3)2,9,9,49.6033,1.765832,56.108164,32.955087,0.753399,0.417902,1.0,3.4.0
3167,Hg2GeSe4,7,14,112.8086,0.344386,20.686333,11.994554,0.805891,0.624541,1.0,3.4.0
4710,Hg3(BO3)2,22,66,65.3989,1.842346,69.033187,44.401479,0.526744,0.127326,0.997203,3.4.0
4445,Hg3AsO4,32,32,92.5862,0.74297,67.875546,29.45016,0.502556,0.198672,1.0,3.4.0
567949,Hg3AsSe4Br,18,18,119.1595,0.256802,16.201793,10.72482,0.73149,0.509496,0.881119,3.4.0
3538,Hg3TeO6,80,160,82.5366,0.649713,65.817435,29.649363,0.580252,0.227779,1.0,3.4.0
28590,Hg4As2I3,72,72,148.1018,0.434292,18.662125,10.535292,0.625283,0.337069,0.99687,3.4.0
29958,Hg7(PO5)2,38,38,85.5827,1.445478,90.083043,34.963448,0.550668,0.236211,1.0,3.4.0
706,HgF,4,8,109.7942,0.356914,21.392555,14.881936,0.453021,0.179532,1.0,3.4.0
1224,HgO,8,8,108.2947,0.581978,29.850606,24.759518,0.494819,0.107816,1.0,3.4.0
22574,HgP14Pb,64,64,52.5889,0.424882,20.359537,18.380713,0.854002,0.699559,0.86122,3.4.0
7293,HgPSe3,20,40,93.6888,0.596061,28.254075,15.555213,0.631734,0.313871,0.974684,3.4.0
3228,HgSO4,12,12,49.4421,1.177846,111.363733,49.821741,0.568292,0.282969,1.0,3.4.0
634,HgS,6,6,116.3275,0.421956,16.929825,15.350007,0.534762,0.174479,1.0,3.4.0
4284,Ho2CdSe4,14,56,108.3017,0.735702,13.019062,11.30891,0.773464,0.660196,1.0,3.4.0
812,Ho2O3,40,80,75.5718,1.328695,28.175562,22.325136,0.817257,0.679224,1.0,3.4.0
779522,Ho2P4O13,38,76,34.8288,2.592809,109.485834,61.104016,0.550582,0.280511,1.0,3.4.0
878,Ho2S3,30,30,85.2111,0.612853,15.914973,13.399508,0.822324,0.652341,1.0,3.4.0
3884,Ho2Sn2O7,22,88,61.7524,1.395709,47.195029,28.143032,0.65807,0.429024,1.0,3.4.0
542514,Ho2Te4O11,34,68,59.7796,0.975362,49.275911,30.644547,0.613525,0.340107,1.0,3.4.0
1154,Ho4C7,44,44,67.6178,1.016946,89.260238,44.59103,0.601664,0.355767,1.0,3.4.0
561877,HoF3,16,16,55.4814,0.673213,27.830361,17.054308,0.715781,0.455609,1.0,3.4.0
3144,HoNbO4,12,24,53.639,1.145904,60.699666,32.25568,0.66573,0.440588,1.0,3.4.0
4104,HoPO4,12,24,43.3169,3.281895,103.686832,52.034645,0.581375,0.331671,1.0,3.4.0
4344,HoTaO4,12,24,68.3126,1.193275,64.374284,34.187676,0.66295,0.438936,1.0,3.4.0
22323,In2O3,10,30,55.5268,0.86273,26.574212,22.72098,0.798868,0.547,1.0,3.4.0
2874,In2Si2O7,11,22,36.1639,1.840178,73.306704,45.201223,0.635017,0.360268,1.0,3.4.0
556528,In4GeS4,72,72,73.3524,0.671907,15.979055,13.971454,0.819039,0.632417,0.998435,3.4.0
22189,In6TeO12,19,57,53.079,1.014502,70.485725,27.562341,0.630186,0.361944,1.0,3.4.0
20351,InP,2,8,72.8959,0.833309,17.455992,16.266017,1.0,1.0,1.0,3.4.0
19795,InS,8,8,73.4415,0.33872,13.535366,12.800848,0.708891,0.485353,1.0,3.4.0
29236,InTeBr,12,12,107.4407,0.244154,13.445004,10.79933,0.687264,0.436957,0.897436,3.4.0
2437,IrF3,8,24,62.3031,0.936841,64.739085,33.718271,0.647271,0.321028,1.0,3.4.0
2833,IrS2,24,24,85.449,0.593762,39.439524,29.516783,0.848766,0.677506,0.937063,3.4.0
4351,K2B2S7,22,44,29.4794,0.597566,29.283119,19.36763,0.767024,0.416599,0.926855,3.4.0
3963,K2CO3,24,24,23.0343,1.221122,95.856236,42.943681,0.617159,0.29416,1.0,3.4.0
6494,K2Ca(CO3)2,11,33,21.6629,1.088821,98.074336,48.824051,0.620452,0.297205,0.979181,3.4.0
7534,K2Cd2O3,14,14,50.1453,0.439621,16.490632,12.413248,0.654822,0.320339,1.0,3.4.0
27742,K2CdO2,20,20,44.5213,0.47655,17.030916,10.022797,0.693699,0.367811,1.0,3.4.0
4698,K2Ge8O17,108,108,34.4928,1.335453,59.66516,40.18965,0.6402,0.340483,1.0,3.4.0
23956,K2MgH4,7,14,15.2191,0.168789,11.333772,5.533029,0.764631,0.644202,1.0,3.4.0
4758,K2NbF7,40,40,30.4092,0.856315,72.196627,20.177133,0.596474,0.313108,1.0,3.4.0
2672,K2O2,8,16,27.5489,0.328934,22.867856,14.325886,0.601624,0.332129,1.0,3.4.0
776016,K2O,24,24,31.3987,0.226084,5.330123,5.048031,0.999349,0.998876,1.0,3.4.0
971,K2O,3,12,31.3987,0.238458,5.328436,5.045918,1.0,1.0,1.0,3.4.0
569967,K2PrCl5,32,32,49.5462,0.213509,16.384076,6.601052,0.69375,0.425077,1.0,3.4.0
3821,K2PtF6,9,9,43.0301,0.656853,92.87809,25.178399,0.600935,0.379412,1.0,3.4.0
1022,K2S,3,12,36.7539,0.16611,5.150109,4.002402,1.0,1.0,1.0,3.4.0
3379,K2SbF5,16,32,36.8686,0.420859,37.435222,13.17593,0.58524,0.312389,1.0,3.4.0
3042,K2SiF6,9,36,24.4747,1.729051,66.91865,22.238253,0.681268,0.521903,1.0,3.4.0
17730,K2SnO3,24,24,40.8175,0.711859,45.414323,19.428404,0.711023,0.403295,1.0,3.4.0
8972,K2TaCuSe4,16,64,79.8163,0.329255,40.809297,15.129037,0.64679,0.405573,0.823819,3.4.0
3975,K2TaF7,40,40,39.2133,0.899937,76.458056,21.468077,0.596973,0.314502,1.0,3.4.0
1747,K2Te,3,12,68.5989,0.123937,4.230354,3.149954,1.0,1.0,0.950877,3.4.0
3970,K2TiF6,9,9,26.6727,0.62338,53.515898,17.788872,0.606416,0.371804,1.0,3.4.0
28766,K2TiS3,12,24,37.0431,0.452326,26.644577,12.479898,0.662317,0.358378,1.0,3.4.0
3808,K2UO4,7,14,54.3176,0.808211,76.000027,24.315357,0.542681,0.306035,1.0,3.4.0
18449,K2ZrO3,24,24,36.2365,0.822459,51.306106,20.877714,0.696103,0.369781,1.0,3.4.0
4647,K3(Cu4Se3)2,17,34,64.6719,0.274337,12.795355,8.655273,0.741971,0.502132,0.848573,3.4.0
3797,K3AsS4,32,32,40.0596,0.30237,33.349853,12.322559,0.641697,0.420511,1.0,3.4.0
642821,K3H5Pt,18,18,35.2687,0.223226,39.328776,12.216426,0.633346,0.356318,0.842269,3.4.0
975577,K3La(AsO4)2,28,28,38.1456,0.956284,77.955124,31.354814,0.598071,0.360598,1.0,3.4.0
1568,K3P11,56,56,32.7147,0.389164,20.226561,15.634267,0.814583,0.617265,0.656371,3.4.0
17989,K3PS4,32,32,34.5661,0.348334,38.67184,14.467035,0.639524,0.42503,1.0,3.4.0
28837,K3RhCl6,40,40,43.2918,0.364152,36.265357,10.564423,0.620517,0.380076,0.973418,3.4.0
4690,K3TaO8,12,24,35.5198,0.835317,76.324762,26.651269,0.631135,0.266188,1.0,3.4.0
3529,K3VS4,32,32,37.062,0.351511,43.001912,14.924089,0.625246,0.388884,0.990157,3.4.0
3125,K3Zn2F7,12,24,31.7536,0.444543,19.174694,10.412962,0.639391,0.457119,1.0,3.4.0
17015,K4GeO4,36,36,32.559,0.448404,55.202245,18.82878,0.662796,0.448765,1.0,3.4.0
29484,K4HgAs2,7,21,72.4038,0.234192,16.341765,6.800342,0.693977,0.45697,0.879518,3.4.0
4971,K4Sn3Se8,30,60,76.2802,0.285978,21.599542,10.901442,0.662102,0.377339,0.948459,3.4.0
11719,K4ZnP2,7,21,40.5315,0.274165,19.829123,8.065492,0.671877,0.418835,0.94148,3.4.0
777297,K5H(CN2)2,48,48,23.0456,2.287409,126.236057,46.984172,0.595074,0.356197,1.0,3.4.0
755633,K5Se3,16,32,54.0464,0.16357,9.519931,4.37453,0.719229,0.535951,0.973684,3.4.0
18246,K6MnTe4,22,22,72.7207,0.352217,15.159032,5.517201,0.711588,0.486392,0.866808,3.4.0
3949,K7LiSi8,64,64,31.5821,0.389813,15.899309,8.874882,0.656967,0.424723,0.998016,3.4.0
568644,K9InSe7,68,68,59.966,0.155315,15.582897,5.858988,0.678841,0.424115,0.960349,3.4.0
3074,KAgO,12,24,54.322,0.864709,23.876698,15.495435,0.653262,0.336598,1.0,3.4.0
2910,KAlF4,12,12,23.6789,0.76938,42.286781,20.533959,0.599146,0.350563,1.0,3.4.0
4266,KAsF6,8,24,28.5013,1.56022,82.208788,27.683027,0.5507,0.32447,1.0,3.4.0
713,KAs,16,16,57.01,0.162835,10.563764,6.639102,0.780336,0.466898,0.877953,3.4.0
568986,KAuCl4,24,24,62.9795,0.395081,38.340068,15.4495,0.535637,0.181642,0.808772,3.4.0
3592,KAuS5,28,56,56.6271,0.368225,18.904715,15.149198,0.662177,0.256725,0.711712,3.4.0
3257,KAuSe5,28,56,90.1236,0.305287,17.003583,12.042384,0.645773,0.215462,0.752896,3.4.0
3919,KBO2,24,72,20.477,0.927241,74.549924,45.325721,0.572405,0.238383,1.0,3.4.0
23251,KBr,2,8,59.5011,0.167003,2.922869,2.910355,1.0,1.0,1.0,3.4.0
4026,KCrS2,4,12,38.8061,0.661278,14.039876,10.255859,0.913852,0.852984,0.985981,3.4.0
3982,KCuO2,8,16,33.6608,0.560575,53.713931,27.618569,0.727187,0.27295,1.0,3.4.0
15785,KDyS2,4,12,66.4321,0.362417,14.217382,9.672464,0.920302,0.85891,1.0,3.4.0
4326,KErS2,4,12,67.6218,0.368756,14.454748,9.9213,0.920098,0.860469,1.0,3.4.0
463,KF,2,8,29.0484,0.320213,5.194246,4.866475,1.0,1.0,1.0,3.4.0
4066,KGaO2,64,64,35.205,0.721548,37.351309,24.574218,0.675,0.438223,1.0,3.4.0
2146,KGe,64,64,55.8691,0.332594,11.921,7.299293,0.63959,0.449353,0.992063,3.4.0
556475,KLaPdO3,12,24,55.4037,0.508832,38.08736,19.920317,0.646169,0.37356,0.998834,3.4.0
4495,KLiTe,6,6,57.8798,0.140856,5.683885,4.030554,0.973323,0.919969,0.956386,3.4.0
3448,KMgF3,5,5,24.0797,0.386713,20.462016,12.473952,0.714841,0.572262,1.0,3.4.0
827,KN3,8,16,20.2796,1.554574,167.899536,87.840132,0.488198,0.230734,0.968504,3.4.0
545359,KNa2CuO2,6,12,30.1038,0.426834,32.299471,15.300457,0.585341,0.370649,1.0,3.4.0
4342,KNbO3,5,5,36.0006,1.060583,45.076619,24.820391,0.663165,0.490027,1.0,3.4.0
4608,KPF6,8,24,23.0078,1.811729,90.807264,32.118499,0.594979,0.389553,1.0,3.4.0
4519,KPrO2,4,12,53.0012,0.566839,22.050315,12.371348,0.904259,0.802782,1.0,3.4.0
4757,KReO4,12,24,48.2171,1.560269,131.755436,54.282328,0.568713,0.346194,1.0,3.4.0
14607,KSbO3,60,60,41.7713,1.688704,58.053703,28.153348,0.71762,0.404785,1.0,3.4.0
11703,KSbS2,8,16,56.2471,0.297474,16.267059,10.380618,0.722485,0.428227,0.996063,3.4.0
1536,KSb,16,16,80.4292,0.131352,8.769469,5.490124,0.803204,0.519751,0.590551,3.4.0
1217,KSi,64,64,33.5919,0.379539,14.393621,8.641395,0.637781,0.447673,0.992063,3.4.0
15783,KSmS2,4,12,63.3971,0.34839,13.783403,9.151199,0.92014,0.854076,1.0,3.4.0
3614,KTaO3,5,5,53.6089,1.132627,45.228159,25.893278,0.702693,0.554039,1.0,3.4.0
2072,KTe,8,8,83.3491,0.106305,7.604567,5.172389,0.676586,0.412113,0.583916,3.4.0
6376,KV(CuS2)2,16,32,43.174,0.392678,41.665943,17.95513,0.686936,0.455144,0.724409,3.4.0
2943,KY3F10,28,112,35.4143,0.653362,28.965427,15.131898,0.749982,0.553553,1.0,3.4.0
4658,La(BO2)3,20,40,26.7335,2.19052,71.672831,51.569168,0.598046,0.297569,1.0,3.4.0
4350,La2(SeO3)3,56,56,47.049,1.06825,57.080914,33.084024,0.615178,0.372426,1.0,3.4.0
756888,La2(SiO3)3,28,28,36.1473,1.513903,76.334304,45.636787,0.634843,0.389364,1.0,3.4.0
568036,La2GaN3,24,48,64.9257,0.925664,29.014803,20.264562,0.732189,0.536417,1.0,3.4.0
1968,La2O3,5,5,65.1618,1.04888,21.930099,16.313885,0.929056,0.823466,1.0,3.4.0
2292,La2O3,40,80,65.1618,1.10051,22.097277,16.085481,0.827919,0.694052,1.0,3.4.0
7475,La2S3,20,20,74.8012,0.419762,13.985285,11.268657,0.8585,0.702558,1.0,3.4.0
4511,La2SO2,5,5,68.3749,0.827952,20.174323,15.167527,0.958902,0.938353,1.0,3.4.0
4078,La2SO6,18,36,45.0969,1.09601,121.730889,41.842415,0.708012,0.510929,1.0,3.4.0
5152,La2SiO5,32,32,48.2367,1.071929,75.654828,33.603229,0.6562,0.428456,1.0,3.4.0
4086,La2Sn2O7,22,88,57.0206,1.258217,40.237711,24.909175,0.664868,0.436676,1.0,3.4.0
4547,La2TeO2,5,10,87.4819,0.756333,19.451973,14.785158,0.941316,0.847255,1.0,3.4.0
558528,La2TiZnO6,20,20,48.7054,1.322064,34.519001,19.646209,0.714051,0.493784,1.0,3.4.0
769915,La4Ga2O9,60,60,55.9375,0.923318,39.760978,23.391982,0.668013,0.425976,1.0,3.4.0
4412,La4Se3O4,11,22,77.8636,0.526984,21.201793,14.837336,0.855274,0.713379,1.0,3.4.0
3249,La4Ti3O12,19,57,46.9061,1.582058,38.467483,22.42918,0.71123,0.526055,1.0,3.4.0
2920,LaAlO3,10,30,42.777,1.054225,34.155811,25.45354,0.740006,0.578844,1.0,3.4.0
4841,LaCuS2,16,16,66.6454,0.338918,14.273721,11.463951,0.828973,0.618539,0.958661,3.4.0
334,LaF3,24,24,48.9752,0.710329,21.519618,12.832829,0.756539,0.484858,1.0,3.4.0
905,LaF3,24,24,48.9752,0.70792,21.591329,12.814664,0.757274,0.490241,1.0,3.4.0
3336,LaGaO3,10,30,51.3253,0.977671,28.796343,21.76951,0.722862,0.476072,1.0,3.4.0
27979,LaI3,8,16,129.9047,0.19669,10.805191,7.078933,0.756635,0.562151,0.826772,3.4.0
2804,LaP2,24,48,66.951,0.475179,16.391463,14.55737,0.735916,0.509271,1.0,3.4.0
200,LaP7,32,32,44.4652,0.444823,23.465115,19.235947,0.811222,0.593635,0.98622,3.4.0
3962,LaPO4,24,24,38.9795,1.754102,102.158628,48.998935,0.594678,0.362205,1.0,3.4.0
1508,LaS2,24,24,67.6785,0.339202,14.033198,12.643672,0.776493,0.555432,1.0,3.4.0
3998,LaTaO4,12,24,63.9752,1.153757,54.268821,29.727081,0.648,0.397509,1.0,3.4.0
4421,LaTaO4,24,24,63.9752,1.50599,49.900946,28.343023,0.662736,0.383275,1.0,3.4.0
3297,Li10Zn4O9,46,46,20.6489,0.474968,19.288963,15.084133,0.755929,0.572889,1.0,3.4.0
765481,Li2AgF5,32,32,27.0928,0.450525,56.566734,17.73449,0.573366,0.216557,1.0,3.4.0
4779,Li2B4O7,52,104,13.0094,1.64867,81.130736,51.119818,0.639614,0.286014,1.0,3.4.0
4622,Li2BeF4,42,126,14.1268,0.515957,31.620285,17.182154,0.703533,0.473162,1.0,3.4.0
3054,Li2CO3,12,24,12.3151,1.472142,103.620124,47.983989,0.608888,0.278707,1.0,3.4.0
15988,Li2CuSb,4,16,49.797,0.181401,12.442652,6.802039,1.0,1.0,0.980315,3.4.0
841,Li2O2,8,8,11.4702,0.372705,22.703643,15.53509,0.716249,0.523914,1.0,3.4.0
1960,Li2O,3,12,9.9605,0.545729,16.134068,12.42191,1.0,1.0,1.0,3.4.0
760483,Li2PdO3,12,24,28.05,0.823424,66.358964,24.041152,0.81162,0.533919,1.0,3.4.0
1153,Li2S,3,12,15.3157,0.286209,10.343547,7.158568,1.0,1.0,1.0,3.4.0
2286,Li2Se,3,12,30.9473,0.241474,8.984851,6.119653,1.0,1.0,1.0,3.4.0
3552,Li2Si2O5,36,36,16.6722,1.127638,80.23128,46.409205,0.616865,0.380069,1.0,3.4.0
4117,Li2Si2O5,18,36,16.6722,1.133843,80.278674,46.912764,0.621873,0.387896,1.0,3.4.0
3540,Li2SnO3,24,48,30.0984,0.922172,47.375982,19.641477,0.764687,0.442632,1.0,3.4.0
27231,Li2TeO3,24,48,31.58,0.913462,55.528747,26.500139,0.641978,0.408978,1.0,3.4.0
2530,Li2Te,3,12,47.1607,0.192696,7.540824,4.978991,1.0,1.0,1.0,3.4.0
756294,Li2Ti2O5,18,36,21.0681,0.968045,61.383735,33.090329,0.626216,0.362627,1.0,3.4.0
772049,Li2Ti2O5,36,36,21.0681,0.964217,61.037765,32.641817,0.643676,0.384353,1.0,3.4.0
2931,Li2TiO3,24,48,18.2912,1.052701,37.589909,19.344854,0.794325,0.522001,1.0,3.4.0
4002,Li2ZrF6,9,9,24.344,0.720045,49.087738,17.326981,0.628133,0.406681,1.0,3.4.0
3216,Li2ZrN2,5,5,26.6239,0.879421,30.83629,18.541457,0.922815,0.853003,1.0,3.4.0
4156,Li2ZrO3,12,24,25.5174,1.057399,41.629594,19.40763,0.746067,0.470687,1.0,3.4.0
757,Li3As,8,8,23.9362,0.15884,9.970432,6.510372,0.768596,0.53356,0.924825,3.4.0
985585,Li3ClO,5,5,14.4551,0.303434,16.479927,9.041366,0.71167,0.567506,1.0,3.4.0
3887,Li3GaN2,48,96,19.7599,0.691035,28.093249,17.155245,0.820994,0.668864,1.0,3.4.0
2251,Li3N,4,4,8.7074,0.352665,15.991477,11.613456,0.705242,0.377867,0.971963,3.4.0
2341,Li3N,8,8,8.7074,0.313025,13.383096,10.502911,0.867004,0.745312,0.993007,3.4.0
2878,Li3PO4,32,32,14.4743,1.004752,105.651549,38.313825,0.673631,0.44204,1.0,3.4.0
736,Li3P,8,8,12.9492,0.178532,10.929497,7.216311,0.776148,0.549456,0.926573,3.4.0
5769,Li3SbO4,16,16,25.8226,0.776703,66.70679,23.071448,0.702763,0.439936,1.0,3.4.0
2074,Li3Sb,4,16,35.6457,0.151471,8.341288,5.122765,1.0,1.0,0.968504,3.4.0
3151,Li3TaO4,32,64,33.2211,0.858231,63.190473,23.887556,0.6766,0.443816,1.0,3.4.0
4558,Li4GeO4,18,36,18.2668,0.62502,59.311459,23.204982,0.713125,0.529739,1.0,3.4.0
30249,Li4GeS4,36,36,25.4071,0.295366,28.244841,11.660586,0.678345,0.404867,0.989899,3.4.0
4426,Li4SeO5,20,40,18.6721,1.113831,82.112392,25.249375,0.693075,0.466516,1.0,3.4.0
4657,Li5GaO4,80,80,16.8426,0.838462,39.298764,17.533547,0.687707,0.472726,1.0,3.4.0
3838,Li5ReN4,20,20,27.6939,1.111603,103.665049,29.412301,0.680601,0.409887,1.0,3.4.0
3503,Li6WN4,22,22,25.5921,1.661185,86.632489,24.849552,0.680181,0.451864,1.0,3.4.0
4604,Li7VN4,96,96,12.9629,0.734111,68.780245,20.317314,0.748552,0.57945,0.997368,3.4.0
4527,Li8SnO6,15,45,18.0156,1.207742,44.243032,15.723076,0.742459,0.574177,1.0,3.4.0
3427,LiAlO2,16,16,16.4803,0.919651,48.728781,31.336144,0.699565,0.416039,1.0,3.4.0
4586,LiAlTe2,8,16,72.2806,0.271398,14.642903,10.360285,0.84565,0.650164,0.944882,3.4.0
3660,LiB3O5,36,36,13.2634,1.336531,79.696554,55.729479,0.629277,0.269857,1.0,3.4.0
3635,LiBO2,16,16,12.4377,1.213831,75.34281,48.21425,0.605669,0.28246,1.0,3.4.0
23259,LiBr,2,8,43.4225,0.215037,4.593324,3.44004,1.0,1.0,1.0,3.4.0
1378,LiC,4,8,9.4758,0.700252,80.799788,43.645769,0.609027,0.344143,0.993007,3.4.0
753946,LiCoS2,4,4,32.501,0.391228,27.327911,16.312751,0.884719,0.749666,0.992126,3.4.0
4226,LiCrS2,4,4,30.7668,0.690254,15.286305,12.2105,0.879922,0.689285,0.964567,3.4.0
5127,LiCuO,12,24,28.8288,0.785936,28.444041,20.650954,0.620583,0.323133,0.981221,3.4.0
15791,LiErS2,4,12,59.5825,0.409154,16.323132,10.290283,0.920513,0.851792,1.0,3.4.0
35591,LiErS2,8,16,59.5825,0.341101,15.876322,10.786402,0.750289,0.475061,0.991259,3.4.0
35205,LiErSe2,8,16,83.03,0.283997,13.161536,9.29607,0.759551,0.498967,0.980769,3.4.0
1138,LiF,2,8,12.9697,0.596344,9.934416,8.545958,1.0,1.0,1.0,3.4.0
3647,LiGaS2,16,16,35.1985,0.406325,19.737379,14.275264,0.81885,0.621261,0.990157,3.4.0
5488,LiInO2,8,16,38.4395,0.608742,29.787176,17.638572,0.738171,0.458666,1.0,3.4.0
2659,LiN3,4,8,12.2403,1.569912,175.036738,91.629633,0.480705,0.212122,1.0,3.4.0
3368,LiNb3O8,48,48,34.4713,1.679709,53.863645,31.658598,0.618774,0.343603,1.0,3.4.0
3924,LiNbO2,8,8,32.9615,0.692103,59.201917,27.731807,0.857055,0.784218,1.0,3.4.0
3731,LiNbO3,10,30,29.5691,1.258279,51.514694,27.746247,0.666591,0.42802,1.0,3.4.0
37605,LiNdSe2,8,16,77.2758,0.265326,12.624141,8.347197,0.765098,0.526087,0.984266,3.4.0
2412,LiP5,24,24,26.9683,0.545446,21.423338,17.649337,0.819154,0.609425,0.964912,3.4.0
9143,LiPF6,8,24,18.9881,1.103256,91.297887,33.069844,0.641526,0.456432,1.0,3.4.0
3524,LiPN2,8,16,16.482,1.406266,80.361011,48.307071,0.740401,0.504272,1.0,3.4.0
3980,LiSbF6,8,24,30.3364,0.951823,87.869185,29.595422,0.559289,0.331397,1.0,3.4.0
4995,LiSbO3,20,20,35.3398,1.484806,63.290927,30.984014,0.655907,0.325401,1.0,3.4.0
3666,LiTaO3,10,30,47.1774,1.364394,53.684083,29.567994,0.672683,0.431935,0.996639,3.4.0
3700,LiYF4,12,24,28.6401,0.682338,29.085801,14.165038,0.779088,0.456019,1.0,3.4.0
3941,LiYF4,12,12,28.6401,0.48358,28.515955,13.764832,0.786322,0.501254,1.0,3.4.0
1427,Lu2O3,40,80,79.5864,1.406338,29.97044,24.151715,0.812913,0.677334,1.0,3.4.0
2826,Lu2S3,10,30,89.2257,0.521366,15.023561,13.929329,0.819389,0.580046,1.0,3.4.0
7193,Lu2Si2O7,11,22,47.1,1.913103,74.398039,45.308393,0.639268,0.378109,1.0,3.4.0
3200,Lu2Ti2O7,22,88,50.6967,1.653429,30.396658,25.296559,0.634536,0.424426,1.0,3.4.0
554282,Lu3B5O12,80,80,38.5474,1.989325,54.98101,42.600344,0.685943,0.43257,1.0,3.4.0
755804,Lu6TeO12,19,57,72.0733,1.130607,75.327548,28.771381,0.683191,0.448454,1.0,3.4.0
7560,LuBO3,10,30,46.7552,1.350573,69.231225,43.363422,0.639802,0.32375,1.0,3.4.0
2940,LuPO4,12,24,44.9897,3.342601,104.790695,52.946633,0.584529,0.336675,1.0,3.4.0
756704,LuTa3O9,26,26,66.2927,1.745008,58.107237,34.929837,0.625144,0.363297,1.0,3.4.0
3872,Mg(AlS2)2,28,28,29.504,0.54975,23.514939,16.232641,0.727292,0.543177,1.0,3.4.0
3582,Mg(BC)2,40,80,13.9897,1.581098,55.671873,44.140789,0.72407,0.362771,1.0,3.4.0
38951,Mg(GaO2)2,14,28,32.5355,1.060611,32.676557,26.727455,0.739312,0.571694,1.0,3.4.0
4590,Mg(GaO2)2,14,56,32.5355,1.80637,29.410073,25.132627,0.76638,0.64957,1.0,3.4.0
3319,Mg(RhO2)2,14,56,42.0162,1.693474,56.292102,32.59109,0.859514,0.789271,1.0,3.4.0
3653,Mg(SbO3)2,18,18,40.4246,1.048335,60.976219,35.966764,0.657277,0.326872,1.0,3.4.0
560872,Mg10Ge3(H2O9)2,70,70,21.514,0.855994,56.676853,30.158703,0.697507,0.509828,1.0,3.4.0
3051,Mg2GeO4,28,28,26.4639,1.062192,62.418729,30.702708,0.646788,0.410327,1.0,3.4.0
3904,Mg2GeO4,14,56,26.4639,1.93019,52.787533,29.604271,0.709531,0.564296,1.0,3.4.0
3933,Mg2PN3,12,24,20.2673,1.087132,76.897273,40.597964,0.720447,0.491205,1.0,3.4.0
2895,Mg2SiO4,28,28,20.099,1.227173,78.046125,36.863715,0.641293,0.422938,1.0,3.4.0
1990,Mg3As2,40,80,44.5516,0.475769,12.600517,10.24629,0.772793,0.582661,1.0,3.4.0
1559,Mg3N2,40,80,20.1857,0.894626,20.827952,19.657623,0.797178,0.616085,1.0,3.4.0
2514,Mg3P2,40,80,26.9725,0.533532,14.078017,11.509733,0.774318,0.593801,1.0,3.4.0
3118,Mg3TeO6,20,60,29.6511,1.838324,86.789362,30.662133,0.688706,0.474528,1.0,3.4.0
3536,MgAl2O4,14,56,20.3237,2.069687,34.417372,30.065798,0.782662,0.673992,1.0,3.4.0
1249,MgF2,6,6,20.7673,0.714295,20.849032,16.674164,0.692812,0.391193,1.0,3.4.0
3759,MgGeO3,10,30,28.9886,1.10765,45.206734,29.349216,0.807875,0.578633,1.0,3.4.0
4575,MgGeO3,80,80,28.9886,1.529314,62.197705,36.0036,0.614603,0.351825,1.0,3.4.0
2589,MgO2,12,12,18.7679,0.849268,29.353058,26.077607,0.705363,0.542855,1.0,3.4.0
1265,MgO,2,8,20.1522,1.279953,20.150184,19.977927,1.0,1.0,1.0,3.4.0
384,MgP4,10,10,29.64,0.469285,22.095552,18.785101,0.79578,0.559636,0.936134,3.4.0
1315,MgS,2,8,28.185,0.619449,11.225475,9.816555,1.0,1.0,1.0,3.4.0
3677,MgSiN2,16,16,20.101,1.204307,57.483111,39.791266,0.779924,0.589931,1.0,3.4.0
4321,MgSiO3,20,40,20.0777,1.918088,76.29698,43.685352,0.604156,0.348212,1.0,3.4.0
2961,MgSiP2,8,16,28.5845,0.496406,25.557285,19.188175,0.846397,0.634654,1.0,3.4.0
2604,MgTe2,12,12,93.1683,0.295681,10.327099,9.133739,0.745347,0.581528,0.992982,3.4.0
1039,MgTe,4,4,75.9525,0.256959,9.448228,8.844128,0.989911,0.969732,1.0,3.4.0
3771,MgTiO3,10,30,24.034,1.105865,42.019328,26.79173,0.753872,0.525032,1.0,3.4.0
1434,MoS2,3,9,53.3633,0.579,46.39027,30.416267,0.889543,0.834315,0.5338,3.4.0
154,N2,8,8,14.0067,4.804743,153.422345,153.421807,0.333633,0.00045,0.396825,3.4.0
25,N2,8,8,14.0067,4.804581,153.419748,153.419748,0.333626,0.000439,0.396825,3.4.0
2789,NO2,18,36,15.3352,5.982792,128.231014,93.694186,0.41751,0.053709,1.0,3.4.0
31008,Na14Al4O13,62,62,20.5734,0.554374,49.000061,20.394493,0.638113,0.378022,1.0,3.4.0
17473,Na2Al2As3,56,56,46.3868,0.336336,15.85402,11.136537,0.776141,0.563596,0.987773,3.4.0
3318,Na2BeF4,28,28,18.7122,0.496842,31.798333,15.554834,0.63077,0.421398,1.0,3.4.0
3855,Na2BeF4,28,28,18.7122,0.504587,33.021981,15.881234,0.652597,0.432628,1.0,3.4.0
3070,Na2CO3,12,24,17.6647,1.356771,99.882718,45.315416,0.61376,0.321601,1.0,3.4.0
771248,Na2Ge2O5,36,36,30.1396,0.82048,61.425862,33.547777,0.608228,0.340949,1.0,3.4.0
4068,Na2GeS3,24,24,35.8024,0.322484,28.426487,13.564679,0.629662,0.324562,0.996503,3.4.0
2340,Na2O2,12,12,19.4946,0.331073,24.338125,15.046821,0.678956,0.488338,1.0,3.4.0
2352,Na2O,3,12,20.6596,0.321678,9.105032,7.554715,1.0,1.0,1.0,3.4.0
4823,Na2PdC2,5,5,35.2842,0.659455,81.379917,39.010966,0.581144,0.258066,0.970149,3.4.0
3622,Na2PdF4,14,14,32.6276,0.62916,47.043273,17.291754,0.606841,0.292306,1.0,3.4.0
3143,Na2SO4,14,28,20.2917,1.242281,126.10244,46.58475,0.607573,0.352516,1.0,3.4.0
4770,Na2SO4,14,56,20.2917,1.233556,124.835693,45.902781,0.618979,0.397314,1.0,3.4.0
648,Na2S,3,12,26.0148,0.215034,7.262059,5.303644,1.0,1.0,1.0,3.4.0
1266,Na2Se,3,12,41.6465,0.187258,6.46357,4.653817,1.0,1.0,1.0,3.4.0
3193,Na2Si2O5,36,36,20.2386,1.041868,80.542783,44.738335,0.605822,0.36398,1.0,3.4.0
3775,Na2SiF6,27,27,20.8951,1.306704,67.683618,23.094848,0.658815,0.435795,1.0,3.4.0
4533,Na2SiO3,12,24,20.3439,0.812487,77.100118,34.882393,0.665995,0.452315,1.0,3.4.0
3285,Na2Ta4O11,34,102,55.6332,1.419216,53.059138,32.483853,0.652476,0.362556,1.0,3.4.0
2784,Na2Te,3,12,57.8598,0.155867,5.56468,3.87364,1.0,1.0,1.0,3.4.0
3488,Na2Ti3O7,24,24,25.1314,0.918281,47.567014,27.834701,0.588622,0.30086,1.0,3.4.0
18075,Na2TiF6,27,27,23.093,0.829754,54.391866,18.29557,0.57675,0.31562,1.0,3.4.0
17560,Na2UO4,28,28,49.7151,0.943142,77.707979,25.206714,0.60078,0.332528,1.0,3.4.0
28830,Na2ZnBr4,28,28,61.5679,0.205609,12.03672,6.709321,0.632328,0.422111,0.996139,3.4.0
3527,Na3AgO2,12,24,34.8061,0.383305,20.222596,11.08027,0.744025,0.598287,0.994737,3.4.0
3416,Na3AlF6,20,20,20.9941,0.696194,41.87247,15.130311,0.656862,0.430718,1.0,3.4.0
759535,Na3Cu5O4,48,48,37.5581,0.606587,30.165918,21.634053,0.601472,0.292427,0.961404,3.4.0
473,Na3P11,56,56,29.2629,0.398911,20.742928,15.779174,0.812347,0.634241,0.71686,3.4.0
4223,Na3PO4,64,64,20.4926,0.898261,103.268441,35.922609,0.637447,0.385299,1.0,3.4.0
1598,Na3P,8,8,24.9858,0.120221,6.41202,4.511936,0.792874,0.598054,0.903846,3.4.0
27478,Na3PaF8,12,24,37.666,0.640716,59.761091,14.373361,0.682516,0.509445,1.0,3.4.0
4185,Na3ScF6,20,20,22.7916,0.642923,35.756199,12.681266,0.609424,0.34725,1.0,3.4.0
4752,Na5Al3F14,44,44,20.9941,1.362846,42.946722,18.324002,0.634873,0.35776,1.0,3.4.0
4172,Na5GeP3,36,36,31.1678,0.203969,18.323702,7.869902,0.772346,0.543889,0.940171,3.4.0
8840,Na5InO4,20,20,29.3764,0.560645,30.992063,12.691878,0.681847,0.436076,1.0,3.4.0
3928,Na5P3O10,36,72,20.4369,0.9937,107.839853,45.524683,0.576416,0.27791,1.0,3.4.0
8253,Na5ReO6,12,24,33.096,0.896068,75.345925,21.434422,0.67464,0.461297,1.0,3.4.0
3405,NaAl11O17,58,58,20.4061,2.092981,56.715814,35.428751,0.715381,0.489557,1.0,3.4.0
3468,NaAsO2,32,32,32.4775,0.708184,42.848262,25.916411,0.607403,0.337193,1.0,3.4.0
3521,NaBF4,12,24,18.2991,0.95355,63.614455,31.206078,0.589589,0.360193,1.0,3.4.0
3889,NaBO2,24,72,16.4499,1.007104,76.876366,46.833738,0.588618,0.244905,1.0,3.4.0
4534,NaCO2,16,16,16.7498,1.090766,101.880803,57.576517,0.544422,0.1773,1.0,3.4.0
4360,NaCdF3,10,30,38.4792,0.407822,18.322616,10.810749,0.715511,0.478978,1.0,3.4.0
3332,NaCrSe2,4,12,58.2265,0.390827,12.574717,8.222225,0.769275,0.653913,0.850467,3.4.0
4541,NaCuO2,4,8,29.6336,0.625257,51.016797,27.147293,0.76213,0.341894,1.0,3.4.0
752672,NaDyO2,16,32,54.3721,0.657739,27.197819,16.100575,0.819501,0.608316,1.0,3.4.0
3613,NaErS2,4,12,63.5947,0.392138,15.383069,10.259148,0.929027,0.868761,1.0,3.4.0
682,NaF,2,8,20.9941,0.442039,6.931299,6.918848,1.0,1.0,1.0,3.4.0
3338,NaGaO2,16,16,31.1779,0.747778,37.69326,24.823441,0.707981,0.485015,1.0,3.4.0
23268,NaI,2,8,74.9471,0.158613,3.128539,2.71869,1.0,1.0,0.97619,3.4.0
6712,NaLuGeO4,28,28,47.7992,1.055393,60.544478,30.293854,0.627785,0.340869,1.0,3.4.0
2955,NaMgF3,20,20,20.858,0.654435,21.855625,13.182775,0.675892,0.458011,1.0,3.4.0
2964,NaNO2,4,8,17.2488,0.964832,76.663208,46.114108,0.595742,0.227937,0.968504,3.4.0
4531,NaNO3,10,30,16.9989,1.206848,109.248547,55.591735,0.617818,0.301485,1.0,3.4.0
3967,NaNO,24,24,17.6653,1.066177,68.399299,36.811434,0.625369,0.269457,1.0,3.4.0
560032,NaNb2AsO8,48,48,34.3099,1.7223,74.389211,38.513169,0.572056,0.295085,1.0,3.4.0
3744,NaNbO2,8,8,36.9737,0.650738,54.463387,27.31779,0.869397,0.804095,1.0,3.4.0
3136,NaNbO3,5,5,32.7789,1.175957,42.051672,24.082696,0.660645,0.490968,1.0,3.4.0
3671,NaNbO3,40,40,32.7789,1.714293,48.97429,26.550081,0.616656,0.371929,1.0,3.4.0
4419,NaNbO3,10,10,32.7789,1.297948,41.6186,23.719906,0.637879,0.409497,1.0,3.4.0
4514,NaNbO3,10,30,32.7789,1.268926,50.03483,27.201413,0.650817,0.416123,0.996639,3.4.0
4681,NaNbO3,20,20,32.7789,1.631574,47.082961,26.028375,0.62024,0.374928,1.0,3.4.0
4748,NaNbO3,20,40,32.7789,1.517316,38.639953,22.707336,0.62896,0.39852,1.0,3.4.0
8128,NaNdO2,8,16,49.8076,0.529878,23.777172,14.549947,0.760106,0.490568,1.0,3.4.0
676360,NaNdS2,8,16,57.8404,0.299939,13.598066,9.387592,0.764836,0.496478,0.984266,3.4.0
555118,NaPO3,60,60,20.3923,1.33895,110.773203,53.723992,0.574311,0.293743,1.0,3.4.0
558192,NaPO3,40,40,20.3923,1.99697,109.98481,54.104018,0.567307,0.292268,1.0,3.4.0
2400,NaS,8,8,27.5274,0.174866,12.374035,8.249914,0.694567,0.458357,0.870629,3.4.0
409,NaS,12,12,27.5274,0.191865,14.278527,8.743871,0.674981,0.439506,0.988345,3.4.0
4482,NaSbO3,10,30,38.5496,0.924127,62.395115,29.462366,0.799778,0.485462,1.0,3.4.0
7074,NaSc(SiO3)2,20,40,22.0113,1.9713,74.930684,44.354824,0.614366,0.37029,1.0,3.4.0
2402,NaSi,16,32,25.5376,0.215675,15.498626,9.079487,0.623435,0.349952,0.893701,3.4.0
555812,NaSr3BiO6,22,66,53.7115,1.073219,54.516322,18.082133,0.651772,0.460976,1.0,3.4.0
14722,NaSrAlF6,72,72,27.9535,0.490447,43.29701,17.232029,0.646479,0.401862,1.0,3.4.0
3858,NaTaO3,20,20,50.3872,1.767315,48.335332,27.546837,0.637319,0.412689,1.0,3.4.0
4170,NaTaO3,5,5,50.3872,1.239109,50.540219,28.707179,0.659575,0.489362,1.0,3.4.0
4675,NaTaO3,10,10,50.3872,1.3716,49.955991,28.1937,0.637387,0.413056,1.0,3.4.0
4699,NaTaO3,20,40,50.3872,1.615016,47.198856,27.187328,0.629748,0.405986,1.0,3.4.0
3269,NaTh2F9,24,48,54.8376,0.783277,36.679308,14.802791,0.608484,0.389684,1.0,3.4.0
14037,NaTl2RhF6,10,40,64.8652,1.200232,64.407345,17.366541,0.651675,0.477512,1.0,3.4.0
3056,NaTlO2,4,12,64.843,0.528135,21.713368,12.528575,0.890229,0.792545,1.0,3.4.0
754796,NaTmO2,16,32,55.9807,0.682809,28.323535,17.090296,0.829784,0.62702,1.0,3.4.0
3795,NaZnF3,20,20,29.073,0.641491,19.22996,11.705914,0.668261,0.420249,1.0,3.4.0
4824,NaZnP,6,6,39.7812,0.299068,11.756217,8.224728,0.892989,0.814973,1.0,3.4.0
1595,Nb2O5,7,14,37.9728,1.528684,55.460774,39.124773,0.545135,0.270592,1.0,3.4.0
604,Nb2O5,14,28,37.9728,1.694332,51.698503,35.615191,0.593502,0.32114,1.0,3.4.0
3324,Nb2SnO6,18,36,44.5021,1.141754,49.476355,29.962583,0.616288,0.337766,1.0,3.4.0
3926,NbAg7S6,28,28,74.3124,0.359283,36.54919,13.096548,0.606437,0.310451,0.904762,3.4.0
865280,NbAlFe2,4,16,57.8945,0.654378,28.3287,22.518675,1.0,1.0,1.0,3.4.0
5621,NbCu3S4,8,8,51.4755,0.827585,47.287942,19.479607,0.64331,0.464965,0.821429,3.4.0
4043,NbCu3Se4,8,8,74.923,0.743093,38.20309,17.134611,0.713982,0.570973,0.845238,3.4.0
821,NbO2,48,96,41.6351,1.267085,44.17051,30.337916,0.663104,0.394964,1.0,3.4.0
3491,NbSbO4,24,24,46.444,1.154321,49.701405,30.06533,0.613371,0.325382,1.0,3.4.0
3612,NbSbO4,24,24,46.444,1.151638,49.337064,30.209001,0.601523,0.295002,1.0,3.4.0
953,NbZn3,4,4,72.2616,0.438919,20.870836,13.72419,0.89003,0.67009,1.0,3.4.0
3615,Nd(BO2)3,20,40,27.2671,2.228468,72.73778,52.802512,0.600964,0.302941,1.0,3.4.0
1045,Nd2O3,40,80,67.2964,1.166039,24.693194,18.893126,0.825416,0.681011,1.0,3.4.0
2763,Nd2O3,5,5,67.2964,1.118536,24.742064,19.328234,0.909419,0.777887,1.0,3.4.0
438,Nd2S3,20,20,76.9358,0.4352,14.598467,12.403967,0.849943,0.697544,1.0,3.4.0
3211,Nd2SO2,5,5,70.5096,0.875872,22.222773,17.548271,0.959071,0.924281,1.0,3.4.0
3727,Nd3NbO7,22,44,57.9662,1.347195,45.050516,23.2425,0.650969,0.386053,1.0,3.4.0
3782,Nd3Sb5O12,40,80,61.6759,1.307238,34.501216,24.6567,0.665837,0.383025,1.0,3.4.0
3374,Nd4Au2O9,60,60,74.3264,0.823102,54.128339,25.294911,0.707454,0.446989,1.0,3.4.0
556908,Nd5As4(ClO4)3,48,48,54.9687,1.021282,44.86015,24.096251,0.675096,0.442529,1.0,3.4.0
23183,NdCl3,8,8,62.6502,0.311949,14.478254,9.551907,0.853191,0.736359,1.0,3.4.0
3739,NdCuSe2,16,16,91.427,0.30909,12.833469,10.774748,0.834723,0.657146,0.956693,3.4.0
254,NdF3,24,24,50.3093,0.756249,24.04157,14.827762,0.751797,0.486881,1.0,3.4.0
3196,NdGaO3,20,20,52.3926,1.34539,27.685851,22.117702,0.748578,0.53256,1.0,3.4.0
3901,NdNbO4,12,24,50.191,1.1016,61.034437,31.616119,0.656753,0.418968,1.0,3.4.0
3584,NdPO4,24,24,39.8689,1.790774,103.501186,50.458901,0.596321,0.3603,1.0,3.4.0
3694,NdPS4,48,96,50.5793,0.680411,40.152923,21.326722,0.656104,0.413396,1.0,3.4.0
4582,NdRhO3,20,20,59.0291,1.111372,46.130908,26.875354,0.753209,0.497882,1.0,3.4.0
3203,NdTaO4,12,12,64.8646,1.122138,61.328696,32.638386,0.675322,0.427413,1.0,3.4.0
4718,NdTaO4,12,24,64.8646,1.144403,63.967556,33.294376,0.655648,0.421733,1.0,3.4.0
3664,NdTlS2,4,12,103.1888,0.340617,13.384975,8.269309,0.962771,0.911143,1.0,3.4.0
111,Ne,1,4,20.1797,0.004057,0.099787,0.099787,1.0,1.0,0.11215,3.4.0
486,NiP2,6,12,40.2136,0.507988,26.197964,25.910423,0.805011,0.48475,0.995338,3.4.0
2173,P2O5,28,28,20.2778,2.131699,109.395374,73.817908,0.494142,0.21336,1.0,3.4.0
2452,P2O5,14,56,20.2778,2.048716,108.559279,72.523903,0.510032,0.216717,1.0,3.4.0
2319,P2Os,6,6,84.0592,0.783198,41.463132,33.220025,0.818133,0.655477,1.0,3.4.0
3006,P2Pd3S8,13,13,49.056,0.649109,41.940734,25.575614,0.641916,0.369802,0.809559,3.4.0
730,P2Pt,12,12,85.6772,0.928616,36.37147,31.269289,0.951407,0.927111,1.0,3.4.0
1413,P2Ru,6,6,54.3392,0.709092,37.934264,30.330565,0.81335,0.638808,1.0,3.4.0
504748,P3Pb5ClO12,42,42,64.5889,1.515009,94.629561,38.120206,0.599548,0.373519,1.0,3.4.0
2447,P4Se5,36,36,57.6328,0.349602,27.830566,17.230532,0.718598,0.428701,0.832945,3.4.0
3123,PPdSe,24,24,72.1179,0.438451,25.834241,22.510533,0.790082,0.45864,0.811189,3.4.0
2511,PbF2,12,12,81.7323,0.371292,10.731997,7.209903,0.841118,0.713418,1.0,3.4.0
315,PbF2,3,12,81.7323,0.486973,9.731177,6.488841,1.0,1.0,1.0,3.4.0
341,PbF4,5,10,56.6387,0.89732,49.338504,23.742512,0.430598,0.140413,1.0,3.4.0
3472,PbSO4,24,24,50.5438,1.680144,116.33237,50.013511,0.586208,0.354108,1.0,3.4.0
2201,PbSe,2,8,143.08,0.389523,5.750996,5.469435,1.0,1.0,1.0,3.4.0
4649,PdSe2O5,16,32,43.0421,0.91562,49.806766,35.20105,0.626107,0.292165,1.0,3.4.0
2418,PdSe2,12,12,88.1133,0.363492,11.578449,10.435466,0.916792,0.769608,1.0,3.4.0
9497,Pr2C(NO)2,7,7,50.5483,1.394622,135.247474,53.187558,0.719704,0.553145,1.0,3.4.0
2063,Pr2O3,5,5,65.9627,1.089092,24.124574,18.712597,0.912101,0.784936,1.0,3.4.0
3236,Pr2SO2,5,5,69.1758,0.855855,21.776492,17.072294,0.960656,0.928271,1.0,3.4.0
4764,Pr2SeO2,5,5,78.5548,0.808865,20.862387,16.384733,0.948893,0.923339,1.0,3.4.0
4394,Pr2Sn2O7,22,88,57.3846,1.292766,41.492546,26.077707,0.662836,0.433993,1.0,3.4.0
2980,Pr2Te4O11,34,68,56.9535,0.942608,49.652701,30.711123,0.599913,0.32811,1.0,3.4.0
2973,Pr3Sb5O12,40,80,61.1758,1.295795,34.442897,24.471305,0.66358,0.380123,1.0,3.4.0
3466,PrAlO3,10,30,43.1775,1.079245,34.950006,26.462332,0.74178,0.550907,1.0,3.4.0
975666,PrBrO,6,6,78.937,0.600554,20.559011,14.673252,0.92073,0.817375,1.0,3.4.0
2651,PrF3,24,24,49.4757,0.740762,23.834107,14.503113,0.750221,0.479053,1.0,3.4.0
4535,PrGaO3,20,20,51.7258,1.333417,27.731965,21.915654,0.741147,0.52912,1.0,3.4.0
4709,PrNbO4,12,24,49.6353,1.093118,61.233601,31.511463,0.654012,0.413966,1.0,3.4.0
769173,PrOF,6,18,58.6352,1.001925,23.466126,16.4359,0.944803,0.910366,1.0,3.4.0
4589,PrPO4,24,24,39.3132,1.776391,103.229871,50.196046,0.596086,0.360724,1.0,3.4.0
3954,PrPS4,48,96,50.0236,0.678092,40.020147,21.244288,0.657534,0.417114,1.0,3.4.0
17446,PrPtF7,36,36,52.1089,0.688111,91.942913,30.242325,0.533682,0.280533,0.978244,3.4.0
1285,PtO2,6,6,75.6943,1.16093,69.953905,45.768222,0.737245,0.41862,1.0,3.4.0
617,PtO2,3,3,75.6943,0.882846,74.241342,44.314838,0.926165,0.778496,0.911422,3.4.0
571293,Rb2BaNb2Se11,64,64,85.1647,0.325794,31.350689,13.621826,0.661861,0.378378,0.936516,3.4.0
3009,Rb2BeF4,28,28,36.5631,0.432018,31.68211,14.470922,0.651046,0.430131,1.0,3.4.0
4138,Rb2CO3,24,24,38.4907,1.171104,94.267708,42.010862,0.618676,0.293673,1.0,3.4.0
18556,Rb2Cd3S4,36,36,70.7143,0.244509,11.350928,9.094726,0.704698,0.45888,1.0,3.4.0
4052,Rb2Mn3Se4,18,36,72.3989,0.384271,25.457149,17.717707,0.854205,0.657676,0.970474,3.4.0
1394,Rb2O,3,12,62.3117,0.212295,4.668571,4.467109,1.0,1.0,0.950877,3.4.0
2079,Rb2P3,10,40,52.7714,0.435413,19.388779,12.768535,0.661257,0.290191,0.924051,3.4.0
21461,Rb2PbO3,24,24,71.0223,0.569033,35.339696,15.134489,0.709269,0.406011,1.0,3.4.0
21489,Rb2PbO3,12,24,71.0223,0.570868,35.361374,15.176503,0.706906,0.398421,1.0,3.4.0
4030,Rb2Pt3S4,9,36,98.272,0.332626,27.253014,17.107987,0.731959,0.540746,0.741259,3.4.0
7929,Rb2PtS2,5,10,86.0299,0.306408,26.611023,13.132487,0.762024,0.395519,0.959664,3.4.0
3372,Rb2SO4,28,28,38.1426,1.105155,121.820062,44.174665,0.62935,0.425952,1.0,3.4.0
4618,Rb2SeO4,28,28,44.8419,0.879563,96.767376,34.861577,0.604483,0.374391,1.0,3.4.0
2095,Rb2Te3,20,20,110.7471,0.149883,6.731083,4.606292,0.743579,0.512746,0.966387,3.4.0
756156,Rb2ZrO3,12,24,51.693,0.794688,50.733892,20.566047,0.694116,0.362763,1.0,3.4.0
849527,Rb3InO3,28,28,59.8885,0.417506,30.712319,13.068031,0.682345,0.383064,1.0,3.4.0
3719,Rb3NbS4,32,32,59.6962,0.354625,44.989951,15.284559,0.617954,0.377202,0.996063,3.4.0
558170,Rb3PO4,32,32,43.9218,0.767698,97.778516,33.246906,0.61558,0.395295,1.0,3.4.0
17220,Rb3TaS4,32,32,70.7014,0.373234,48.397415,16.331078,0.616809,0.376159,0.996063,3.4.0
769294,Rb8SnO6,30,30,59.8966,0.327881,43.644319,10.943047,0.740645,0.547599,1.0,3.4.0
3419,RbAuF4,12,24,59.738,0.731361,70.441286,26.836417,0.552652,0.252276,1.0,3.4.0
3032,RbBF4,24,24,28.7121,0.890425,62.634221,30.215678,0.600646,0.382316,1.0,3.4.0
3654,RbCaF3,5,5,36.5082,0.34063,19.133387,10.585357,0.648715,0.473073,1.0,3.4.0
23949,RbCaH3,5,5,25.7139,0.168557,11.43233,6.166865,0.660521,0.490782,1.0,3.4.0
569764,RbCu2I3,24,24,98.8789,0.138367,7.776766,6.060044,0.696937,0.412768,0.806527,3.4.0
10985,RbCu3S2,12,24,56.706,0.22074,13.557177,9.374888,0.749251,0.551645,0.741259,3.4.0
7477,RbErO2,4,12,71.1814,0.63197,24.364355,14.491169,0.958156,0.901346,1.0,3.4.0
1888,RbGe,64,64,79.0539,0.322406,11.709418,7.165185,0.632645,0.441079,0.986111,3.4.0
697144,RbH2N,8,8,25.3726,0.56668,57.619242,34.240758,0.561609,0.215166,0.765734,3.4.0
6300,RbHgSbSe3,24,24,107.4496,0.337632,12.938827,8.643427,0.737295,0.448614,0.996491,3.4.0
743,RbN3,8,16,31.872,1.528105,166.106294,86.987704,0.489215,0.232588,0.972441,3.4.0
555018,RbNa2AuO2,12,12,60.0688,0.31947,30.525367,14.501497,0.603373,0.258956,1.0,3.4.0
10834,RbNd2CuS4,16,32,70.7197,0.330726,13.821393,10.592506,0.818223,0.632531,0.937992,3.4.0
5808,RbNdTe2,4,12,121.2274,0.235282,9.336836,6.607542,0.91129,0.852748,1.0,3.4.0
4135,RbPO3,20,20,32.888,1.290377,108.866189,52.578657,0.588384,0.336406,1.0,3.4.0
4035,RbReO4,12,24,55.9454,1.534234,132.44642,54.481304,0.567794,0.345317,1.0,3.4.0
3404,RbSO3,30,30,33.1062,2.340779,119.815275,54.305254,0.595931,0.326014,1.0,3.4.0
4721,RbSb3Se5,36,36,93.9498,0.265972,12.788129,9.765833,0.699376,0.360053,0.985237,3.4.0
7650,RbScO2,8,8,40.6056,0.622197,22.500753,15.1293,0.940306,0.854672,1.0,3.4.0
8145,RbScO2,4,12,40.6056,0.674842,22.223816,14.881411,0.938301,0.860744,1.0,3.4.0
1074,RbSi,64,64,56.7767,0.36856,14.162796,8.490404,0.630076,0.437093,0.974206,3.4.0
3033,RbTaO3,20,40,62.8828,1.561256,60.069462,29.538106,0.651138,0.36114,1.0,3.4.0
652046,Re3S4Br,32,32,95.8481,0.701466,58.77835,34.210995,0.739312,0.567405,0.630906,3.4.0
190,ReO3,4,4,58.5513,1.506502,28.666177,23.600216,0.702312,0.553467,1.0,3.4.0
1716,Rh2O3,20,20,50.7618,1.293729,48.356682,36.772114,0.875122,0.748493,1.0,3.4.0
542734,Rh2O3,10,30,50.7618,0.89999,50.09225,37.153151,0.913046,0.768372,0.989916,3.4.0
2068,RhF3,8,24,39.9752,0.865421,58.95533,30.975601,0.658384,0.339751,0.992105,3.4.0
2030,RuS2,12,12,55.0667,0.941498,37.87228,30.358209,0.951447,0.883891,1.0,3.4.0
1247,Sb2Ir,12,12,145.2457,0.513169,27.348993,23.487752,0.844292,0.732189,1.0,3.4.0
1999,Sb2O3,20,80,58.3036,1.37658,31.989713,27.349662,0.629909,0.412877,1.0,3.4.0
2136,Sb2O3,20,20,58.3036,0.925077,29.789659,25.732665,0.664591,0.301847,1.0,3.4.0
1705,Sb2O5,14,28,46.2167,1.381257,56.494255,38.311368,0.652779,0.357163,1.0,3.4.0
2809,Sb2S3,20,20,67.943,0.411003,11.683291,10.782094,0.767328,0.564875,1.0,3.4.0
2160,Sb2Se3,20,20,96.08,0.335215,10.004765,9.301797,0.785073,0.59863,0.996639,3.4.0
759707,Sb4O5F2,44,44,55.0031,1.111973,31.446349,22.860887,0.671131,0.379537,1.0,3.4.0
768372,SbBrO,36,36,72.5545,0.524876,26.758804,18.501377,0.626296,0.29508,0.99223,3.4.0
1880,SbF3,8,16,44.6888,0.679057,32.040416,18.557478,0.535674,0.288079,1.0,3.4.0
8630,SbIrS,12,12,115.3473,0.812324,31.357479,26.487365,0.927273,0.846858,0.996491,3.4.0
1819,SbO2,12,24,51.2529,0.995809,56.895974,32.213339,0.630216,0.342337,1.0,3.4.0
230,SbO2,24,24,51.2529,0.997456,56.937308,32.09736,0.63,0.336557,1.0,3.4.0
3439,SbPO4,12,12,36.1219,1.320931,98.831211,49.971733,0.571529,0.296672,1.0,3.4.0
3930,Sc2MnS4,14,56,39.0157,0.861894,24.884037,15.603434,0.756441,0.625214,1.0,3.4.0
216,Sc2O3,40,80,27.582,1.452219,27.827151,23.504159,0.808745,0.663214,1.0,3.4.0
401,Sc2S3,20,80,37.2214,0.682203,15.876799,13.731983,0.829877,0.681194,1.0,3.4.0
11022,ScAgO2,8,8,46.2057,0.676194,25.776407,22.554975,0.651927,0.4122,1.0,3.4.0
973185,ScAgO2,4,12,46.2057,0.780307,25.616347,22.533708,0.650801,0.412446,1.0,3.4.0
4471,ScAlO3,20,20,23.9871,1.611515,34.958794,28.287131,0.776922,0.544013,1.0,3.4.0
3642,ScCuO2,8,8,35.1252,0.731916,29.37041,26.640553,0.601356,0.33267,0.998031,3.4.0
4636,ScCuO2,4,12,35.1252,0.845441,29.324922,26.589311,0.601358,0.334851,0.971963,3.4.0
4661,ScOF,12,12,26.6512,0.789439,28.699635,21.673546,0.775866,0.562261,1.0,3.4.0
4662,ScOF,12,12,26.6512,0.789471,28.70138,21.674652,0.775843,0.562236,1.0,3.4.0
4200,ScPO4,12,24,23.3212,3.330415,102.934798,52.073897,0.584384,0.339131,1.0,3.4.0
726,SeO2,24,24,36.9863,2.610018,50.452935,37.441901,0.552296,0.234813,1.0,3.4.0
147,Se,6,18,78.96,0.272743,10.233054,10.233054,0.767845,0.476351,1.0,3.4.0
28712,Si2Hg6O7,15,30,91.4471,0.888311,69.248314,34.604929,0.510283,0.223483,1.0,3.4.0
4497,Si2N2O,10,20,20.0368,2.605139,66.138624,59.912232,0.731759,0.438861,1.0,3.4.0
17123,Si2Os,24,48,82.1337,1.08919,39.848522,29.046608,0.891752,0.798278,1.0,3.4.0
569815,Si2Ru,24,48,52.4137,0.979497,35.087773,26.219258,0.894426,0.805608,1.0,3.4.0
2245,Si3N4,28,28,20.0405,3.364428,60.400497,55.606027,0.801044,0.48867,1.0,3.4.0
988,Si3N4,14,14,20.0405,4.300832,59.66261,55.60597,0.79995,0.484054,1.0,3.4.0
2084,Si5Ir3,64,64,89.6348,0.76958,37.628063,27.696065,0.769032,0.564215,1.0,3.4.0
3273,Si5P6O25,36,108,20.1738,2.101475,110.305147,67.821847,0.586894,0.334786,1.0,3.4.0
1863,SiAs,12,24,51.5035,0.413164,22.724339,19.487149,0.870622,0.754134,0.931235,3.4.0
7140,SiC,4,4,20.0481,1.182525,43.475696,42.744072,0.986308,0.958924,1.0,3.4.0
8062,SiC,2,8,20.0481,2.210857,43.585458,42.75412,1.0,1.0,1.0,3.4.0
1818,SiF4,5,10,20.8158,1.569898,92.027738,48.032365,0.510208,0.265312,1.0,3.4.0
978534,SiGe,4,4,50.3628,0.500683,21.529072,21.154583,0.985712,0.957136,1.0,3.4.0
10851,SiO2,9,9,20.0281,3.081329,82.26859,69.572214,0.5938,0.371474,1.0,3.4.0
11684,SiO2,24,48,20.0281,2.292763,80.143157,66.254614,0.592,0.353361,1.0,3.4.0
12787,SiO2,18,36,20.0281,1.603377,81.375428,66.995769,0.59775,0.361862,1.0,3.4.0
15078,SiO2,54,108,20.0281,2.086832,84.097587,70.261715,0.586552,0.360129,1.0,3.4.0
16964,SiO2,36,72,20.0281,1.623684,82.853409,69.148891,0.59393,0.365434,1.0,3.4.0
17909,SiO2,36,108,20.0281,2.084952,82.862641,68.763479,0.59216,0.357233,1.0,3.4.0
546546,SiO2,9,27,20.0281,3.717278,81.583825,65.800278,0.608338,0.341427,1.0,3.4.0
553993,SiO2,48,96,20.0281,2.213952,81.663606,66.187127,0.600284,0.35483,1.0,3.4.0
555740,SiO2,24,48,20.0281,4.215409,80.570394,66.190585,0.611761,0.387258,1.0,3.4.0
6922,SiO2,9,9,20.0281,3.081653,82.269738,69.572999,0.593804,0.371475,1.0,3.4.0
6945,SiO2,12,12,20.0281,2.329888,82.122979,68.247369,0.59756,0.371114,1.0,3.4.0
7000,SiO2,9,9,20.0281,2.981805,80.966686,66.71597,0.600075,0.363255,1.0,3.4.0
7029,SiO2,12,12,20.0281,2.329405,82.122411,68.228906,0.597628,0.371042,1.0,3.4.0
7087,SiO2,12,12,20.0281,2.448306,84.114895,73.382051,0.584095,0.375953,1.0,3.4.0
8059,SiO2,24,24,20.0281,8.123683,81.725535,68.84913,0.599044,0.380871,1.0,3.4.0
8352,SiO2,6,24,20.0281,8.552592,83.154372,72.706715,0.586589,0.379884,1.0,3.4.0
2488,SiOs,8,8,109.1577,1.574719,35.944645,31.222754,0.812918,0.712225,0.992063,3.4.0
4769,SiP2O7,40,40,20.2029,2.847072,111.197911,68.313588,0.575773,0.302985,1.0,3.4.0
2798,SiP,24,48,29.5296,0.477711,25.64959,22.504544,0.879838,0.772399,0.910839,3.4.0
149,Si,2,8,28.0855,1.070864,22.884946,22.884946,1.0,1.0,1.0,3.4.0
165,Si,4,4,28.0855,0.529198,22.680116,22.680116,0.995456,0.986369,1.0,3.4.0
1745,Sm2O3,15,30,69.7436,1.133271,26.534583,20.126439,0.803901,0.59162,1.0,3.4.0
218,Sm2O3,40,80,69.7436,1.216309,25.709623,19.898456,0.823201,0.68072,1.0,3.4.0
1403,Sm2S3,20,20,79.383,0.445828,14.855389,12.765936,0.846596,0.691513,1.0,3.4.0
5598,Sm2SO2,5,5,72.9568,0.908831,22.907181,18.332063,0.955753,0.915469,1.0,3.4.0
2883,Sm2Sn2O7,22,88,59.1033,1.33992,44.122621,27.076876,0.659929,0.430696,1.0,3.4.0
3073,Sm2Te4O11,34,68,58.0655,0.957431,49.420159,30.662211,0.60632,0.335703,1.0,3.4.0
3335,Sm2Ti2O7,22,88,46.2227,1.549235,28.42008,24.058071,0.653674,0.461792,1.0,3.4.0
4408,Sm2Zr2O7,22,88,54.1058,1.495936,35.90073,24.614467,0.644216,0.430015,1.0,3.4.0
21604,Sm3InS6,40,40,75.8288,0.446203,17.132181,13.180475,0.805915,0.61538,1.0,3.4.0
3154,Sm3Sb5O12,40,80,62.5936,1.326136,34.618745,24.961041,0.669421,0.388137,1.0,3.4.0
754217,SmIO,6,6,97.7546,0.574655,21.817136,15.259587,0.908133,0.79659,0.959502,3.4.0
3831,SmPO4,24,24,40.8886,1.814876,103.984057,50.875678,0.597113,0.359777,1.0,3.4.0
3897,SmPS4,48,96,51.599,0.684062,40.386758,21.444659,0.653314,0.406385,1.0,3.4.0
3317,SmRhO3,20,20,60.2527,1.143164,47.556434,27.737384,0.755305,0.495935,1.0,3.4.0
3756,SmTaO4,12,24,65.8842,1.160156,64.076181,33.586339,0.658716,0.428015,1.0,3.4.0
1509,Sn2S3,20,20,66.723,0.40877,17.348086,11.837466,0.806856,0.614318,1.0,3.4.0
1443,Sn3F8,22,22,46.1925,0.571201,54.183502,17.88874,0.543296,0.274479,1.0,3.4.0
2843,SnF2,24,48,52.2356,0.423626,16.205156,11.064087,0.574835,0.284155,1.0,3.4.0
2706,SnF4,5,10,38.9407,1.063351,57.522294,28.625456,0.448347,0.164876,1.0,3.4.0
571146,SnICl,12,12,93.6892,0.18751,5.593903,5.282596,0.755902,0.554325,0.995338,3.4.0
856,SnO2,6,6,50.2363,1.792035,42.51471,32.559846,0.66691,0.309121,1.0,3.4.0
2097,SnO,4,4,67.3547,0.611201,16.036295,14.774856,0.862011,0.717555,1.0,3.4.0
4252,SnPS3,20,20,49.1758,0.764127,37.964471,18.99509,0.631659,0.379733,1.0,3.4.0
2231,SnS,8,8,75.3875,0.277073,8.34888,8.291796,0.844736,0.717381,1.0,3.4.0
665,SnSe2,3,3,92.21,0.326934,14.931646,11.905546,0.845859,0.746118,0.934732,3.4.0
691,SnSe,8,8,98.835,0.233578,7.799957,7.395176,0.860351,0.754656,0.996503,3.4.0
11919,Sr(BeN)2,10,20,26.7316,1.233246,35.707483,29.445494,0.679945,0.395318,1.0,3.4.0
4157,Sr(NO3)2,36,36,23.5144,4.269012,110.668824,62.106094,0.57384,0.224112,1.0,3.4.0
3765,Sr(PO3)2,72,72,27.2849,1.362961,109.369914,60.708415,0.545474,0.259304,1.0,3.4.0
4578,Sr2GeS4,14,14,53.7343,0.460154,28.892403,14.571906,0.619428,0.349298,1.0,3.4.0
14283,Sr2InF7,40,40,42.3047,0.71869,33.03355,13.549448,0.710631,0.469715,1.0,3.4.0
10556,Sr2LiReN4,16,16,53.0519,0.889508,100.982058,34.919411,0.632519,0.369178,0.998031,3.4.0
3870,Sr2Nb2O7,22,44,43.0044,1.37456,56.327213,28.708322,0.595609,0.330285,1.0,3.4.0
20222,Sr2NbInO6,20,20,47.8961,1.38567,47.461233,23.118676,0.657967,0.439714,1.0,3.4.0
4103,Sr2Sb2O7,22,44,48.2505,1.3535,59.974724,30.192355,0.601227,0.316698,1.0,3.4.0
18510,Sr2SiO4,28,28,38.189,1.084621,76.635729,33.900631,0.617972,0.380646,1.0,3.4.0
3376,Sr2SnO4,7,14,51.1354,0.820679,50.175276,23.701007,0.566258,0.336695,1.0,3.4.0
4287,Sr2SnO4,28,28,51.1354,0.863257,45.92813,22.049821,0.630092,0.423094,1.0,3.4.0
17057,Sr2SnSe3F2,32,32,71.1034,0.331442,21.524647,11.114068,0.764193,0.548131,0.982283,3.4.0
770419,Sr2Zr7O16,25,75,42.7919,1.506076,37.307061,26.141456,0.735545,0.494836,1.0,3.4.0
4632,Sr3(PO4)2,13,39,34.831,3.167997,103.13896,44.469553,0.564354,0.329273,1.0,3.4.0
558642,Sr3Bi(ClO)3,40,40,62.6198,0.653657,33.595886,14.036761,0.68574,0.431315,1.0,3.4.0
17149,Sr3ErRhO6,22,66,57.1837,1.165547,54.880023,21.489053,0.765479,0.549994,1.0,3.4.0
1853,Sr3P14,34,34,40.9702,0.356222,20.448195,16.498816,0.785952,0.481744,0.84488,3.4.0
3349,Sr3Ti2O7,12,24,39.2158,1.088527,33.019562,20.343046,0.671593,0.503125,1.0,3.4.0
3956,Sr3UO6,20,20,59.6885,1.194726,72.030004,21.898043,0.64654,0.394904,1.0,3.4.0
8877,Sr4Al6SO12,23,46,32.0186,2.399646,50.436925,35.118978,0.703177,0.473821,1.0,3.4.0
4598,Sr4PtO6,22,66,58.3237,1.104869,66.297618,20.719449,0.71733,0.508514,1.0,3.4.0
3094,SrAl2O4,28,28,29.3687,1.140764,49.520586,35.300376,0.663586,0.399636,1.0,3.4.0
3788,SrAl4O7,24,48,25.6285,1.436431,48.8786,38.595619,0.655491,0.363095,1.0,3.4.0
2630,SrC2,3,6,37.2138,1.189409,77.995565,54.984548,0.534215,0.301323,0.968847,3.4.0
3822,SrCO3,20,20,29.5258,1.919456,100.542963,53.961195,0.613456,0.314874,1.0,3.4.0
21228,SrCuSeF,8,8,62.2811,0.26149,11.315638,8.886228,0.944472,0.876475,0.933566,3.4.0
981,SrF2,3,12,41.8723,0.504044,13.901113,9.84782,1.0,1.0,1.0,3.4.0
1244,SrGe2,24,24,77.6333,0.325603,12.798337,10.258248,0.684191,0.495326,0.964912,3.4.0
3378,SrHfO3,20,20,62.8216,1.455042,40.276869,24.599624,0.654269,0.436513,1.0,3.4.0
3721,SrHfO3,10,20,62.8216,1.463156,41.385711,25.074192,0.652581,0.470086,1.0,3.4.0
4551,SrHfO3,5,5,62.8216,1.025561,44.712519,26.872616,0.647883,0.471825,1.0,3.4.0
4673,SrHfO3,20,40,62.8216,1.383512,40.363235,24.6702,0.648292,0.432674,1.0,3.4.0
540688,SrIn2O4,28,28,54.4648,0.798138,26.4077,19.129754,0.811583,0.629616,1.0,3.4.0
7756,SrLiSb,12,12,72.107,0.15657,7.491697,5.984326,0.858963,0.693109,0.864802,3.4.0
2131,SrN6,14,56,24.5229,2.235734,175.388349,105.318942,0.453719,0.159633,0.984556,3.4.0
4591,SrNb2O6,36,36,41.0477,1.160333,50.34075,30.022204,0.643132,0.39164,1.0,3.4.0
2697,SrO2,3,6,39.8729,0.666208,27.352851,22.260241,0.535116,0.219619,1.0,3.4.0
2472,SrO,2,8,51.8097,0.806366,12.877615,10.998071,1.0,1.0,1.0,3.4.0
12622,SrPdF4,12,24,45.0056,0.680324,44.926687,19.802328,0.598182,0.276898,1.0,3.4.0
1950,SrS2,6,12,50.5833,0.412754,14.938936,12.963439,0.630335,0.43162,1.0,3.4.0
1175,SrS3,8,16,45.9537,0.328863,20.348513,14.295662,0.635507,0.297324,0.913386,3.4.0
1087,SrS,2,8,59.8425,0.495209,8.893264,8.532482,1.0,1.0,1.0,3.4.0
770771,SrSc2O4,28,28,34.5042,0.936675,25.639112,19.614482,0.841789,0.685852,1.0,3.4.0
3395,SrSeO3,10,10,42.9156,0.897493,59.467766,30.787848,0.62862,0.411228,1.0,3.4.0
4092,SrSeO4,24,24,38.4296,1.351622,97.369417,42.039368,0.574497,0.331452,1.0,3.4.0
2758,SrSe,2,8,83.29,0.433014,7.87737,7.714779,1.0,1.0,1.0,3.4.0
4549,SrSiN2,16,16,35.9297,1.082679,59.635613,37.443512,0.7118,0.456434,1.0,3.4.0
3978,SrSiO3,30,60,32.7407,1.217531,80.883002,43.408617,0.584333,0.330004,1.0,3.4.0
2879,SrSnO3,20,20,50.8656,1.267713,42.106631,24.261502,0.658091,0.428647,1.0,3.4.0
3252,SrTe3O8,24,24,49.8679,2.275438,69.005869,28.818806,0.642967,0.370398,1.0,3.4.0
4274,SrTeO4,24,24,46.5363,0.897644,78.066209,33.728418,0.674229,0.344408,1.0,3.4.0
1958,SrTe,2,8,107.61,0.359454,6.720943,6.62257,1.0,1.0,1.0,3.4.0
4651,SrTiO3,10,20,36.697,1.517133,31.838683,21.175216,0.70274,0.543676,1.0,3.4.0
3446,SrTm2O4,28,28,69.9266,1.125618,28.133841,19.516344,0.834948,0.662067,1.0,3.4.0
3311,SrUO4,24,24,64.9411,1.278485,78.796991,29.790445,0.563519,0.271284,1.0,3.4.0
558616,SrZnP2O7,44,44,29.7221,1.891249,106.445571,51.365301,0.590792,0.302798,1.0,3.4.0
3626,SrZrO3,20,40,45.3684,1.318718,36.474919,22.18846,0.651342,0.424223,1.0,3.4.0
4387,SrZrO3,20,20,45.3684,1.389567,36.361226,22.125324,0.660532,0.438688,1.0,3.4.0
10390,Ta2O5,14,28,63.1275,1.833428,54.436631,38.180729,0.6234,0.359838,1.0,3.4.0
4425,Ta2Pt3Se8,26,26,121.4483,0.620127,29.444816,22.401714,0.774939,0.518982,0.890963,3.4.0
4624,TaBO4,12,24,42.6261,3.159594,58.455652,45.491926,0.664054,0.390648,1.0,3.4.0
4081,TaCu3Se4,8,8,85.9282,0.762742,39.405794,17.519688,0.716658,0.574988,0.845238,3.4.0
3102,TaCuS3,20,20,68.1378,0.514787,28.567192,19.704352,0.721668,0.519992,0.808403,3.4.0
4165,TaNO,12,12,70.318,1.24703,47.776957,36.709908,0.769595,0.564176,1.0,3.4.0
510,TaO2,48,96,70.9822,1.362844,49.217771,33.785986,0.659858,0.388804,1.0,3.4.0
1056,Tb2O3,40,80,73.1698,1.289226,27.349012,21.483117,0.819423,0.67972,1.0,3.4.0
2457,Tb2O3,15,30,73.1698,1.197998,28.286636,21.601249,0.799656,0.58541,1.0,3.4.0
4602,Tb2Ti2O7,22,88,47.78,1.591616,28.916884,24.633433,0.645467,0.446312,1.0,3.4.0
20606,Tb3In5S12,40,40,71.7823,0.448396,16.784408,13.198732,0.808772,0.619063,1.0,3.4.0
3551,TbAgTe2,8,8,130.4984,0.337518,11.410066,9.26266,0.794176,0.586003,0.973684,3.4.0
4434,TbAlO3,20,20,46.781,1.559828,34.331473,27.252395,0.759277,0.564919,1.0,3.4.0
3248,TbAsO4,12,24,49.6408,2.596861,79.092782,40.478928,0.570122,0.308158,1.0,3.4.0
11347,TbF3,16,16,53.9801,0.657047,27.667429,16.68525,0.716624,0.448615,1.0,3.4.0
4340,TbPO4,12,24,42.3161,3.24908,103.063741,51.565867,0.58033,0.33005,1.0,3.4.0
4672,TbPS4,48,96,53.0265,0.689634,40.726437,21.606589,0.650048,0.396934,1.0,3.4.0
10782,TbRbSe2,4,12,100.5783,0.301331,11.815639,8.270277,0.913232,0.85359,1.0,3.4.0
569507,TbTlSe2,4,12,130.3072,0.311674,11.952467,7.972498,0.963739,0.928704,1.0,3.4.0
602,Te2Mo,6,6,117.0533,0.421635,29.671369,21.373966,0.866116,0.799174,0.695749,3.4.0
554952,Te2Pb3(ClO3)2,26,52,80.2848,0.776489,49.147718,19.812729,0.692308,0.456403,1.0,3.4.0
484,Te3As2,10,20,106.5286,0.286328,9.293657,8.556641,0.816596,0.687417,0.998319,3.4.0
1875,TeF6,28,28,34.5129,0.945389,110.046969,39.907019,0.490586,0.234764,1.0,3.4.0
2125,TeO2,24,24,53.1996,0.911679,39.025131,27.697014,0.618439,0.313482,1.0,3.4.0
2739,TeO2,12,12,53.1996,1.346696,38.808157,28.33484,0.584718,0.277972,1.0,3.4.0
557,TeO2,12,12,53.1996,1.346665,38.810471,28.335739,0.584688,0.277934,1.0,3.4.0
2552,TeO3,8,24,43.8995,1.618549,66.473829,39.633558,0.618863,0.362365,1.0,3.4.0
1666,Th2S5,28,28,89.2002,0.489203,17.39216,14.268692,0.866034,0.680384,1.0,3.4.0
2392,Th2Se5,28,28,122.6966,0.606589,13.013337,9.900734,0.741216,0.421502,1.0,3.4.0
7768,Th2SeN2,5,5,114.2099,1.007439,27.479808,20.109484,0.943482,0.915223,1.0,3.4.0
467,Th3N4,7,21,107.4487,1.142287,31.136792,20.657283,0.914239,0.791618,1.0,3.4.0
27697,ThI4,20,20,147.9312,0.348028,14.502427,8.271488,0.714552,0.392457,0.863291,3.4.0
643,ThO2,3,12,88.0123,1.283061,32.735061,21.884636,1.0,1.0,1.0,3.4.0
1146,ThS2,12,12,98.7227,0.450197,17.526042,13.788805,0.828019,0.701092,1.0,3.4.0
5836,ThSiO4,12,24,54.0202,2.808871,73.089372,40.888445,0.585622,0.327661,1.0,3.4.0
7651,ThSiO4,24,24,54.0202,1.690329,76.215372,41.828913,0.596297,0.348597,1.0,3.4.0
4733,ThTi2O6,18,36,47.0854,1.085088,37.861523,26.406627,0.719602,0.405487,1.0,3.4.0
504427,Ti3PbO7,22,22,42.0724,1.133544,39.413046,26.12995,0.644289,0.381334,1.0,3.4.0
866154,TiBeIr2,4,16,110.3283,0.626227,28.55039,23.100791,1.0,1.0,1.0,3.4.0
924130,TiNiSn,3,12,75.0901,0.592328,20.429538,18.499953,1.0,1.0,0.954386,3.4.0
1439,TiO2,12,12,26.6219,1.241517,32.63136,26.786158,0.712203,0.473888,1.0,3.4.0
1840,TiO2,24,24,26.6219,1.696505,32.969986,27.760531,0.669426,0.386943,1.0,3.4.0
2657,TiO2,6,6,26.6219,1.661439,29.134289,25.008101,0.658258,0.373254,1.0,3.4.0
390,TiO2,6,12,26.6219,1.50167,32.459268,28.134746,0.694315,0.420711,1.0,3.4.0
775938,TiO2,36,36,26.6219,1.219941,33.21442,25.712656,0.678528,0.403437,1.0,3.4.0
753048,TiSnO4,18,36,38.4291,1.088806,42.724181,29.545025,0.666629,0.344977,1.0,3.4.0
17986,TiTl2O3,24,24,84.1053,0.628773,48.614384,21.72303,0.616902,0.331647,1.0,3.4.0
667,Tl2S,27,81,146.9439,0.261611,6.05729,5.014714,0.828477,0.69141,0.999074,3.4.0
543028,Tl2TeO3,48,48,97.3941,0.513757,47.063785,20.264034,0.615433,0.386656,1.0,3.4.0
4584,Tl3BO3,14,14,95.9942,1.77127,61.58275,26.459011,0.618474,0.329683,1.0,3.4.0
4160,Tl3PSe4,32,32,119.9955,0.270063,26.830858,10.485158,0.685121,0.479793,0.996063,3.4.0
23380,Tl3PbI5,36,36,161.6525,0.115371,4.776124,3.41129,0.759219,0.527282,0.999223,3.4.0
4762,TlAg3S2,24,24,98.6863,0.285149,11.717763,7.893829,0.636216,0.30691,0.964912,3.4.0
29238,TlAgSe,12,12,130.4038,0.153541,7.939079,5.495245,0.780592,0.48995,0.878788,3.4.0
5874,TlAgTe,12,12,146.6172,0.142675,8.36746,5.376463,0.788925,0.497463,0.869464,3.4.0
28442,TlAs5S8,56,56,59.6794,0.44245,18.448543,13.958436,0.707081,0.392032,1.0,3.4.0
28809,TlBS3,20,20,62.2779,0.451853,28.293147,18.786082,0.746977,0.421353,0.981513,3.4.0
2632,TlF3,16,16,65.3446,0.555315,26.306416,15.031101,0.655029,0.319689,1.0,3.4.0
2175,TlF,2,8,111.6909,0.234025,3.106922,2.453408,1.0,1.0,0.968254,3.4.0
720,TlF,8,8,111.6909,0.192363,5.727279,4.863339,0.719502,0.559591,1.0,3.4.0
3785,TlGaTe2,8,16,132.3266,0.228432,11.949991,8.232484,0.723448,0.504518,1.0,3.4.0
3075,TlGeS2,32,32,85.2883,0.349455,26.44922,12.911595,0.643346,0.308821,1.0,3.4.0
870,TlN3,8,16,61.6008,1.564974,158.986779,83.288379,0.485451,0.226556,1.0,3.4.0
541487,TlPt2Se3,12,12,138.5719,0.410848,28.391155,17.604577,0.844946,0.689156,1.0,3.4.0
3267,TlSb5S8,56,56,76.4074,0.412831,14.864258,11.160496,0.718619,0.427571,1.0,3.4.0
39,Tl,1,2,204.3833,0.622897,5.38885,5.38885,1.0,1.0,1.0,3.4.0
4324,Tm2CdS4,14,56,82.6485,0.865731,15.655201,13.137044,0.779055,0.668583,1.0,3.4.0
1767,Tm2O3,40,80,77.1733,1.371335,29.299539,23.406637,0.814584,0.677282,1.0,3.4.0
2309,Tm2S3,20,20,86.8127,0.47613,16.569964,13.758908,0.840522,0.698185,1.0,3.4.0
3556,Tm2SO2,5,5,80.3864,1.00881,25.013218,20.748537,0.94466,0.885382,1.0,3.4.0
3334,Tm2Sn2O7,22,88,62.4804,1.412745,48.067233,28.501397,0.658151,0.429627,1.0,3.4.0
558534,Tm3B5O12,80,80,37.6425,1.967094,54.096973,42.043916,0.685627,0.431275,1.0,3.4.0
640324,TmCuPbSe3,24,24,112.76,0.265435,12.263142,9.048364,0.865201,0.74813,0.920746,3.4.0
2275,UF6,28,28,50.2885,0.87203,90.294447,32.122223,0.465408,0.195769,0.984556,3.4.0
1776,UN2,3,12,88.6808,1.380966,38.525624,25.355291,1.0,1.0,1.0,3.4.0
375,UO3,4,4,71.5068,1.621029,61.525319,28.816117,0.578207,0.36731,1.0,3.4.0
3516,UTeO5,28,28,63.6608,1.384859,93.702882,40.123139,0.542821,0.216428,1.0,3.4.0
3762,VCu3S4,8,8,46.2299,0.83815,40.91522,19.679106,0.758928,0.638392,0.795635,3.4.0
224,WS2,6,6,82.6567,0.59012,48.723149,32.319739,0.882573,0.82386,0.590604,3.4.0
1821,WSe2,6,6,113.92,0.523826,40.728772,27.986419,0.863045,0.794567,0.651007,3.4.0
753917,Y2HfO5,16,32,54.5373,1.055641,38.623379,25.405826,0.697626,0.404556,1.0,3.4.0
755537,Y2HfO5,16,32,54.5373,1.305317,40.399226,27.050849,0.706923,0.423369,1.0,3.4.0
2652,Y2O3,40,80,45.162,1.279406,26.837356,21.212075,0.814464,0.6768,1.0,3.4.0
541289,Y2S3,30,30,54.8013,0.594248,15.606463,12.96851,0.821868,0.651685,1.0,3.4.0
17404,Y2Si2O7,44,44,31.4526,1.783764,78.62053,43.704553,0.61834,0.344122,1.0,3.4.0
3520,Y2SiO5,32,64,35.7368,1.176914,76.580419,36.981288,0.646593,0.394699,1.0,3.4.0
3370,Y2Sn2O7,22,88,47.9298,1.373651,46.690258,27.769664,0.658821,0.429938,1.0,3.4.0
3050,Y3Al5O12,80,160,29.6809,0.906831,48.002234,31.725232,0.671206,0.466316,1.0,3.4.0
5409,Y4Al2O9,60,60,36.9054,1.075412,51.335646,29.586098,0.672546,0.426742,1.0,3.4.0
30250,YAgO2,8,8,57.1932,0.635615,24.812073,22.044399,0.628053,0.370397,1.0,3.4.0
3792,YAlO3,20,20,32.7771,1.545321,33.925285,26.858273,0.761566,0.566101,1.0,3.4.0
2918,YCuO2,8,8,46.1127,0.697064,30.997472,26.050185,0.586877,0.306948,0.96063,3.4.0
10533,YCuS2,16,16,54.1455,0.364838,14.562031,12.404934,0.773163,0.596074,0.942913,3.4.0
2416,YF3,16,16,36.4753,0.645053,26.214261,15.986709,0.714559,0.45648,1.0,3.4.0
3637,YOF,6,18,41.3012,1.119362,24.541317,18.174609,0.95614,0.927514,1.0,3.4.0
23220,YbCl2,24,24,81.32,0.355006,10.036232,8.648167,0.772154,0.546804,1.0,3.4.0
570418,YbI2,3,3,142.2876,0.15456,8.205896,6.240267,0.913482,0.849649,0.785548,3.4.0
1216,YbO,2,8,94.5267,1.111892,18.157485,16.292168,1.0,1.0,1.0,3.4.0
1820,YbS,2,8,102.5595,0.623261,11.253229,11.245474,1.0,1.0,1.0,3.4.0
286,YbSe,2,8,126.007,0.532755,10.061206,9.828514,1.0,1.0,1.0,3.4.0
1779,YbTe,2,8,150.327,0.430873,8.598956,8.111335,1.0,1.0,1.0,3.4.0
3188,Zn(SbO3)2,18,18,44.9885,1.008587,58.846713,34.45629,0.647131,0.30741,1.0,3.4.0
3789,Zn2SiO4,42,126,31.8347,1.116591,73.579053,38.389494,0.683377,0.408709,1.0,3.4.0
3502,Zn2Te3O8,26,52,49.3504,1.111635,45.214614,27.957237,0.673223,0.371843,1.0,3.4.0
14921,Zn4B6SeO12,23,46,25.9713,3.051313,50.792487,41.757164,0.791308,0.566384,1.0,3.4.0
1873,ZnF2,6,6,34.4589,0.706047,18.726937,14.956267,0.6672,0.318631,1.0,3.4.0
2979,ZnGeN2,16,16,41.5083,0.96431,45.751354,32.643843,0.834554,0.68851,1.0,3.4.0
4524,ZnGeP2,8,16,49.9919,0.479791,22.602857,19.339071,0.958743,0.906803,1.0,3.4.0
1986,ZnO,2,8,40.6897,1.226936,21.448533,19.88256,1.0,1.0,1.0,3.4.0
2133,ZnO,4,4,40.6897,0.670302,21.283586,19.883197,0.984962,0.954887,1.0,3.4.0
1392,ZnP2,24,24,42.4425,0.60217,25.053879,19.834265,0.873252,0.747325,0.984211,3.4.0
2782,ZnP2,24,24,42.4425,0.582825,22.976195,19.672113,0.862139,0.721037,0.940351,3.4.0
3342,ZnPS3,10,20,38.5098,0.792683,39.087138,20.248383,0.684945,0.504338,0.949367,3.4.0
10281,ZnS,8,8,48.7225,0.418205,17.179518,14.794937,0.99471,0.989718,1.0,3.4.0
9946,ZnS,12,12,48.7225,0.484453,17.181987,14.781379,0.993174,0.989225,1.0,3.4.0
18373,ZnSe2O5,32,32,37.9121,0.995324,51.35593,32.102536,0.601011,0.284167,1.0,3.4.0
1190,ZnSe,2,8,72.17,0.69849,15.313409,13.224352,1.0,1.0,1.0,3.4.0
380,ZnSe,4,4,72.17,0.368253,15.08051,13.084459,0.996282,0.990751,1.0,3.4.0
3595,ZnSiAs2,8,16,60.8272,0.452614,22.09129,18.207098,0.942315,0.872036,1.0,3.4.0
4763,ZnSiP2,8,16,38.8533,0.519864,25.954971,21.052348,0.919556,0.828752,1.0,3.4.0
4175,ZnSnP2,8,16,61.5094,0.392001,19.790849,17.154036,0.96257,0.92247,1.0,3.4.0
2176,ZnTe,2,8,96.49,0.579855,13.333736,11.466539,1.0,1.0,1.0,3.4.0
4325,Zr(SO4)2,44,44,25.759,2.554045,126.545135,63.330031,0.562098,0.321447,1.0,3.4.0
277,Zr3N4,28,28,47.0998,1.551287,34.910399,27.213904,0.801591,0.593374,1.0,3.4.0
23162,ZrCl2,3,9,54.0433,0.325134,27.791321,17.615406,0.877274,0.815911,0.459207,3.4.0
8042,ZrGeO4,12,24,37.9769,1.607944,51.086633,35.24158,0.690674,0.423577,1.0,3.4.0
924129,ZrNiSn,3,12,89.5425,0.580266,19.79984,18.323839,1.0,1.0,0.954386,3.4.0
2574,ZrO2,6,6,41.0743,1.439982,32.682341,27.160407,0.774455,0.549511,1.0,3.4.0
2858,ZrO2,12,12,41.0743,1.119549,37.867202,28.884878,0.785683,0.583849,1.0,3.4.0
1186,ZrS2,3,3,51.7847,0.45627,18.836927,15.158827,0.862291,0.74182,0.990676,3.4.0
756361,ZrSeO,12,12,62.0611,0.850583,26.080189,20.409466,0.869387,0.681077,1.0,3.4.0
4820,ZrSiO4,12,24,30.5512,3.084139,77.363821,46.642423,0.591953,0.337727,1.0,3.4.0
4759,ZrTe3O8,48,96,50.1683,1.452457,43.899201,32.116011,0.63478,0.29047,1.0,3.4.0
