mp_id,material,spectral_spread,freq_gap_max_THz,freq_gap_max_ratio,frac_sv2_below_median,spectral_entropy,n_modes,phonopy_version
4691,Ag2CO3,1.013033,10.8641,0.2418,0.4043,0.6775,36,3.4.0
11641,Ag2SeO4,0.913882,10.5035,0.4328,0.5856,0.7376,42,3.4.0
4431,Ag3AsS3,0.716021,2.4284,0.2272,0.5853,0.815,42,3.4.0
4515,Ag3SbS3,0.718998,3.1761,0.3221,0.5764,0.8101,42,3.4.0
5563,Ag5GeO4,0.841833,6.2413,0.3038,0.4698,0.8429,120,3.4.0
4004,Ag5SbS4,0.699043,1.5704,0.1552,0.3636,0.9282,60,3.4.0
570340,AgAuCl4,0.721325,3.1303,0.2991,0.6775,0.7997,36,3.4.0
22894,AgI,0.53369,1.3232,0.3353,0.8966,0.8942,12,3.4.0
3414,AgSbF6,0.773659,7.4986,0.3821,0.6002,0.756,96,3.4.0
3922,AgSbS2,0.634932,1.616,0.1684,0.5809,0.9223,48,3.4.0
625739,Al(HO)3,1.042679,63.9534,0.6111,0.8226,0.5036,168,3.4.0
4417,Al2(SO4)3,0.667849,10.7633,0.2769,0.6357,0.8463,102,3.4.0
3159,Al2CdSe4,0.635671,3.1323,0.2673,0.7214,0.8478,21,3.4.0
3807,Al2CdSe4,0.489582,1.0006,0.0902,0.541,0.9126,42,3.4.0
3038,Al2HgSe4,0.666873,3.1658,0.2689,0.6816,0.8516,21,3.4.0
1143,Al2O3,0.342988,2.3437,0.0893,0.6867,0.9313,30,3.4.0
2254,Al2O3,0.415689,1.0462,0.0391,0.706,0.9401,120,3.4.0
23995,Al2P3(HO3)3,0.831923,35.7979,0.4886,0.66,0.645,102,3.4.0
2654,Al2S3,0.496077,1.05,0.0678,0.6976,0.91,90,3.4.0
4753,Al2SiO5,0.505126,2.2471,0.0687,0.6614,0.9092,96,3.4.0
2908,Al2ZnO4,0.406019,1.9774,0.0874,0.7378,0.9138,42,3.4.0
1591,Al4C3,0.467125,3.5541,0.1381,0.7238,0.9016,21,3.4.0
3281,Al5BO9,0.547654,8.4321,0.1983,0.6334,0.8715,90,3.4.0
2172,AlAs,0.511279,4.6907,0.4044,0.8209,0.7162,6,3.4.0
3098,AlCuO2,0.503369,3.2016,0.1284,0.6176,0.9462,24,3.4.0
3748,AlCuO2,0.514054,3.8986,0.1514,0.6401,0.9174,12,3.4.0
8016,AlCuSe2,0.57953,3.7254,0.3272,0.8913,0.8071,24,3.4.0
1323,AlF3,0.524548,0.6268,0.0262,0.32,0.9471,192,3.4.0
468,AlF3,0.502205,2.8877,0.1213,0.3875,0.9489,24,3.4.0
23933,AlH3,0.613351,15.142,0.2618,0.6754,0.7683,24,3.4.0
1700,AlN,0.390712,6.4363,0.2439,0.8993,0.8369,6,3.4.0
661,AlN,0.383963,4.7999,0.1802,0.8718,0.8649,12,3.4.0
3955,AlPO4,0.680054,9.9013,0.2722,0.737,0.8275,54,3.4.0
4051,AlPO4,0.692498,10.6944,0.2901,0.7547,0.7432,36,3.4.0
1550,AlP,0.448035,4.9035,0.3359,0.8552,0.8939,6,3.4.0
2624,AlSb,0.582911,4.9981,0.4974,0.7616,0.7217,6,3.4.0
3751,AlTlF4,0.68618,2.1562,0.0961,0.319,0.9683,36,3.4.0
1581,As2O3,0.67222,3.3813,0.1434,0.3065,0.85,60,3.4.0
1582,As2O3,0.663774,3.2283,0.1344,0.2835,0.8769,60,3.4.0
2184,As2O3,0.590123,5.7675,0.2468,0.7767,0.6757,60,3.4.0
2455,As2Os,0.330583,1.4957,0.1549,0.711,0.9267,18,3.4.0
766,As2Ru,0.301499,1.2652,0.1334,0.8018,0.9384,18,3.4.0
909,As2Se3,0.540569,1.2203,0.1518,0.7866,0.8274,60,3.4.0
942,AuF3,0.77176,5.1847,0.2755,0.8473,0.7124,72,3.4.0
306,B2O3,0.653935,5.6971,0.1222,0.5258,0.9412,45,3.4.0
717,B2O3,0.453793,4.4117,0.0979,0.5498,0.9736,30,3.4.0
696746,B4C,0.377802,18.3214,0.3429,0.9138,0.74,45,3.4.0
624,B6As,0.413354,2.6715,0.0864,0.8339,0.9252,42,3.4.0
1346,B6O,0.342336,2.804,0.0804,0.9154,0.8886,42,3.4.0
3277,BAsO4,0.579421,5.9095,0.1807,0.8443,0.7684,18,3.4.0
4674,BNF8,0.816887,6.2564,0.1849,0.535,0.4815,120,3.4.0
984,BN,0.533753,13.4332,0.2838,0.6028,0.9368,12,3.4.0
3589,BPO4,0.558129,6.3064,0.1686,0.841,0.7968,18,3.4.0
1479,BP,0.424844,8.8792,0.363,0.8993,0.7849,6,3.4.0
160,B,0.319142,6.1123,0.1723,0.8896,0.8508,36,3.4.0
4255,Ba(CuS)2,0.54918,2.5025,0.2774,0.4152,0.9283,15,3.4.0
4473,Ba(CuSe)2,0.396155,0.4675,0.0755,0.7601,0.9221,60,3.4.0
17928,Ba(ErTe2)2,0.37434,0.2448,0.0495,0.7,0.964,84,3.4.0
4396,Ba(NO3)2,0.93842,15.4445,0.358,0.6794,0.4019,108,3.4.0
2983,Ba(PN2)2,0.615545,3.6146,0.1082,0.5537,0.9291,252,3.4.0
4727,Ba(SbSe2)2,0.491934,0.2643,0.0408,0.7224,0.9066,168,3.4.0
17501,Ba(ScTe2)2,0.477407,0.9918,0.138,0.5464,0.9433,84,3.4.0
756725,Ba2CaI6,0.591892,1.9321,0.3015,0.6486,0.8314,54,3.4.0
16904,Ba2CdTe3,0.422808,0.4454,0.093,0.6758,0.9452,72,3.4.0
21879,Ba2CePtO6,0.702252,6.0145,0.2776,0.679,0.7904,30,3.4.0
555284,Ba2NdAlO5,0.744433,3.9834,0.1705,0.3697,0.9332,54,3.4.0
3359,Ba2SnO4,0.662201,3.6575,0.1773,0.3915,0.9362,21,3.4.0
14552,Ba2SrUO6,0.680773,2.6964,0.1273,0.3584,0.8954,60,3.4.0
3397,Ba2TiO4,0.801386,9.0835,0.3737,0.4282,0.8257,84,3.4.0
558629,Ba2ZnSi2O7,0.750889,5.2325,0.1706,0.55,0.8715,72,3.4.0
3813,Ba2ZrS4,0.730753,2.9418,0.2128,0.5079,0.8259,21,3.4.0
3857,Ba3(PO4)2,0.829784,9.6499,0.2922,0.5223,0.6899,39,3.4.0
2911,Ba3(SnP2)2,0.576502,1.371,0.1431,0.7962,0.8028,108,3.4.0
3361,Ba3Al2F12,0.639748,1.3521,0.0663,0.504,0.9286,204,3.4.0
524,Ba3As14,0.54697,0.9114,0.119,0.9121,0.7486,102,3.4.0
16978,Ba3MgSb2O9,0.668545,1.9094,0.0835,0.6127,0.9122,90,3.4.0
1195,Ba3P14,0.618401,2.3681,0.1737,0.951,0.5952,102,3.4.0
755363,Ba3SiO,0.589063,0.983,0.1107,0.1911,0.8886,60,3.4.0
9668,Ba3TiS5,0.763272,5.7545,0.39,0.5707,0.7568,54,3.4.0
6795,Ba5Ho8Zn4O21,0.577935,0.8496,0.0468,0.4961,0.9473,114,3.4.0
3563,Ba5Nb4O15,0.692315,2.2423,0.0895,0.4999,0.9184,72,3.4.0
3828,BaAl2O4,0.687177,4.0294,0.1395,0.7901,0.7918,42,3.4.0
4202,BaAl2O4,0.676874,2.7907,0.1004,0.6321,0.9017,168,3.4.0
4376,BaAlF5,0.602367,1.9179,0.0895,0.458,0.9338,84,3.4.0
28049,BaBrCl,0.410415,0.5625,0.1004,0.7726,0.9369,36,3.4.0
4559,BaCO3,0.961467,13.2505,0.2936,0.59,0.4684,15,3.4.0
5504,BaCO3,0.948891,12.7612,0.282,0.502,0.5654,60,3.4.0
23199,BaCl2,0.422849,0.5834,0.0853,0.6509,0.9593,36,3.4.0
568662,BaCl2,0.375607,1.1913,0.1949,0.6537,0.9008,9,3.4.0
1029,BaF2,0.410217,2.1097,0.2095,0.682,0.8777,9,3.4.0
4309,BaGa4S7,0.579635,2.2573,0.1826,0.6641,0.8841,72,3.4.0
2139,BaGe2,0.5572,1.9911,0.2374,0.8693,0.6869,72,3.4.0
3848,BaGe4O9,0.633775,2.563,0.0968,0.686,0.888,126,3.4.0
3915,BaHgO2,0.900773,9.6089,0.4564,0.3836,0.7963,12,3.4.0
752656,BaLa2O4,0.561615,2.7179,0.1689,0.5932,0.9223,84,3.4.0
1707,BaN6,1.19768,23.3055,0.3393,0.5849,0.4136,42,3.4.0
2892,BaNd2O4,0.557945,2.2862,0.1371,0.6037,0.9078,84,3.4.0
1105,BaO2,1.014809,18.951,0.6844,0.525,0.5252,9,3.4.0
1342,BaO,0.564212,3.7634,0.3239,0.183,0.9307,6,3.4.0
684,BaS2,0.700044,7.6473,0.5518,0.7999,0.6865,18,3.4.0
239,BaS3,0.690816,6.6936,0.485,0.9065,0.6639,24,3.4.0
3164,BaSO4,0.839942,9.6199,0.2715,0.4879,0.6785,72,3.4.0
1500,BaS,0.424666,1.792,0.2414,0.6362,0.926,6,3.4.0
3564,BaSc2O4,0.526788,2.1055,0.0904,0.5972,0.8696,126,3.4.0
1253,BaSe,0.312054,0.9421,0.1868,0.7643,0.9014,6,3.4.0
555387,BaSi2(BO4)2,0.611286,2.0393,0.0589,0.5276,0.9645,156,3.4.0
3031,BaSi2O5,0.741608,5.8211,0.1696,0.4398,0.9327,96,3.4.0
1477,BaSi2,0.69136,3.4865,0.2389,0.9368,0.5643,72,3.4.0
3777,BaSiN2,0.699998,5.3034,0.1659,0.5601,0.8983,48,3.4.0
1000,BaTe,0.321812,0.7512,0.2058,0.7529,0.8738,6,3.4.0
3943,BaTi2O5,0.583723,1.5938,0.0606,0.6193,0.8658,72,3.4.0
3175,BaTi4O9,0.589512,2.693,0.0962,0.4673,0.9506,84,3.4.0
2998,BaTiO3,0.529465,6.3667,0.2831,0.9606,0.2249,15,3.4.0
3952,BaY2O4,0.491473,2.0306,0.1194,0.6994,0.9336,84,3.4.0
6089,BaZn2(PO4)2,0.771432,8.7586,0.263,0.6966,0.7111,156,3.4.0
3881,BaZnF4,0.547352,1.4985,0.1028,0.5476,0.9703,36,3.4.0
4236,BaZnO2,0.673559,4.5017,0.2423,0.5512,0.877,36,3.4.0
3104,BaZrN2,0.692918,3.2386,0.1473,0.2847,0.9702,24,3.4.0
1569,Be2C,0.269988,4.8136,0.1664,0.7526,0.9253,9,3.4.0
3347,Be2SiO4,0.442547,1.7566,0.0542,0.688,0.9548,126,3.4.0
3081,BeAl2O4,0.375801,3.7545,0.117,0.6279,0.9317,84,3.4.0
2542,BeO,0.329073,5.1486,0.1592,0.836,0.8724,12,3.4.0
422,BeS,0.446978,6.9493,0.3466,0.8611,0.7522,6,3.4.0
1541,BeSe,0.580077,8.8274,0.4836,0.7257,0.6937,6,3.4.0
252,BeTe,0.652783,9.3687,0.5768,0.6477,0.698,6,3.4.0
23237,BiF3,0.496292,1.8496,0.1367,0.5445,0.9564,48,3.4.0
568388,BiI,0.526331,0.8064,0.1951,0.503,0.8883,24,3.4.0
23074,BiOF,0.724861,4.7425,0.2745,0.4525,0.8653,18,3.4.0
759825,BiOF,0.616731,2.8741,0.1795,0.28,0.9435,36,3.4.0
1167,CF4,0.844489,10.1113,0.2647,0.7081,0.3355,30,3.4.0
990448,C,0.50862,15.3514,0.316,0.6038,0.9597,6,3.4.0
4555,Ca(AsO3)2,0.485973,2.024,0.0895,0.6537,0.9476,27,3.4.0
2898,Ca(AuO2)2,0.588342,3.076,0.1545,0.5768,0.9099,42,3.4.0
3417,Ca(BO2)2,0.762966,8.5016,0.1808,0.2423,0.9471,84,3.4.0
558543,Ca(CO2)2,0.877983,13.1541,0.2545,0.8133,0.58,84,3.4.0
9570,Ca(CdP)2,0.503235,1.3327,0.1452,0.4843,0.9394,15,3.4.0
9564,Ca(MgAs)2,0.399637,1.3618,0.1388,0.7317,0.909,15,3.4.0
3142,Ca(NO3)2,0.890166,14.3391,0.3233,0.8265,0.3811,108,3.4.0
18642,Ca(YS2)2,0.372436,0.5497,0.0534,0.7795,0.9423,84,3.4.0
3859,Ca2B2O5,0.7763,6.0438,0.1393,0.6505,0.743,108,3.4.0
4155,Ca2Nb2O7,0.62278,5.3273,0.1982,0.5603,0.8789,66,3.4.0
4180,Ca2SiO4,0.677129,8.6803,0.2814,0.5891,0.8386,84,3.4.0
4481,Ca2SiO4,0.618633,7.2906,0.2464,0.609,0.8407,84,3.4.0
4747,Ca2SnO4,0.433164,1.4358,0.0773,0.6437,0.9656,42,3.4.0
3575,Ca3(BO3)2,0.76344,9.1144,0.2339,0.7121,0.7227,66,3.4.0
17817,Ca3(GeP2)2,0.419015,0.7752,0.0676,0.8253,0.8695,108,3.4.0
3487,Ca3(PO4)2,0.762644,9.8647,0.2771,0.6981,0.7427,39,3.4.0
4192,Ca3AsN,0.565855,1.3421,0.092,0.3131,0.9463,60,3.4.0
1047,Ca3N2,0.406847,1.7774,0.1194,0.5991,0.9709,30,3.4.0
844,Ca3N2,0.391153,0.9538,0.0632,0.5662,0.9565,120,3.4.0
3932,Ca3Si2O7,0.684292,5.1291,0.1669,0.6643,0.8341,144,3.4.0
4163,Ca3Ti2O7,0.502557,2.4448,0.1012,0.3897,0.9608,72,3.4.0
8568,Ca4PtO6,0.515509,2.8494,0.15,0.6691,0.9143,66,3.4.0
3080,Ca5(Ga3O7)2,0.588534,0.9948,0.0435,0.4973,0.9356,150,3.4.0
14600,CaAl2O4,0.583599,1.5638,0.0578,0.7047,0.8724,168,3.4.0
2963,CaAl2O4,0.588943,1.5577,0.0589,0.7028,0.8772,252,3.4.0
966582,CaAlH5,0.620242,3.7888,0.0717,0.6732,0.871,168,3.4.0
722262,CaB3H3O7,0.892063,38.0339,0.3597,0.6802,0.6422,168,3.4.0
1575,CaC2,1.262013,45.7046,0.8104,0.8,0.4354,18,3.4.0
2482,CaC2,1.284541,45.8436,0.8179,0.852,0.2257,9,3.4.0
917,CaC2,1.264782,45.5834,0.8057,0.7893,0.4348,18,3.4.0
4124,CaCN2,1.046762,23.5326,0.3533,0.6644,0.4367,12,3.4.0
3953,CaCO3,0.863304,10.5178,0.2277,0.6751,0.6293,30,3.4.0
4626,CaCO3,0.876946,10.6321,0.2249,0.6039,0.6494,60,3.4.0
2741,CaF2,0.337902,2.3028,0.165,0.6512,0.8758,9,3.4.0
3707,CaGe2O5,0.565466,3.4462,0.1355,0.6366,0.9149,48,3.4.0
4279,CaGe2O5,0.475077,1.0652,0.046,0.5713,0.9724,96,3.4.0
642725,CaHClO,1.643352,87.1543,0.8052,0.7201,0.3548,24,3.4.0
676,CaN6,1.11904,23.3216,0.3366,0.7557,0.4441,42,3.4.0
2605,CaO,0.345306,3.8737,0.2349,0.5922,0.9262,6,3.4.0
11007,CaPSe3,0.734131,4.4538,0.3123,0.7109,0.7478,60,3.4.0
8161,CaPdF4,0.526162,2.9983,0.1747,0.58,0.9232,36,3.4.0
3082,CaSO4,0.768199,9.5502,0.2696,0.7787,0.7076,54,3.4.0
4406,CaSO4,0.759751,9.3185,0.2615,0.818,0.6839,36,3.4.0
1672,CaS,0.296661,1.7402,0.1685,0.7041,0.8898,6,3.4.0
4056,CaSc2O4,0.407831,2.0376,0.0983,0.7078,0.9355,84,3.4.0
1415,CaSe,0.34055,1.6815,0.2139,0.6915,0.9007,6,3.4.0
4782,CaSnF6,0.690158,4.9993,0.2686,0.395,0.8366,24,3.4.0
4190,CaSnO3,0.483124,1.734,0.0926,0.7345,0.9187,30,3.4.0
4438,CaSnO3,0.529712,2.4304,0.1159,0.4741,0.9319,60,3.4.0
3079,CaTa4O11,0.620042,2.464,0.0898,0.2699,0.9257,96,3.4.0
1519,CaTe,0.415076,1.8242,0.2738,0.6824,0.8557,6,3.4.0
3442,CaTiO3,0.568256,7.1318,0.2863,0.7244,0.7477,30,3.4.0
4019,CaTiO3,0.513675,6.6488,0.2777,0.5995,0.8587,60,3.4.0
3960,CaUO4,0.514077,3.152,0.1395,0.4308,0.9523,18,3.4.0
3443,Cd(GaO2)2,0.527878,2.6748,0.1287,0.5963,0.9094,42,3.4.0
4452,Cd(GaS2)2,0.534066,1.9341,0.1697,0.7952,0.8212,21,3.4.0
3772,Cd(GaSe2)2,0.508532,0.9211,0.1151,0.7938,0.883,21,3.4.0
4659,Cd(PO3)2,0.740554,3.3338,0.087,0.3449,0.9079,216,3.4.0
3917,Cd2GeO4,0.672859,5.1845,0.228,0.4585,0.8992,84,3.4.0
4530,Cd2SiO4,0.739964,7.8709,0.28,0.5286,0.8596,42,3.4.0
27899,Cd3AsCl3,0.62106,0.7354,0.09,0.4615,0.9482,84,3.4.0
4385,CdCO3,0.882432,10.2916,0.2254,0.5541,0.6478,30,3.4.0
241,CdF2,0.459707,2.7814,0.2346,0.4761,0.8876,9,3.4.0
2951,CdGeO3,0.679987,4.4273,0.1771,0.61,0.893,60,3.4.0
3668,CdGeP2,0.556443,2.4547,0.2124,0.8674,0.876,24,3.4.0
2310,CdO2,0.726904,13.8891,0.5361,0.6669,0.7057,36,3.4.0
402,CdP2,0.605245,2.5631,0.1841,0.7718,0.8849,36,3.4.0
913,CdP2,0.604445,2.4495,0.1756,0.7573,0.8823,72,3.4.0
2469,CdS,0.594914,4.164,0.4648,0.7597,0.805,6,3.4.0
672,CdS,0.590813,3.6683,0.4069,0.7925,0.8018,12,3.4.0
1070,CdSe,0.519371,1.8942,0.3164,0.9024,0.8668,12,3.4.0
2691,CdSe,0.522913,2.3599,0.4029,0.8973,0.8817,6,3.4.0
3078,CdSiAs2,0.624353,4.3773,0.3621,0.8076,0.8218,24,3.4.0
4666,CdSiP2,0.573963,2.4634,0.1649,0.7574,0.9011,24,3.4.0
754329,CdSnO3,0.559592,2.3452,0.1293,0.5207,0.926,30,3.4.0
849371,CdSnO3,0.606102,1.794,0.0872,0.4083,0.9607,60,3.4.0
406,CdTe,0.505622,1.9896,0.4201,0.843,0.9596,6,3.4.0
2956,Co2(GeS)3,0.374296,0.8509,0.0703,0.873,0.8445,96,3.4.0
2994,Co2(GeTe)3,0.421302,1.3739,0.1434,0.7683,0.8721,96,3.4.0
16363,CoAsS,0.31944,1.2802,0.1076,0.9233,0.8372,36,3.4.0
4627,CoAsS,0.322297,1.198,0.0988,0.9028,0.8788,36,3.4.0
4338,Cr2CdS4,0.408107,1.6084,0.1332,0.9383,0.6332,42,3.4.0
4182,CrAgS2,0.565605,2.7722,0.2168,0.9532,0.2659,12,3.4.0
3779,CrSiTe3,0.705044,4.649,0.3212,0.79,0.551,30,3.4.0
7232,Cs2HgO2,1.157084,11.0279,0.5473,0.2555,0.7383,15,3.4.0
13634,Cs2LiAl3F12,0.622649,1.9747,0.0824,0.3022,0.9283,54,3.4.0
989405,Cs2LiInBr6,0.635683,1.0534,0.1711,0.2673,0.9182,30,3.4.0
23752,Cs2MgH4,0.728321,10.5434,0.3096,0.1826,0.7935,21,3.4.0
2884,Cs2Mn3S4,0.596297,1.2416,0.0948,0.7053,0.9349,54,3.4.0
3704,Cs2Mn3Se4,0.607747,1.5512,0.1503,0.5814,0.9165,54,3.4.0
30062,Cs2PtBr6,0.666867,2.0969,0.3017,0.9514,0.5708,27,3.4.0
23060,Cs2PtI6,0.656589,1.2783,0.2355,0.8451,0.6663,27,3.4.0
4047,Cs2SiF6,0.793105,4.5115,0.2039,0.7312,0.5086,27,3.4.0
23405,Cs2TeBr6,0.698006,2.0172,0.3476,0.8485,0.6729,27,3.4.0
23465,Cs2TeCl6,0.726488,3.328,0.3974,0.7826,0.6765,27,3.4.0
573763,Cs2Te,0.404613,0.257,0.082,0.55,0.9556,36,3.4.0
3247,Cs2TiS3,0.76872,2.1188,0.1509,0.0979,0.8573,36,3.4.0
638729,Cs2ZrCl6,0.757994,3.1767,0.3341,0.7883,0.6355,27,3.4.0
574070,Cs4Pb9,0.483747,0.212,0.0626,0.8256,0.8052,156,3.4.0
2667,CsAu,0.40824,0.5857,0.2573,0.687,0.9059,6,3.4.0
3977,CsB3O5,0.713218,4.3616,0.0965,0.5669,0.8972,108,3.4.0
560558,CsCdAuS2,0.803667,2.7024,0.2621,0.5166,0.7918,30,3.4.0
1784,CsF,0.525762,1.9621,0.2798,0.3162,0.8754,6,3.4.0
606680,CsLi2Br3,0.75588,3.3982,0.3225,0.2116,0.8877,18,3.4.0
23364,CsLiCl2,0.671138,2.61,0.2163,0.3413,0.92,24,3.4.0
3288,CsNO2,1.323775,17.7737,0.4471,0.5046,0.4691,36,3.4.0
505321,CsNb(CuTe2)2,0.610683,2.1958,0.2688,0.8822,0.6589,96,3.4.0
582146,CsNb4Cl11,0.483073,0.4795,0.0417,0.7998,0.8891,96,3.4.0
984872,CsPb2Cl5,0.535093,0.5533,0.0821,0.536,0.9754,48,3.4.0
11118,CsPrCdSe3,0.505762,0.5814,0.0943,0.6166,0.9653,36,3.4.0
9080,CsPrS2,0.53357,1.6895,0.2076,0.762,0.9064,12,3.4.0
2969,CsSbSe2,0.680891,1.592,0.2283,0.4285,0.9123,48,3.4.0
7212,CsSmHgSe3,0.523603,0.6995,0.1196,0.6835,0.927,36,3.4.0
30164,CsSn2Cl5,0.564308,0.6422,0.0861,0.5277,0.9719,48,3.4.0
361,Cu2O,0.90254,7.8184,0.3807,0.1761,0.8739,18,3.4.0
3934,Cu3PS4,0.553196,2.8065,0.186,0.7351,0.8193,48,3.4.0
22913,CuBr,0.51988,2.2405,0.4036,0.8352,0.9213,6,3.4.0
22914,CuCl,0.610135,3.1098,0.3823,0.3064,0.8187,6,3.4.0
22895,CuI,0.449698,1.8308,0.3727,0.9086,0.9302,6,3.4.0
32750,CuI,0.452095,1.0423,0.211,0.9128,0.9304,24,3.4.0
927,CuP2,0.52331,3.0992,0.2086,0.8826,0.8193,36,3.4.0
4468,CuSbS2,0.549782,1.2101,0.1181,0.5889,0.9333,48,3.4.0
28741,CuSe3Br,0.582788,0.8337,0.1021,0.7506,0.8269,60,3.4.0
3261,Dy(BO2)3,0.539683,0.6601,0.0177,0.5904,0.9716,480,3.4.0
3611,Dy2Hf2O7,0.657831,3.343,0.1376,0.4565,0.9558,66,3.4.0
2345,Dy2O3,0.517959,2.0379,0.1118,0.5092,0.9395,120,3.4.0
1270,Dy2S3,0.442951,1.0326,0.1016,0.7609,0.9265,60,3.4.0
752405,Dy2SiO5,0.691414,7.4896,0.2361,0.5882,0.8475,96,3.4.0
768317,Dy2SiO5,0.691639,7.7612,0.2511,0.5651,0.8673,96,3.4.0
18219,Dy2SiSeO4,0.756385,7.4427,0.2518,0.408,0.8837,96,3.4.0
4024,DyAgTe2,0.43454,0.4855,0.0957,0.72,0.9467,24,3.4.0
556108,DyTiClO3,0.631783,2.2429,0.0932,0.3274,0.9823,36,3.4.0
3041,Er2CdS4,0.512128,1.2519,0.123,0.7464,0.9065,42,3.4.0
2460,Er2O3,0.567484,1.23,0.0648,0.5532,0.9618,45,3.4.0
679,Er2O3,0.521998,2.2689,0.1223,0.5138,0.9377,120,3.4.0
2234,Er2S3,0.4813,0.53,0.0492,0.7588,0.9065,90,3.4.0
209,Er2Se3,0.371943,0.4984,0.0757,0.6713,0.9464,60,3.4.0
555983,Er2SiO5,0.69007,7.4903,0.2412,0.5593,0.8724,96,3.4.0
3688,Er2Sn2O7,0.590773,1.4654,0.0652,0.5033,0.9683,66,3.4.0
3384,Er3Al5O12,0.500544,2.1565,0.0834,0.5392,0.9602,240,3.4.0
4044,ErAgSe2,0.452199,0.4973,0.0799,0.794,0.9352,48,3.4.0
546621,ErBi2BrO4,0.659984,3.1241,0.1799,0.1724,0.8853,24,3.4.0
551250,ErBi2IO4,0.666772,3.0312,0.1792,0.1829,0.8922,24,3.4.0
3457,ErP5O14,0.705671,4.5243,0.1127,0.631,0.8188,240,3.4.0
4006,ErPO4,0.691444,9.4019,0.2705,0.6048,0.7858,36,3.4.0
3444,ErTaO4,0.612475,2.6842,0.1092,0.3647,0.9784,36,3.4.0
4123,ErTlS2,0.597425,2.344,0.2758,0.6089,0.8978,12,3.4.0
1522,FeS2,0.262424,1.7247,0.1195,0.8914,0.9061,18,3.4.0
226,FeS2,0.25304,1.5069,0.1065,0.9169,0.9074,36,3.4.0
1714,FeSi2,0.297668,1.2003,0.076,0.7653,0.9449,72,3.4.0
4809,Ga2HgS4,0.562613,1.8285,0.1616,0.7465,0.8473,21,3.4.0
4730,Ga2HgSe4,0.537329,0.9254,0.1165,0.7642,0.8911,21,3.4.0
1243,Ga2O3,0.467693,1.8758,0.0922,0.6205,0.9582,30,3.4.0
886,Ga2O3,0.534023,2.2097,0.0957,0.6136,0.9447,30,3.4.0
20496,Ga2PbO4,0.703904,2.327,0.1006,0.5163,0.9237,42,3.4.0
539,Ga2S3,0.53102,2.371,0.1906,0.7997,0.8316,30,3.4.0
1340,Ga2Se3,0.517356,1.2224,0.1406,0.783,0.8461,30,3.4.0
2371,Ga2Te5,0.528299,1.2031,0.1715,0.6427,0.8676,21,3.4.0
3107,Ga3PO7,0.680604,7.1497,0.2127,0.7671,0.772,33,3.4.0
3996,GaAsO4,0.697422,7.5791,0.278,0.8086,0.7464,54,3.4.0
4280,GaCuO2,0.587414,3.7148,0.1643,0.5474,0.923,12,3.4.0
588,GaF3,0.52702,2.7769,0.1445,0.395,0.9381,24,3.4.0
804,GaN,0.518619,7.751,0.3656,0.8027,0.7857,12,3.4.0
830,GaN,0.526165,8.7016,0.4143,0.8212,0.7712,6,3.4.0
4122,GaPO4,0.716654,10.722,0.3093,0.8168,0.706,54,3.4.0
2490,GaP,0.49573,4.3864,0.3773,0.9102,0.7968,6,3.4.0
2507,GaS,0.494501,2.583,0.2352,0.8138,0.8613,24,3.4.0
1572,GaSe,0.492414,1.9249,0.211,0.8715,0.8118,24,3.4.0
1943,GaSe,0.49397,1.9378,0.2121,0.8708,0.8132,24,3.4.0
10009,GaTe,0.549511,2.4099,0.2848,0.879,0.7308,24,3.4.0
542812,GaTe,0.539661,1.6474,0.1972,0.8539,0.7829,36,3.4.0
4187,Ge2N2O,0.629095,8.1349,0.2964,0.7539,0.8034,30,3.4.0
223,GeO2,0.683531,6.9904,0.2541,0.7819,0.7766,27,3.4.0
470,GeO2,0.47038,3.9687,0.1618,0.6313,0.92,18,3.4.0
733,GeO2,0.683522,6.9907,0.2541,0.7819,0.7764,27,3.4.0
2242,GeS,0.482007,2.5703,0.272,0.5692,0.9141,24,3.4.0
700,GeSe,0.449873,1.6171,0.2468,0.6706,0.9115,24,3.4.0
938,GeTe,0.399662,1.2804,0.2329,0.6709,0.9274,6,3.4.0
559617,HfB2O5,0.532582,1.7263,0.0447,0.4182,0.97,96,3.4.0
1858,HfO2,0.527402,1.4655,0.0628,0.5004,0.9766,72,3.4.0
352,HfO2,0.540577,2.9804,0.1242,0.3708,0.9744,36,3.4.0
985829,HfS2,0.466438,2.612,0.2632,0.8295,0.9506,9,3.4.0
4609,HfSiO4,0.629586,6.9517,0.2101,0.5459,0.888,36,3.4.0
3810,Hg(AsO3)2,0.546209,2.4108,0.1096,0.573,0.9456,27,3.4.0
3167,Hg2GeSe4,0.598836,1.8226,0.2148,0.6191,0.8336,21,3.4.0
4710,Hg3(BO3)2,0.89567,9.6476,0.2471,0.4442,0.7817,66,3.4.0
4445,Hg3AsO4,0.923246,7.6891,0.3324,0.379,0.7948,96,3.4.0
567949,Hg3AsSe4Br,0.655297,1.35,0.1688,0.6434,0.8013,54,3.4.0
3538,Hg3TeO6,0.714841,2.7445,0.1378,0.4242,0.8975,240,3.4.0
28590,Hg4As2I3,0.790613,1.322,0.171,0.3825,0.8771,216,3.4.0
29958,Hg7(PO5)2,0.91214,8.9026,0.2958,0.3784,0.8343,114,3.4.0
706,HgF,0.759261,3.9863,0.305,0.3507,0.8226,12,3.4.0
1224,HgO,0.884197,5.198,0.279,0.2737,0.9074,24,3.4.0
22574,HgP14Pb,0.542231,0.9201,0.0658,0.8437,0.8147,192,3.4.0
7293,HgPSe3,0.831007,3.881,0.2879,0.7651,0.7111,60,3.4.0
3228,HgSO4,0.830516,8.9172,0.2634,0.6969,0.7233,36,3.4.0
634,HgS,0.767471,2.9382,0.283,0.2937,0.8894,18,3.4.0
4284,Ho2CdSe4,0.440731,0.5486,0.0887,0.8348,0.9115,42,3.4.0
812,Ho2O3,0.520205,2.1387,0.1163,0.5115,0.9387,120,3.4.0
779522,Ho2P4O13,0.727085,4.8509,0.1284,0.641,0.8056,114,3.4.0
878,Ho2S3,0.479286,0.5026,0.0471,0.7603,0.9073,90,3.4.0
3884,Ho2Sn2O7,0.587609,1.4576,0.0653,0.5034,0.9683,66,3.4.0
542514,Ho2Te4O11,0.670113,2.0048,0.0853,0.5807,0.8897,102,3.4.0
1154,Ho4C7,0.980461,16.1408,0.3025,0.6118,0.6155,132,3.4.0
561877,HoF3,0.449361,1.3694,0.0882,0.6222,0.9669,48,3.4.0
3144,HoNbO4,0.602749,3.159,0.1273,0.4488,0.9658,36,3.4.0
4104,HoPO4,0.69276,9.404,0.2712,0.6075,0.7815,36,3.4.0
4344,HoTaO4,0.615129,2.9416,0.1184,0.4181,0.9722,36,3.4.0
22323,In2O3,0.517383,1.5983,0.0903,0.6006,0.9548,30,3.4.0
2874,In2Si2O7,0.668588,5.5552,0.1558,0.556,0.8799,33,3.4.0
556528,In4GeS4,0.544468,1.6552,0.1721,0.7895,0.8046,216,3.4.0
22189,In6TeO12,0.565417,1.475,0.07,0.5376,0.9493,57,3.4.0
20351,InP,0.57596,4.8417,0.4744,0.9113,0.7158,6,3.4.0
19795,InS,0.54601,1.6447,0.1728,0.4628,0.9044,24,3.4.0
29236,InTeBr,0.628173,1.0597,0.1638,0.7087,0.8472,36,3.4.0
2437,IrF3,0.556438,2.9913,0.1689,0.6321,0.8484,24,3.4.0
2833,IrS2,0.408468,1.9404,0.1338,0.8506,0.8578,72,3.4.0
4351,K2B2S7,0.753701,5.0071,0.2211,0.836,0.7151,66,3.4.0
3963,K2CO3,1.065676,12.8809,0.2879,0.4709,0.5407,72,3.4.0
6494,K2Ca(CO3)2,0.957956,10.8579,0.2369,0.5531,0.6265,33,3.4.0
7534,K2Cd2O3,0.689387,2.0861,0.1229,0.4599,0.9227,42,3.4.0
27742,K2CdO2,0.60544,1.7735,0.1298,0.471,0.9515,60,3.4.0
4698,K2Ge8O17,0.667457,1.583,0.0585,0.5469,0.8945,324,3.4.0
23956,K2MgH4,0.708132,8.1472,0.2052,0.3428,0.8803,21,3.4.0
4758,K2NbF7,0.665492,1.5773,0.0856,0.8249,0.4968,120,3.4.0
2672,K2O2,0.8513,16.8739,0.6613,0.7372,0.624,24,3.4.0
776016,K2O,0.403514,0.8349,0.0831,0.6509,0.9448,72,3.4.0
971,K2O,0.428239,2.4525,0.2443,0.6774,0.9022,9,3.4.0
569967,K2PrCl5,0.451446,0.3857,0.0504,0.6494,0.9435,96,3.4.0
3821,K2PtF6,0.770609,8.4428,0.4614,0.6742,0.7536,27,3.4.0
1022,K2S,0.353106,1.1237,0.163,0.6878,0.8956,9,3.4.0
3379,K2SbF5,0.727295,2.6844,0.1605,0.6495,0.7591,48,3.4.0
3042,K2SiF6,0.74252,3.9592,0.1754,0.8273,0.5899,27,3.4.0
17730,K2SnO3,0.70896,2.8386,0.1392,0.2935,0.9048,72,3.4.0
8972,K2TaCuSe4,0.626762,2.139,0.2456,0.8177,0.7392,48,3.4.0
3975,K2TaF7,0.66767,1.9557,0.1041,0.8371,0.4819,120,3.4.0
1747,K2Te,0.349637,0.905,0.2176,0.6561,0.9288,9,3.4.0
3970,K2TiF6,0.74275,4.921,0.2471,0.4821,0.8254,27,3.4.0
28766,K2TiS3,0.664974,2.1918,0.1497,0.1925,0.8579,36,3.4.0
3808,K2UO4,0.795921,5.2627,0.2238,0.2726,0.9459,21,3.4.0
18449,K2ZrO3,0.710781,2.8542,0.1277,0.1943,0.9384,72,3.4.0
4647,K3(Cu4Se3)2,0.456769,0.6851,0.0879,0.7043,0.8983,51,3.4.0
3797,K3AsS4,0.690417,4.382,0.3475,0.8092,0.7194,96,3.4.0
642821,K3H5Pt,1.092197,29.0755,0.4577,0.2493,0.613,54,3.4.0
975577,K3La(AsO4)2,0.824209,8.8745,0.3516,0.5712,0.7998,84,3.4.0
1568,K3P11,0.620175,1.4399,0.106,0.9842,0.5902,168,3.4.0
17989,K3PS4,0.793823,4.3734,0.261,0.7925,0.6482,96,3.4.0
28837,K3RhCl6,0.577736,2.2817,0.2291,0.901,0.7474,120,3.4.0
4690,K3TaO8,0.817106,9.5497,0.3531,0.8525,0.5698,36,3.4.0
3529,K3VS4,0.781548,6.1606,0.405,0.8314,0.6444,96,3.4.0
3125,K3Zn2F7,0.551162,2.6147,0.1725,0.3254,0.9257,36,3.4.0
17015,K4GeO4,0.778715,7.2363,0.3423,0.6552,0.7752,108,3.4.0
29484,K4HgAs2,0.51325,1.9054,0.2584,0.6801,0.8196,21,3.4.0
4971,K4Sn3Se8,0.557453,0.79,0.1028,0.7003,0.8553,90,3.4.0
11719,K4ZnP2,0.67871,4.9633,0.3783,0.7447,0.7102,21,3.4.0
777297,K5H(CN2)2,1.241042,22.2621,0.3595,0.4922,0.4941,144,3.4.0
755633,K5Se3,0.41646,1.5722,0.2084,0.4419,0.9499,48,3.4.0
18246,K6MnTe4,0.525266,2.7595,0.3932,0.7926,0.763,66,3.4.0
3949,K7LiSi8,0.700931,2.3553,0.1624,0.8537,0.6189,192,3.4.0
568644,K9InSe7,0.458942,0.8179,0.1208,0.7673,0.8654,204,3.4.0
3074,KAgO,0.773714,5.1684,0.3175,0.6362,0.7816,36,3.4.0
2910,KAlF4,0.646348,2.3781,0.105,0.4191,0.9534,36,3.4.0
4266,KAsF6,0.725386,4.4575,0.2152,0.7185,0.6794,24,3.4.0
713,KAs,0.448725,1.0695,0.1658,0.7702,0.8907,48,3.4.0
568986,KAuCl4,0.760839,3.6748,0.34,0.8771,0.685,72,3.4.0
3592,KAuS5,0.742913,2.029,0.1496,0.7877,0.7497,84,3.4.0
3257,KAuSe5,0.681472,1.3228,0.1749,0.6894,0.8416,84,3.4.0
3919,KBO2,0.895178,5.6279,0.1237,0.7089,0.6317,72,3.4.0
23251,KBr,0.372137,1.0237,0.2147,0.7533,0.8597,6,3.4.0
4026,KCrS2,0.366586,1.5168,0.149,0.5558,0.9428,12,3.4.0
3982,KCuO2,0.69376,5.5124,0.2578,0.4653,0.8666,24,3.4.0
15785,KDyS2,0.426066,1.5558,0.1773,0.7276,0.9214,12,3.4.0
4326,KErS2,0.430147,1.6349,0.1841,0.7231,0.9216,12,3.4.0
463,KF,0.348004,1.8574,0.1965,0.6833,0.8997,6,3.4.0
4066,KGaO2,0.718739,4.8605,0.2128,0.5207,0.8642,192,3.4.0
2146,KGe,0.521078,2.1471,0.2579,0.9006,0.6396,192,3.4.0
556475,KLaPdO3,0.65032,4.0959,0.1949,0.3967,0.9234,36,3.4.0
4495,KLiTe,0.634715,4.1051,0.4054,0.546,0.809,18,3.4.0
3448,KMgF3,0.493885,2.6039,0.1578,0.4376,0.9376,15,3.4.0
827,KN3,1.287491,24.2135,0.3629,0.7159,0.3109,24,3.4.0
545359,KNa2CuO2,0.736072,7.1238,0.3361,0.49,0.8357,18,3.4.0
4342,KNbO3,0.609428,7.4459,0.2788,0.6821,0.7713,15,3.4.0
4608,KPF6,0.724347,4.723,0.1772,0.6727,0.6165,24,3.4.0
4519,KPrO2,0.522911,3.2546,0.2232,0.4903,0.9203,12,3.4.0
4757,KReO4,0.950237,16.6982,0.5683,0.7175,0.586,36,3.4.0
14607,KSbO3,0.583048,1.0619,0.0478,0.5276,0.9384,180,3.4.0
11703,KSbS2,0.587704,2.2487,0.2205,0.4663,0.901,24,3.4.0
1536,KSb,0.411051,0.4643,0.0968,0.7979,0.9134,48,3.4.0
1217,KSi,0.7078,3.4652,0.2407,0.9423,0.5082,192,3.4.0
15783,KSmS2,0.417857,1.4168,0.1644,0.7378,0.9229,12,3.4.0
3614,KTaO3,0.624348,9.2425,0.3342,0.4985,0.8071,15,3.4.0
2072,KTe,0.498728,1.1871,0.2299,0.7925,0.8182,24,3.4.0
6376,KV(CuS2)2,0.624803,2.4083,0.1623,0.9229,0.7208,48,3.4.0
2943,KY3F10,0.474025,2.4796,0.1519,0.6178,0.9325,84,3.4.0
4658,La(BO2)3,0.68796,3.3046,0.0736,0.4651,0.9453,60,3.4.0
4350,La2(SeO3)3,0.747695,5.876,0.2367,0.6434,0.8111,168,3.4.0
756888,La2(SiO3)3,0.70025,4.2292,0.1324,0.479,0.8729,84,3.4.0
568036,La2GaN3,0.636894,4.5583,0.1935,0.4087,0.9066,72,3.4.0
1968,La2O3,0.552683,2.7437,0.1671,0.4886,0.9419,15,3.4.0
2292,La2O3,0.494215,1.9168,0.1185,0.3903,0.939,120,3.4.0
7475,La2S3,0.400306,0.631,0.0683,0.7864,0.9298,60,3.4.0
4511,La2SO2,0.495483,2.4488,0.1594,0.6032,0.9347,15,3.4.0
4078,La2SO6,0.784348,9.5793,0.2773,0.4177,0.7998,54,3.4.0
5152,La2SiO5,0.714177,8.4131,0.2811,0.7025,0.7489,96,3.4.0
4086,La2Sn2O7,0.543966,1.5895,0.078,0.5434,0.9559,66,3.4.0
4547,La2TeO2,0.659414,4.0557,0.2617,0.2174,0.8777,15,3.4.0
558528,La2TiZnO6,0.551909,3.0093,0.1463,0.5594,0.9353,60,3.4.0
769915,La4Ga2O9,0.629667,2.0823,0.0928,0.634,0.8333,180,3.4.0
4412,La4Se3O4,0.607823,2.2954,0.1453,0.3032,0.9229,33,3.4.0
3249,La4Ti3O12,0.552784,2.5294,0.1118,0.4325,0.9463,57,3.4.0
2920,LaAlO3,0.515777,2.6025,0.1149,0.4911,0.941,30,3.4.0
4841,LaCuS2,0.46436,1.5662,0.1663,0.6807,0.9241,48,3.4.0
334,LaF3,0.475011,1.1475,0.085,0.6822,0.9411,72,3.4.0
905,LaF3,0.468825,1.171,0.0869,0.6316,0.9401,72,3.4.0
3336,LaGaO3,0.57349,2.6602,0.1271,0.4069,0.933,30,3.4.0
27979,LaI3,0.408975,0.6151,0.1293,0.6022,0.9584,24,3.4.0
2804,LaP2,0.512091,1.5454,0.1199,0.9537,0.6547,72,3.4.0
200,LaP7,0.519409,2.7473,0.1911,0.9295,0.7192,96,3.4.0
3962,LaPO4,0.732724,9.3569,0.2769,0.5638,0.8183,72,3.4.0
1508,LaS2,0.452105,3.4571,0.2802,0.7295,0.8379,72,3.4.0
3998,LaTaO4,0.660469,5.0107,0.1849,0.429,0.9556,36,3.4.0
4421,LaTaO4,0.61609,3.0078,0.1173,0.3595,0.9853,72,3.4.0
3297,Li10Zn4O9,0.427504,1.0296,0.0478,0.5749,0.9783,138,3.4.0
765481,Li2AgF5,0.578253,0.8491,0.0459,0.5969,0.9403,96,3.4.0
4779,Li2B4O7,0.599266,3.4344,0.0771,0.7063,0.7445,156,3.4.0
4622,Li2BeF4,0.58897,4.3805,0.1645,0.6254,0.9125,126,3.4.0
3054,Li2CO3,0.744743,9.833,0.2046,0.6209,0.7666,36,3.4.0
15988,Li2CuSb,0.563063,2.9716,0.2383,0.8121,0.6968,12,3.4.0
841,Li2O2,0.447925,5.4331,0.2187,0.6879,0.875,24,3.4.0
1960,Li2O,0.324596,3.5699,0.1627,0.6442,0.9163,9,3.4.0
760483,Li2PdO3,0.385026,2.0099,0.1052,0.7228,0.9466,36,3.4.0
1153,Li2S,0.347732,2.887,0.1899,0.618,0.8931,9,3.4.0
2286,Li2Se,0.447337,4.068,0.2939,0.4369,0.7965,9,3.4.0
3552,Li2Si2O5,0.594402,4.4663,0.1195,0.5582,0.9211,108,3.4.0
4117,Li2Si2O5,0.594103,4.6475,0.125,0.5727,0.9345,54,3.4.0
3540,Li2SnO3,0.451378,0.9823,0.0505,0.6327,0.9314,72,3.4.0
27231,Li2TeO3,0.569574,3.8604,0.1627,0.6446,0.9133,72,3.4.0
2530,Li2Te,0.494537,4.7151,0.3949,0.4318,0.7615,9,3.4.0
756294,Li2Ti2O5,0.594781,2.3602,0.0796,0.5148,0.9457,54,3.4.0
772049,Li2Ti2O5,0.586669,2.3276,0.0786,0.517,0.9505,108,3.4.0
2931,Li2TiO3,0.395131,1.3461,0.0595,0.5299,0.9522,72,3.4.0
4002,Li2ZrF6,0.499529,1.8728,0.0996,0.5084,0.9601,27,3.4.0
3216,Li2ZrN2,0.368954,3.0141,0.147,0.7215,0.9598,15,3.4.0
4156,Li2ZrO3,0.461144,3.4886,0.1467,0.6194,0.9243,36,3.4.0
757,Li3As,0.486884,1.9315,0.1301,0.6691,0.9248,24,3.4.0
985585,Li3ClO,0.55177,4.011,0.1983,0.5302,0.9136,15,3.4.0
3887,Li3GaN2,0.375561,1.7859,0.08,0.6617,0.922,144,3.4.0
2251,Li3N,0.4502,3.1848,0.144,0.7315,0.9373,12,3.4.0
2341,Li3N,0.404742,2.1241,0.1015,0.7673,0.9621,24,3.4.0
2878,Li3PO4,0.557487,8.4527,0.2524,0.7176,0.8407,96,3.4.0
736,Li3P,0.413889,1.8061,0.1145,0.746,0.9321,24,3.4.0
5769,Li3SbO4,0.432313,1.7237,0.0769,0.5201,0.9671,48,3.4.0
2074,Li3Sb,0.496343,3.3459,0.2654,0.687,0.8583,12,3.4.0
3151,Li3TaO4,0.471973,1.2769,0.0524,0.6056,0.8924,96,3.4.0
4558,Li4GeO4,0.433527,1.8256,0.0766,0.6875,0.9466,54,3.4.0
30249,Li4GeS4,0.470719,0.761,0.0531,0.765,0.94,108,3.4.0
4426,Li4SeO5,0.426594,1.8216,0.0772,0.6686,0.9356,60,3.4.0
4657,Li5GaO4,0.388648,1.0819,0.049,0.6602,0.9138,240,3.4.0
3838,Li5ReN4,0.497818,7.4385,0.261,0.6642,0.8551,60,3.4.0
3503,Li6WN4,0.434338,4.0288,0.148,0.5993,0.8937,66,3.4.0
4604,Li7VN4,0.363194,2.8362,0.1144,0.8866,0.8495,288,3.4.0
4527,Li8SnO6,0.395378,1.6992,0.0781,0.6541,0.9718,45,3.4.0
3427,LiAlO2,0.475879,2.6407,0.0962,0.6693,0.9271,48,3.4.0
4586,LiAlTe2,0.639557,4.4039,0.4053,0.6589,0.761,24,3.4.0
3660,LiB3O5,0.613651,4.6361,0.1007,0.5453,0.9292,108,3.4.0
3635,LiBO2,0.678173,8.632,0.1841,0.299,0.9523,48,3.4.0
23259,LiBr,0.525292,3.2061,0.2956,0.258,0.8444,6,3.4.0
1378,LiC,0.970158,41.707,0.7353,0.7741,0.462,12,3.4.0
753946,LiCoS2,0.292328,1.9023,0.1577,0.8595,0.9101,12,3.4.0
4226,LiCrS2,0.275649,2.2956,0.2055,0.9608,0.4993,12,3.4.0
5127,LiCuO,0.558746,2.7368,0.1361,0.6291,0.9469,36,3.4.0
15791,LiErS2,0.390014,2.0237,0.1861,0.5891,0.9279,12,3.4.0
35591,LiErS2,0.442094,1.5893,0.1401,0.555,0.948,24,3.4.0
35205,LiErSe2,0.433134,1.1313,0.1388,0.5605,0.8831,24,3.4.0
1138,LiF,0.357804,5.2142,0.2685,0.5533,0.9339,6,3.4.0
3647,LiGaS2,0.480144,2.3043,0.1766,0.8424,0.8895,48,3.4.0
5488,LiInO2,0.502909,2.496,0.1298,0.5837,0.9583,24,3.4.0
2659,LiN3,1.108931,24.7824,0.3528,0.5247,0.4971,12,3.4.0
3368,LiNb3O8,0.54979,1.6537,0.0609,0.8462,0.4622,144,3.4.0
3924,LiNbO2,0.33358,2.1111,0.1011,0.7669,0.9133,24,3.4.0
3731,LiNbO3,0.53582,5.2202,0.1999,0.4668,0.8388,30,3.4.0
37605,LiNdSe2,0.425225,1.0808,0.1384,0.5094,0.9419,24,3.4.0
2412,LiP5,0.504227,1.7491,0.1193,0.8631,0.8783,72,3.4.0
9143,LiPF6,0.611155,4.5903,0.1673,0.557,0.7591,24,3.4.0
3524,LiPN2,0.491263,3.8878,0.112,0.7318,0.8714,24,3.4.0
3980,LiSbF6,0.658935,5.8228,0.2802,0.4919,0.8095,24,3.4.0
4995,LiSbO3,0.49568,1.4759,0.0643,0.5735,0.9749,60,3.4.0
3666,LiTaO3,0.55622,5.9612,0.2192,0.5008,0.844,30,3.4.0
3700,LiYF4,0.431212,1.6956,0.0976,0.5182,0.9722,36,3.4.0
3941,LiYF4,0.408345,1.8724,0.1065,0.6078,0.9721,36,3.4.0
1427,Lu2O3,0.52909,2.5795,0.1354,0.5154,0.9393,120,3.4.0
2826,Lu2S3,0.515015,1.8148,0.1777,0.8028,0.8547,30,3.4.0
7193,Lu2Si2O7,0.67448,5.6907,0.1639,0.47,0.8984,33,3.4.0
3200,Lu2Ti2O7,0.609622,4.0677,0.1645,0.5711,0.9544,66,3.4.0
554282,Lu3B5O12,0.561166,0.8192,0.0235,0.4374,0.9657,240,3.4.0
755804,Lu6TeO12,0.570916,1.4583,0.0686,0.4073,0.9473,57,3.4.0
7560,LuBO3,0.765581,9.2144,0.2266,0.473,0.7722,30,3.4.0
2940,LuPO4,0.689673,9.3894,0.2685,0.5882,0.8034,36,3.4.0
756704,LuTa3O9,0.619383,2.8718,0.1005,0.4187,0.9612,78,3.4.0
3872,Mg(AlS2)2,0.437229,1.005,0.0641,0.6816,0.941,84,3.4.0
3582,Mg(BC)2,0.527315,2.6168,0.0681,0.4896,0.9058,120,3.4.0
38951,Mg(GaO2)2,0.431032,1.9076,0.0883,0.6731,0.9588,42,3.4.0
4590,Mg(GaO2)2,0.435083,2.5269,0.122,0.6385,0.911,42,3.4.0
3319,Mg(RhO2)2,0.396953,2.5878,0.1424,0.9011,0.8876,42,3.4.0
3653,Mg(SbO3)2,0.498424,1.8709,0.0805,0.676,0.9254,54,3.4.0
560872,Mg10Ge3(H2O9)2,1.085709,63.1949,0.6303,0.8114,0.4305,210,3.4.0
3051,Mg2GeO4,0.489994,3.5164,0.1415,0.6337,0.9259,84,3.4.0
3904,Mg2GeO4,0.41945,3.4691,0.1524,0.8209,0.8694,42,3.4.0
3933,Mg2PN3,0.524546,4.0618,0.1254,0.6945,0.8922,36,3.4.0
2895,Mg2SiO4,0.530753,6.301,0.2019,0.6724,0.8457,84,3.4.0
1990,Mg3As2,0.42581,0.506,0.0509,0.7729,0.9326,120,3.4.0
1559,Mg3N2,0.349859,1.2028,0.0624,0.7329,0.9479,120,3.4.0
2514,Mg3P2,0.376807,0.7194,0.061,0.6486,0.9623,120,3.4.0
3118,Mg3TeO6,0.467604,3.259,0.1418,0.6725,0.9177,60,3.4.0
3536,MgAl2O4,0.360095,2.1957,0.0947,0.7188,0.9323,42,3.4.0
1249,MgF2,0.406887,2.1716,0.1193,0.6093,0.9416,18,3.4.0
3759,MgGeO3,0.413809,1.5944,0.0731,0.7337,0.9387,30,3.4.0
4575,MgGeO3,0.55724,3.0785,0.1156,0.6765,0.9019,240,3.4.0
2589,MgO2,0.478656,11.8276,0.4356,0.8116,0.7765,36,3.4.0
1265,MgO,0.308097,3.961,0.1907,0.6049,0.8888,6,3.4.0
384,MgP4,0.4716,1.576,0.1089,0.8257,0.8941,30,3.4.0
1315,MgS,0.313032,2.239,0.188,0.5898,0.8761,6,3.4.0
3677,MgSiN2,0.464213,2.0229,0.0669,0.7871,0.9051,48,3.4.0
4321,MgSiO3,0.553173,3.4567,0.1033,0.6825,0.8856,60,3.4.0
2961,MgSiP2,0.487359,2.1441,0.139,0.8514,0.9006,24,3.4.0
2604,MgTe2,0.53916,2.3508,0.31,0.7466,0.7751,36,3.4.0
1039,MgTe,0.595654,3.6037,0.425,0.8469,0.7223,12,3.4.0
3771,MgTiO3,0.431757,2.1517,0.0904,0.6037,0.9495,30,3.4.0
1434,MoS2,0.383675,3.3289,0.2359,0.8833,0.8162,9,3.4.0
154,N2,2.009654,71.474,0.9768,0.7788,0.001,24,3.4.0
25,N2,2.010324,71.4865,0.977,0.8045,0.0009,24,3.4.0
2789,NO2,1.021993,14.4912,0.2606,0.9763,0.1364,54,3.4.0
31008,Na14Al4O13,0.676882,4.5478,0.1767,0.7654,0.7333,186,3.4.0
17473,Na2Al2As3,0.547609,1.0486,0.0928,0.7529,0.838,168,3.4.0
3318,Na2BeF4,0.718126,6.4365,0.2339,0.5255,0.7875,84,3.4.0
3855,Na2BeF4,0.759459,6.5552,0.2374,0.5558,0.7862,84,3.4.0
3070,Na2CO3,0.984602,11.1927,0.2419,0.7337,0.5069,36,3.4.0
771248,Na2Ge2O5,0.706724,4.928,0.1914,0.5096,0.8787,108,3.4.0
4068,Na2GeS3,0.597075,2.8546,0.2174,0.6569,0.8795,72,3.4.0
2340,Na2O2,0.647863,13.5853,0.5196,0.6729,0.7056,36,3.4.0
2352,Na2O,0.354882,2.6147,0.2075,0.7509,0.8797,9,3.4.0
4823,Na2PdC2,1.281122,37.9693,0.6852,0.3713,0.5594,15,3.4.0
3622,Na2PdF4,0.589632,4.0366,0.2381,0.7132,0.8496,42,3.4.0
3143,Na2SO4,0.857475,9.9737,0.2844,0.7752,0.6354,42,3.4.0
4770,Na2SO4,0.833945,9.5422,0.2787,0.7625,0.6117,42,3.4.0
648,Na2S,0.30804,1.3834,0.162,0.7411,0.9043,9,3.4.0
1266,Na2Se,0.340398,1.3805,0.2032,0.6373,0.9191,9,3.4.0
3193,Na2Si2O5,0.721601,5.4701,0.1613,0.4205,0.9309,108,3.4.0
3775,Na2SiF6,0.644114,3.5649,0.1488,0.5501,0.7829,81,3.4.0
4533,Na2SiO3,0.720589,5.7223,0.1779,0.4293,0.9034,36,3.4.0
3285,Na2Ta4O11,0.653523,1.899,0.0707,0.2143,0.9383,102,3.4.0
2784,Na2Te,0.386809,1.3104,0.2178,0.5921,0.8699,9,3.4.0
3488,Na2Ti3O7,0.611433,2.5504,0.0906,0.2832,0.9742,72,3.4.0
18075,Na2TiF6,0.617133,4.0512,0.2025,0.5531,0.8857,81,3.4.0
17560,Na2UO4,0.661593,3.9979,0.1679,0.2421,0.9447,84,3.4.0
28830,Na2ZnBr4,0.555658,0.8411,0.1148,0.6587,0.9079,84,3.4.0
3527,Na3AgO2,0.488269,2.9963,0.1862,0.6014,0.8952,36,3.4.0
3416,Na3AlF6,0.564027,3.3522,0.1681,0.6107,0.8849,60,3.4.0
759535,Na3Cu5O4,0.734429,3.7594,0.1899,0.6994,0.7857,144,3.4.0
473,Na3P11,0.56908,1.1675,0.0865,0.9593,0.6512,168,3.4.0
4223,Na3PO4,0.815343,9.9044,0.31,0.6835,0.6703,192,3.4.0
1598,Na3P,0.404875,0.856,0.1116,0.7083,0.967,24,3.4.0
27478,Na3PaF8,0.518344,1.9383,0.1204,0.3787,0.9452,36,3.4.0
4185,Na3ScF6,0.56458,2.0867,0.1209,0.5887,0.9305,60,3.4.0
4752,Na5Al3F14,0.608728,1.521,0.0725,0.4407,0.9503,132,3.4.0
4172,Na5GeP3,0.43205,0.7304,0.0699,0.7248,0.9095,108,3.4.0
8840,Na5InO4,0.512645,3.2741,0.1976,0.6765,0.8895,60,3.4.0
3928,Na5P3O10,0.805717,4.0428,0.1125,0.7016,0.7428,108,3.4.0
8253,Na5ReO6,0.548894,2.8982,0.1276,0.5381,0.9027,36,3.4.0
3405,NaAl11O17,0.465338,7.0855,0.2109,0.7514,0.8538,174,3.4.0
3468,NaAsO2,0.744865,4.3218,0.177,0.5087,0.8297,96,3.4.0
3521,NaBF4,0.889114,8.0987,0.2338,0.6354,0.6457,36,3.4.0
3889,NaBO2,0.862611,5.9585,0.1277,0.6674,0.6856,72,3.4.0
4534,NaCO2,0.960277,13.7898,0.2683,0.6224,0.5803,48,3.4.0
4360,NaCdF3,0.483057,1.8912,0.1431,0.517,0.9119,30,3.4.0
3332,NaCrSe2,0.325709,1.8937,0.2102,0.6679,0.8273,12,3.4.0
4541,NaCuO2,0.587183,5.5307,0.2622,0.6737,0.8273,12,3.4.0
752672,NaDyO2,0.484627,1.6557,0.0928,0.3965,0.9754,48,3.4.0
3613,NaErS2,0.406517,1.3175,0.1435,0.7003,0.9453,12,3.4.0
682,NaF,0.307246,2.1968,0.1819,0.6542,0.8694,6,3.4.0
3338,NaGaO2,0.602403,3.4102,0.1545,0.7871,0.8123,48,3.4.0
23268,NaI,0.474676,1.6162,0.3129,0.5782,0.8581,6,3.4.0
6712,NaLuGeO4,0.640015,3.4058,0.1365,0.4732,0.9245,84,3.4.0
2955,NaMgF3,0.47964,1.4762,0.0847,0.3717,0.9691,60,3.4.0
2964,NaNO2,1.107536,16.463,0.3978,0.6031,0.502,12,3.4.0
4531,NaNO3,0.951475,14.1081,0.3174,0.7149,0.5304,30,3.4.0
3967,NaNO,0.950729,7.8761,0.1938,0.7127,0.6177,72,3.4.0
560032,NaNb2AsO8,0.686052,2.2351,0.0784,0.6581,0.7735,144,3.4.0
3744,NaNbO2,0.390028,3.4669,0.1709,0.7568,0.8798,24,3.4.0
3136,NaNbO3,0.766538,10.2025,0.3611,0.8412,0.5321,15,3.4.0
3671,NaNbO3,0.645793,3.1671,0.1172,0.3466,0.9165,120,3.4.0
4419,NaNbO3,0.671403,9.1506,0.3352,0.7564,0.6663,30,3.4.0
4514,NaNbO3,0.641861,6.2766,0.2332,0.4019,0.8513,30,3.4.0
4681,NaNbO3,0.637745,6.1307,0.2279,0.5205,0.8527,60,3.4.0
4748,NaNbO3,0.623911,5.7314,0.2127,0.7017,0.6875,60,3.4.0
8128,NaNdO2,0.504083,3.5754,0.21,0.4433,0.9592,24,3.4.0
676360,NaNdS2,0.419318,1.6748,0.1722,0.7465,0.926,24,3.4.0
555118,NaPO3,0.7872,3.5051,0.0906,0.782,0.6346,180,3.4.0
558192,NaPO3,0.790691,3.8498,0.1019,0.6324,0.6972,120,3.4.0
2400,NaS,0.538906,5.7646,0.4369,0.7606,0.7537,24,3.4.0
409,NaS,0.585855,6.5933,0.4559,0.7119,0.7746,36,3.4.0
4482,NaSbO3,0.550669,3.7695,0.187,0.6601,0.8785,30,3.4.0
7074,NaSc(SiO3)2,0.642962,4.5989,0.1379,0.5353,0.9173,60,3.4.0
2402,NaSi,0.628352,3.0199,0.2059,0.8144,0.7275,48,3.4.0
555812,NaSr3BiO6,0.591391,3.3925,0.1857,0.5163,0.9011,66,3.4.0
14722,NaSrAlF6,0.591933,2.8829,0.1403,0.4931,0.8348,216,3.4.0
3858,NaTaO3,0.678557,7.0705,0.2517,0.3918,0.8379,60,3.4.0
4170,NaTaO3,0.803786,9.0052,0.3058,0.6688,0.6846,15,3.4.0
4675,NaTaO3,0.715749,7.956,0.2786,0.5549,0.7974,30,3.4.0
4699,NaTaO3,0.686051,5.2279,0.1853,0.4409,0.8818,60,3.4.0
3269,NaTh2F9,0.518646,2.8721,0.1691,0.376,0.9429,72,3.4.0
14037,NaTl2RhF6,0.811548,7.2361,0.4506,0.8227,0.6959,30,3.4.0
3056,NaTlO2,0.504007,2.2273,0.1677,0.3647,0.9229,12,3.4.0
754796,NaTmO2,0.479282,1.5535,0.0861,0.4121,0.9713,48,3.4.0
3795,NaZnF3,0.490107,2.1009,0.1413,0.3938,0.9312,60,3.4.0
4824,NaZnP,0.40651,1.3664,0.1447,0.5729,0.9506,18,3.4.0
1595,Nb2O5,0.660353,5.9171,0.1981,0.34,0.9729,21,3.4.0
604,Nb2O5,0.591726,3.9733,0.1394,0.324,0.9635,42,3.4.0
3324,Nb2SnO6,0.628037,3.0862,0.1137,0.437,0.9473,54,3.4.0
3926,NbAg7S6,0.727193,1.657,0.1325,0.6966,0.8354,84,3.4.0
865280,NbAlFe2,0.290161,2.1715,0.1815,0.7229,0.8995,12,3.4.0
5621,NbCu3S4,0.543203,4.2244,0.3184,0.9429,0.7445,24,3.4.0
4043,NbCu3Se4,0.485287,2.1964,0.2283,0.9272,0.7523,24,3.4.0
821,NbO2,0.526111,2.2832,0.1016,0.8833,0.6678,144,3.4.0
3491,NbSbO4,0.63206,3.2852,0.1238,0.3617,0.9777,72,3.4.0
3612,NbSbO4,0.644391,3.596,0.1351,0.4017,0.9749,72,3.4.0
953,NbZn3,0.313717,1.2398,0.1635,0.6404,0.9473,12,3.4.0
3615,Nd(BO2)3,0.682063,3.5246,0.0776,0.4166,0.9542,60,3.4.0
1045,Nd2O3,0.500845,1.3269,0.078,0.5066,0.9518,120,3.4.0
2763,Nd2O3,0.559972,2.8743,0.1659,0.4753,0.9546,15,3.4.0
438,Nd2S3,0.416364,0.7719,0.0796,0.7834,0.9251,60,3.4.0
3211,Nd2SO2,0.513689,2.6751,0.1702,0.6348,0.9202,15,3.4.0
3727,Nd3NbO7,0.587325,3.3807,0.1344,0.5241,0.9193,66,3.4.0
3782,Nd3Sb5O12,0.636003,1.0579,0.0513,0.5147,0.9605,120,3.4.0
3374,Nd4Au2O9,0.576652,1.7856,0.0919,0.5516,0.9192,180,3.4.0
556908,Nd5As4(ClO4)3,0.677511,1.1565,0.0492,0.4412,0.9285,144,3.4.0
23183,NdCl3,0.351227,0.9887,0.1273,0.692,0.9297,24,3.4.0
3739,NdCuSe2,0.380408,0.5084,0.0803,0.795,0.9466,48,3.4.0
254,NdF3,0.466941,0.7821,0.0561,0.6465,0.9539,72,3.4.0
3196,NdGaO3,0.512131,2.3089,0.1156,0.3956,0.9362,60,3.4.0
3901,NdNbO4,0.608584,3.7332,0.1529,0.4789,0.9499,36,3.4.0
3584,NdPO4,0.717109,9.2163,0.2697,0.5549,0.8192,72,3.4.0
3694,NdPS4,0.671523,3.9752,0.2287,0.7838,0.753,144,3.4.0
4582,NdRhO3,0.521171,1.3129,0.0711,0.6895,0.9242,60,3.4.0
3203,NdTaO4,0.604615,2.7977,0.1148,0.3349,0.971,36,3.4.0
4718,NdTaO4,0.61513,3.2048,0.1312,0.4417,0.9706,36,3.4.0
3664,NdTlS2,0.579467,1.9172,0.2365,0.6618,0.8983,12,3.4.0
111,Ne,0.388937,0.4545,0.3305,0.6898,0.907,3,3.4.0
486,NiP2,0.443935,2.4738,0.1686,0.8692,0.8797,18,3.4.0
2173,P2O5,0.703045,5.05,0.1249,0.5731,0.8691,84,3.4.0
2452,P2O5,0.711813,5.4815,0.1369,0.5539,0.8731,42,3.4.0
2319,P2Os,0.415402,2.5504,0.1588,0.5544,0.924,18,3.4.0
3006,P2Pd3S8,0.646681,6.6295,0.3037,0.8124,0.6957,39,3.4.0
730,P2Pt,0.435658,2.7368,0.1779,0.8171,0.8132,36,3.4.0
1413,P2Ru,0.346866,2.0827,0.1366,0.7238,0.9261,18,3.4.0
504748,P3Pb5ClO12,0.905387,9.7559,0.3112,0.714,0.6702,126,3.4.0
2447,P4Se5,0.684408,1.4133,0.0994,0.8305,0.6766,108,3.4.0
3123,PPdSe,0.569523,2.8321,0.2025,0.81,0.8027,72,3.4.0
2511,PbF2,0.535493,1.8432,0.1721,0.5029,0.9426,36,3.4.0
315,PbF2,0.524867,3.2093,0.3277,0.3743,0.8546,9,3.4.0
341,PbF4,0.803584,7.1333,0.3896,0.7586,0.6592,15,3.4.0
3472,PbSO4,0.861293,9.504,0.2716,0.533,0.7248,72,3.4.0
2201,PbSe,0.41969,1.0922,0.2496,0.5473,0.9374,6,3.4.0
4649,PdSe2O5,0.653316,3.7116,0.1536,0.5785,0.924,48,3.4.0
2418,PdSe2,0.372884,0.5704,0.0976,0.8785,0.9138,36,3.4.0
9497,Pr2C(NO)2,1.05425,23.1769,0.3522,0.5466,0.5953,21,3.4.0
2063,Pr2O3,0.555948,2.8156,0.1648,0.4829,0.9536,15,3.4.0
3236,Pr2SO2,0.508436,2.613,0.1681,0.6409,0.9204,15,3.4.0
4764,Pr2SeO2,0.564648,3.4599,0.223,0.6244,0.8605,15,3.4.0
4394,Pr2Sn2O7,0.546211,1.43,0.069,0.5674,0.9482,66,3.4.0
2980,Pr2Te4O11,0.694225,3.1388,0.1333,0.6256,0.8295,102,3.4.0
2973,Pr3Sb5O12,0.637696,1.0474,0.0509,0.5172,0.9568,120,3.4.0
3466,PrAlO3,0.506575,2.589,0.1139,0.4742,0.9425,30,3.4.0
975666,PrBrO,0.694716,4.9209,0.305,0.2255,0.8516,18,3.4.0
2651,PrF3,0.465063,0.8156,0.0589,0.6485,0.9517,72,3.4.0
4535,PrGaO3,0.515966,2.341,0.1162,0.3692,0.9347,60,3.4.0
4709,PrNbO4,0.612191,3.8898,0.1597,0.4911,0.9451,36,3.4.0
769173,PrOF,0.48126,1.9944,0.1231,0.6227,0.941,18,3.4.0
4589,PrPO4,0.718774,9.2141,0.2703,0.5626,0.8137,72,3.4.0
3954,PrPS4,0.670376,3.9811,0.23,0.7942,0.7447,144,3.4.0
17446,PrPtF7,0.688941,3.5521,0.1803,0.6839,0.7941,108,3.4.0
1285,PtO2,0.505987,5.1133,0.2401,0.774,0.8711,18,3.4.0
617,PtO2,0.457308,7.549,0.4023,0.8821,0.8362,9,3.4.0
571293,Rb2BaNb2Se11,0.60013,0.9081,0.0921,0.8615,0.7031,192,3.4.0
3009,Rb2BeF4,0.938496,7.2976,0.2822,0.5248,0.6573,84,3.4.0
4138,Rb2CO3,1.131217,13.7898,0.3125,0.4234,0.4941,72,3.4.0
18556,Rb2Cd3S4,0.624757,2.0382,0.2189,0.5332,0.873,108,3.4.0
4052,Rb2Mn3Se4,0.588203,1.5771,0.1524,0.6054,0.9043,54,3.4.0
1394,Rb2O,0.548315,2.4523,0.2834,0.5752,0.8995,9,3.4.0
2079,Rb2P3,0.881367,4.5435,0.2978,0.8463,0.5413,30,3.4.0
21461,Rb2PbO3,0.788125,2.6788,0.1508,0.2282,0.9062,72,3.4.0
21489,Rb2PbO3,0.7889,2.7745,0.1564,0.2336,0.9016,36,3.4.0
4030,Rb2Pt3S4,0.675444,3.1179,0.2657,0.6148,0.8527,27,3.4.0
7929,Rb2PtS2,0.692407,3.5789,0.3357,0.5336,0.7849,15,3.4.0
3372,Rb2SO4,0.983413,10.0393,0.299,0.5849,0.5345,84,3.4.0
4618,Rb2SeO4,1.001665,12.1421,0.4605,0.6772,0.5705,84,3.4.0
2095,Rb2Te3,0.398748,0.5478,0.1209,0.597,0.9287,60,3.4.0
756156,Rb2ZrO3,0.806143,2.9209,0.1323,0.2072,0.9194,36,3.4.0
849527,Rb3InO3,0.840228,3.7921,0.2201,0.4615,0.8666,84,3.4.0
3719,Rb3NbS4,0.884368,7.1997,0.5249,0.7917,0.618,96,3.4.0
558170,Rb3PO4,0.996811,9.9754,0.3279,0.5942,0.5972,96,3.4.0
17220,Rb3TaS4,0.880806,6.9227,0.5269,0.8166,0.6132,96,3.4.0
769294,Rb8SnO6,0.851008,5.8815,0.3256,0.3907,0.8254,90,3.4.0
3419,RbAuF4,0.87864,9.0996,0.4823,0.7896,0.655,36,3.4.0
3032,RbBF4,0.96148,8.0376,0.2347,0.5214,0.5222,72,3.4.0
3654,RbCaF3,0.717135,3.2408,0.2227,0.4392,0.8878,15,3.4.0
23949,RbCaH3,0.882654,15.0898,0.3757,0.4355,0.6574,15,3.4.0
569764,RbCu2I3,0.535612,0.6511,0.1142,0.5571,0.9451,72,3.4.0
10985,RbCu3S2,0.589492,2.0954,0.2145,0.4919,0.9169,36,3.4.0
7477,RbErO2,0.592403,3.464,0.2271,0.467,0.9212,12,3.4.0
1888,RbGe,0.651934,2.2018,0.2667,0.9403,0.5447,192,3.4.0
697144,RbH2N,1.391329,53.1448,0.5317,0.3371,0.4936,24,3.4.0
6300,RbHgSbSe3,0.584827,0.8644,0.1329,0.4515,0.8935,72,3.4.0
743,RbN3,1.339862,24.0653,0.3623,0.5674,0.3315,24,3.4.0
555018,RbNa2AuO2,0.762149,6.6742,0.3614,0.4477,0.8527,36,3.4.0
10834,RbNd2CuS4,0.516248,2.0141,0.2043,0.4854,0.9199,48,3.4.0
5808,RbNdTe2,0.368891,0.6581,0.1406,0.7569,0.928,12,3.4.0
4135,RbPO3,0.871758,4.7294,0.1245,0.2725,0.9038,60,3.4.0
4035,RbReO4,0.99904,16.9881,0.5775,0.7477,0.5462,36,3.4.0
3404,RbSO3,0.969146,8.376,0.2294,0.3757,0.6292,90,3.4.0
4721,RbSb3Se5,0.573484,0.5802,0.088,0.7763,0.8321,108,3.4.0
7650,RbScO2,0.494118,2.5802,0.1499,0.5424,0.9638,24,3.4.0
8145,RbScO2,0.512957,3.0121,0.1733,0.5405,0.9518,12,3.4.0
1074,RbSi,0.84812,4.1716,0.2915,0.9419,0.4428,192,3.4.0
3033,RbTaO3,0.731796,3.2421,0.119,0.4514,0.8709,60,3.4.0
652046,Re3S4Br,0.465157,2.547,0.1939,0.9617,0.7639,96,3.4.0
190,ReO3,0.537629,5.6135,0.2641,0.7075,0.8838,12,3.4.0
1716,Rh2O3,0.417129,4.1533,0.2127,0.882,0.8196,60,3.4.0
542734,Rh2O3,0.417484,4.2559,0.2255,0.8893,0.8391,30,3.4.0
2068,RhF3,0.500322,2.2742,0.1281,0.5803,0.8875,24,3.4.0
2030,RuS2,0.307274,1.7969,0.1338,0.903,0.9,36,3.4.0
1247,Sb2Ir,0.33223,0.5971,0.0842,0.9004,0.8974,36,3.4.0
1999,Sb2O3,0.67215,4.423,0.2021,0.6767,0.7389,60,3.4.0
2136,Sb2O3,0.666376,2.4539,0.1214,0.2762,0.9604,60,3.4.0
1705,Sb2O5,0.564001,2.5208,0.0974,0.6158,0.9105,42,3.4.0
2809,Sb2S3,0.510727,0.737,0.0756,0.6611,0.957,60,3.4.0
2160,Sb2Se3,0.448503,0.4049,0.0629,0.732,0.9545,60,3.4.0
759707,Sb4O5F2,0.672693,1.7003,0.0821,0.5143,0.9276,132,3.4.0
768372,SbBrO,0.893787,3.5667,0.175,0.4329,0.8188,108,3.4.0
1880,SbF3,0.696583,3.8442,0.2181,0.5008,0.8556,24,3.4.0
8630,SbIrS,0.434735,2.3259,0.2162,0.9392,0.7267,36,3.4.0
1819,SbO2,0.587754,2.4775,0.1063,0.5053,0.9478,36,3.4.0
230,SbO2,0.592802,2.276,0.0964,0.4815,0.9461,72,3.4.0
3439,SbPO4,0.755771,9.5317,0.2775,0.5324,0.8416,36,3.4.0
3930,Sc2MnS4,0.44503,1.7429,0.1432,0.8524,0.8673,42,3.4.0
216,Sc2O3,0.376359,1.2213,0.0585,0.629,0.9589,120,3.4.0
401,Sc2S3,0.343139,0.8278,0.0682,0.5675,0.9493,60,3.4.0
11022,ScAgO2,0.579198,3.5302,0.1757,0.6295,0.9624,24,3.4.0
973185,ScAgO2,0.587943,3.9083,0.1924,0.6534,0.946,12,3.4.0
4471,ScAlO3,0.395311,1.6823,0.0713,0.6036,0.9736,60,3.4.0
3642,ScCuO2,0.598391,3.6367,0.1629,0.6497,0.9388,24,3.4.0
4636,ScCuO2,0.605214,4.2232,0.1889,0.6893,0.9217,12,3.4.0
4661,ScOF,0.437509,2.4924,0.117,0.4965,0.9653,36,3.4.0
4662,ScOF,0.437515,2.4925,0.117,0.4965,0.9653,36,3.4.0
4200,ScPO4,0.630409,9.4163,0.2687,0.6735,0.8006,36,3.4.0
726,SeO2,0.732478,5.5347,0.205,0.4492,0.8358,72,3.4.0
147,Se,0.473415,1.0184,0.1407,0.7101,0.8934,18,3.4.0
28712,Si2Hg6O7,0.937624,6.827,0.2016,0.6069,0.7337,45,3.4.0
4497,Si2N2O,0.528953,5.1881,0.1448,0.6725,0.8989,30,3.4.0
17123,Si2Os,0.403208,1.6464,0.1099,0.5897,0.9143,72,3.4.0
569815,Si2Ru,0.334296,1.0135,0.0703,0.7335,0.9368,72,3.4.0
2245,Si3N4,0.465118,4.4791,0.1361,0.7925,0.9041,84,3.4.0
988,Si3N4,0.460872,5.3493,0.1614,0.7939,0.8926,42,3.4.0
2084,Si5Ir3,0.467667,0.5052,0.0332,0.7214,0.8669,192,3.4.0
3273,Si5P6O25,0.606695,6.0937,0.1543,0.6137,0.8976,108,3.4.0
1863,SiAs,0.571181,2.1952,0.144,0.8709,0.7435,36,3.4.0
7140,SiC,0.390444,6.5417,0.2298,0.9325,0.8166,12,3.4.0
8062,SiC,0.399619,8.067,0.2824,0.9424,0.7848,6,3.4.0
1818,SiF4,0.949173,11.7678,0.3857,0.7128,0.4171,15,3.4.0
978534,SiGe,0.508838,4.4397,0.3602,0.8637,0.7817,12,3.4.0
10851,SiO2,0.68312,8.7802,0.2356,0.7539,0.8001,27,3.4.0
11684,SiO2,0.641391,6.4372,0.1744,0.7275,0.7618,72,3.4.0
12787,SiO2,0.658442,7.4431,0.204,0.5689,0.8914,54,3.4.0
15078,SiO2,0.678492,8.0646,0.2123,0.7561,0.7746,162,3.4.0
16964,SiO2,0.680137,7.9881,0.2141,0.6238,0.8695,108,3.4.0
17909,SiO2,0.679653,7.5186,0.2037,0.5258,0.9,108,3.4.0
546546,SiO2,0.647766,5.7542,0.1571,0.7284,0.8089,27,3.4.0
553993,SiO2,0.646291,5.2325,0.1444,0.6149,0.8938,144,3.4.0
555740,SiO2,0.65209,6.0185,0.1598,0.5672,0.8952,72,3.4.0
6922,SiO2,0.683124,8.78,0.2356,0.7544,0.7995,27,3.4.0
6945,SiO2,0.6732,8.3849,0.2284,0.7243,0.8109,36,3.4.0
7000,SiO2,0.659129,7.6397,0.2095,0.6751,0.8551,27,3.4.0
7029,SiO2,0.673003,8.3727,0.2281,0.7238,0.8116,36,3.4.0
7087,SiO2,0.686982,10.5534,0.2768,0.9369,0.5804,36,3.4.0
8059,SiO2,0.680067,7.9542,0.2122,0.6413,0.824,72,3.4.0
8352,SiO2,0.707101,10.3404,0.2714,0.9136,0.5582,18,3.4.0
2488,SiOs,0.515725,2.7099,0.1768,0.8429,0.8159,24,3.4.0
4769,SiP2O7,0.600555,6.9074,0.1783,0.7359,0.7818,120,3.4.0
2798,SiP,0.479377,1.5608,0.0959,0.8915,0.8452,72,3.4.0
149,Si,0.459559,5.4077,0.3543,0.782,0.9203,6,3.4.0
165,Si,0.451518,3.9611,0.2628,0.8108,0.9336,12,3.4.0
1745,Sm2O3,0.559987,1.3284,0.0743,0.6227,0.9534,45,3.4.0
218,Sm2O3,0.507222,1.5456,0.0886,0.5095,0.9503,120,3.4.0
1403,Sm2S3,0.427097,0.9049,0.091,0.7644,0.9234,60,3.4.0
5598,Sm2SO2,0.522911,2.7781,0.1739,0.6216,0.9241,15,3.4.0
2883,Sm2Sn2O7,0.562394,1.4158,0.0659,0.5267,0.9623,66,3.4.0
3073,Sm2Te4O11,0.681754,2.5943,0.1102,0.6081,0.8559,102,3.4.0
3335,Sm2Ti2O7,0.55679,3.5464,0.1526,0.6322,0.9227,66,3.4.0
4408,Sm2Zr2O7,0.59828,3.4739,0.1504,0.4699,0.9511,66,3.4.0
21604,Sm3InS6,0.450262,1.2845,0.1104,0.7397,0.8752,120,3.4.0
3154,Sm3Sb5O12,0.634018,1.1005,0.0532,0.5034,0.9651,120,3.4.0
754217,SmIO,0.785648,5.2298,0.312,0.195,0.8402,18,3.4.0
3831,SmPO4,0.715117,9.225,0.2689,0.544,0.8293,72,3.4.0
3897,SmPS4,0.674874,3.9536,0.2258,0.769,0.7631,144,3.4.0
3317,SmRhO3,0.52709,1.5019,0.0803,0.6797,0.9273,60,3.4.0
3756,SmTaO4,0.613865,3.1144,0.1269,0.4333,0.972,36,3.4.0
1509,Sn2S3,0.491944,0.9737,0.1041,0.6867,0.9582,60,3.4.0
1443,Sn3F8,0.676286,2.4799,0.1447,0.3716,0.9389,66,3.4.0
2843,SnF2,0.62521,0.9195,0.063,0.4625,0.9492,72,3.4.0
2706,SnF4,0.727068,6.9307,0.3313,0.6864,0.7317,15,3.4.0
571146,SnICl,0.540374,1.234,0.1851,0.5315,0.9303,36,3.4.0
856,SnO2,0.545359,5.0519,0.2292,0.6038,0.8921,18,3.4.0
2097,SnO,0.576868,3.6572,0.2351,0.2717,0.924,12,3.4.0
4252,SnPS3,0.772519,3.3562,0.1932,0.8143,0.7088,60,3.4.0
2231,SnS,0.514776,2.0948,0.2525,0.3754,0.9126,24,3.4.0
665,SnSe2,0.414751,1.2935,0.1714,0.6715,0.9599,9,3.4.0
691,SnSe,0.439859,1.0982,0.2016,0.5449,0.9491,24,3.4.0
11919,Sr(BeN)2,0.613237,4.7206,0.1426,0.6186,0.913,30,3.4.0
4157,Sr(NO3)2,0.915022,15.1727,0.3465,0.6914,0.4439,108,3.4.0
3765,Sr(PO3)2,0.756265,4.8182,0.1273,0.467,0.8367,216,3.4.0
4578,Sr2GeS4,0.641683,3.4829,0.2742,0.8097,0.698,42,3.4.0
14283,Sr2InF7,0.481592,0.6566,0.0472,0.6854,0.8992,120,3.4.0
10556,Sr2LiReN4,0.736982,8.8824,0.306,0.5371,0.8338,48,3.4.0
3870,Sr2Nb2O7,0.644013,2.9241,0.1132,0.5686,0.8601,66,3.4.0
20222,Sr2NbInO6,0.619975,3.798,0.1643,0.5187,0.8744,60,3.4.0
4103,Sr2Sb2O7,0.594915,2.8443,0.1231,0.5188,0.9523,66,3.4.0
18510,Sr2SiO4,0.770364,9.0488,0.3029,0.5156,0.8157,84,3.4.0
3376,Sr2SnO4,0.729132,4.8362,0.2071,0.6327,0.8335,21,3.4.0
4287,Sr2SnO4,0.641781,2.8763,0.132,0.3524,0.932,84,3.4.0
17057,Sr2SnSe3F2,0.49335,0.9072,0.09,0.3403,0.949,96,3.4.0
770419,Sr2Zr7O16,0.501256,1.6019,0.0685,0.4045,0.9409,75,3.4.0
4632,Sr3(PO4)2,0.812833,9.7568,0.2842,0.536,0.6979,39,3.4.0
558642,Sr3Bi(ClO)3,0.738604,3.3937,0.1844,0.5889,0.8157,120,3.4.0
17149,Sr3ErRhO6,0.544213,2.0079,0.1141,0.6066,0.9043,66,3.4.0
1853,Sr3P14,0.591619,2.0875,0.1509,0.9456,0.6386,102,3.4.0
3349,Sr3Ti2O7,0.614579,6.7322,0.2749,0.3241,0.8136,36,3.4.0
3956,Sr3UO6,0.636308,2.4362,0.115,0.4131,0.9184,60,3.4.0
8877,Sr4Al6SO12,0.697754,4.4613,0.1621,0.5572,0.8819,69,3.4.0
4598,Sr4PtO6,0.558661,1.1815,0.0694,0.5622,0.9288,66,3.4.0
3094,SrAl2O4,0.631107,2.0621,0.0752,0.5826,0.9408,84,3.4.0
3788,SrAl4O7,0.586848,2.0411,0.0698,0.6118,0.9459,72,3.4.0
2630,SrC2,1.464167,47.0851,0.8414,0.9076,0.1376,9,3.4.0
3822,SrCO3,0.913224,12.1253,0.2618,0.5425,0.5994,60,3.4.0
21228,SrCuSeF,0.501453,1.6482,0.1499,0.4081,0.9557,24,3.4.0
981,SrF2,0.373411,2.0066,0.1754,0.6317,0.8966,9,3.4.0
1244,SrGe2,0.495135,1.8271,0.2192,0.8475,0.7578,72,3.4.0
3378,SrHfO3,0.655963,4.3613,0.1794,0.3579,0.882,60,3.4.0
3721,SrHfO3,0.69236,4.741,0.1912,0.6149,0.7915,30,3.4.0
4551,SrHfO3,0.822759,6.7376,0.254,0.8189,0.5285,15,3.4.0
4673,SrHfO3,0.681854,3.7338,0.1516,0.4031,0.9149,60,3.4.0
540688,SrIn2O4,0.504148,1.5862,0.0904,0.695,0.8998,84,3.4.0
7756,SrLiSb,0.632247,3.0327,0.2899,0.7809,0.7322,36,3.4.0
2131,SrN6,1.16673,23.4787,0.3402,0.7143,0.428,42,3.4.0
4591,SrNb2O6,0.591228,3.217,0.1223,0.4506,0.8846,108,3.4.0
2697,SrO2,0.990966,18.4886,0.6588,0.8601,0.3773,9,3.4.0
2472,SrO,0.457823,3.7491,0.2742,0.435,0.9566,6,3.4.0
12622,SrPdF4,0.600861,3.908,0.2302,0.6588,0.8684,36,3.4.0
1950,SrS2,0.603699,7.1012,0.499,0.7581,0.7207,18,3.4.0
1175,SrS3,0.725485,6.1395,0.4338,0.9077,0.6342,24,3.4.0
1087,SrS,0.366693,1.7935,0.2108,0.7856,0.892,6,3.4.0
770771,SrSc2O4,0.421135,1.7051,0.0881,0.7078,0.948,84,3.4.0
3395,SrSeO3,0.78381,7.6299,0.3196,0.6872,0.7433,30,3.4.0
4092,SrSeO4,0.79579,10.6804,0.3891,0.65,0.7401,72,3.4.0
2758,SrSe,0.298334,1.03,0.1726,0.7323,0.8682,6,3.4.0
4549,SrSiN2,0.678335,4.7372,0.1485,0.4798,0.9497,48,3.4.0
3978,SrSiO3,0.746927,5.8568,0.1744,0.5972,0.8154,90,3.4.0
2879,SrSnO3,0.604697,2.6907,0.1258,0.3735,0.8888,60,3.4.0
3252,SrTe3O8,0.572438,1.1677,0.0539,0.5908,0.9075,72,3.4.0
4274,SrTeO4,0.634318,2.6041,0.1127,0.5161,0.9233,72,3.4.0
1958,SrTe,0.332822,1.0102,0.2069,0.7957,0.8414,6,3.4.0
4651,SrTiO3,0.607942,7.3943,0.3004,0.5497,0.7968,30,3.4.0
3446,SrTm2O4,0.542739,2.0374,0.11,0.6533,0.8956,84,3.4.0
3311,SrUO4,0.700429,5.0589,0.205,0.3364,0.9364,72,3.4.0
558616,SrZnP2O7,0.739674,5.254,0.1516,0.7019,0.7847,132,3.4.0
3626,SrZrO3,0.63126,3.7891,0.16,0.475,0.9347,60,3.4.0
4387,SrZrO3,0.603178,5.2644,0.2261,0.4921,0.884,60,3.4.0
10390,Ta2O5,0.618622,4.3229,0.1488,0.3271,0.9632,42,3.4.0
4425,Ta2Pt3Se8,0.441695,0.8089,0.1006,0.8768,0.8616,78,3.4.0
4624,TaBO4,0.524506,3.3776,0.0977,0.5295,0.9412,36,3.4.0
4081,TaCu3Se4,0.46161,1.4658,0.1729,0.9334,0.7786,24,3.4.0
3102,TaCuS3,0.487047,1.6802,0.1341,0.8126,0.8914,60,3.4.0
4165,TaNO,0.538354,2.3262,0.0914,0.4218,0.9598,36,3.4.0
510,TaO2,0.585342,2.1564,0.0943,0.7761,0.7818,144,3.4.0
1056,Tb2O3,0.514768,1.9192,0.1062,0.5111,0.9418,120,3.4.0
2457,Tb2O3,0.563798,1.2678,0.0688,0.5724,0.9574,45,3.4.0
4602,Tb2Ti2O7,0.575937,3.916,0.164,0.5936,0.9368,66,3.4.0
20606,Tb3In5S12,0.491207,0.595,0.0558,0.7531,0.9345,120,3.4.0
3551,TbAgTe2,0.43754,0.5153,0.1008,0.7219,0.9377,24,3.4.0
4434,TbAlO3,0.471314,2.7546,0.1242,0.4246,0.9281,60,3.4.0
3248,TbAsO4,0.687071,7.6564,0.2844,0.6192,0.8253,36,3.4.0
11347,TbF3,0.443705,1.3841,0.0906,0.6286,0.9642,48,3.4.0
4340,TbPO4,0.693747,9.409,0.2726,0.6207,0.7717,36,3.4.0
4672,TbPS4,0.680732,3.9105,0.2211,0.7503,0.77,144,3.4.0
10782,TbRbSe2,0.378202,0.7276,0.1246,0.7414,0.9056,12,3.4.0
569507,TbTlSe2,0.480456,1.0783,0.1873,0.6488,0.9441,12,3.4.0
602,Te2Mo,0.45939,2.1155,0.241,0.8826,0.7933,18,3.4.0
554952,Te2Pb3(ClO3)2,0.854835,1.8083,0.0823,0.3986,0.8494,78,3.4.0
484,Te3As2,0.46295,0.6661,0.1095,0.5665,0.9501,30,3.4.0
1875,TeF6,0.79533,9.7222,0.4462,0.6683,0.4587,84,3.4.0
2125,TeO2,0.622021,2.2528,0.1031,0.3433,0.9323,72,3.4.0
2739,TeO2,0.652697,5.0088,0.2181,0.3438,0.8993,36,3.4.0
557,TeO2,0.652758,5.0102,0.2182,0.3438,0.8993,36,3.4.0
2552,TeO3,0.535709,4.9881,0.2009,0.715,0.8269,24,3.4.0
1666,Th2S5,0.444131,0.814,0.072,0.6511,0.9275,84,3.4.0
2392,Th2Se5,0.358808,1.0074,0.1337,0.8505,0.681,84,3.4.0
7768,Th2SeN2,0.670348,4.6256,0.2577,0.4219,0.9054,15,3.4.0
467,Th3N4,0.644584,2.738,0.1434,0.338,0.96,21,3.4.0
27697,ThI4,0.438559,0.2774,0.0596,0.648,0.9547,60,3.4.0
643,ThO2,0.502056,3.9048,0.2222,0.4561,0.8041,9,3.4.0
1146,ThS2,0.475146,1.076,0.1048,0.5767,0.9481,36,3.4.0
5836,ThSiO4,0.660093,6.793,0.2225,0.5131,0.858,36,3.4.0
7651,ThSiO4,0.678099,7.5937,0.2443,0.4385,0.9054,72,3.4.0
4733,ThTi2O6,0.52084,1.7671,0.0725,0.5603,0.9516,54,3.4.0
504427,Ti3PbO7,0.572167,2.5877,0.095,0.3896,0.9637,66,3.4.0
866154,TiBeIr2,0.468216,3.7031,0.2674,0.5898,0.8327,12,3.4.0
924130,TiNiSn,0.33294,2.1151,0.244,0.8737,0.8374,9,3.4.0
1439,TiO2,0.459267,4.5482,0.1833,0.557,0.9528,36,3.4.0
1840,TiO2,0.490839,3.3053,0.1292,0.5242,0.9595,72,3.4.0
2657,TiO2,0.513129,5.5022,0.2311,0.7091,0.8868,18,3.4.0
390,TiO2,0.532458,4.5803,0.1818,0.5925,0.9248,18,3.4.0
775938,TiO2,0.485006,2.8268,0.1112,0.6416,0.905,108,3.4.0
753048,TiSnO4,0.510698,1.1889,0.0506,0.6553,0.9286,54,3.4.0
17986,TiTl2O3,0.854471,3.3024,0.142,0.2498,0.9376,72,3.4.0
667,Tl2S,0.694174,1.8445,0.2623,0.2375,0.8226,81,3.4.0
543028,Tl2TeO3,0.990939,7.2375,0.3428,0.3157,0.7867,144,3.4.0
4584,Tl3BO3,1.119704,8.9263,0.2484,0.7492,0.4616,42,3.4.0
4160,Tl3PSe4,0.974084,5.2045,0.4236,0.683,0.6594,96,3.4.0
23380,Tl3PbI5,0.42667,0.1659,0.0518,0.658,0.9423,108,3.4.0
4762,TlAg3S2,0.761106,1.1804,0.1293,0.4825,0.8951,72,3.4.0
29238,TlAgSe,0.581837,0.903,0.1752,0.4173,0.9483,36,3.4.0
5874,TlAgTe,0.573579,0.7787,0.176,0.4262,0.9354,36,3.4.0
28442,TlAs5S8,0.633242,0.7057,0.061,0.6419,0.9157,168,3.4.0
28809,TlBS3,0.824133,4.1604,0.1852,0.7156,0.7924,60,3.4.0
2632,TlF3,0.547045,1.5543,0.1042,0.4091,0.9786,48,3.4.0
2175,TlF,0.709956,2.4158,0.3399,0.5546,0.7809,6,3.4.0
720,TlF,0.64487,1.5772,0.1658,0.154,0.9554,24,3.4.0
3785,TlGaTe2,0.650047,1.0881,0.1638,0.6526,0.8623,24,3.4.0
3075,TlGeS2,0.773977,2.9956,0.2412,0.5375,0.8894,96,3.4.0
870,TlN3,1.393699,22.4673,0.3442,0.5487,0.3488,24,3.4.0
541487,TlPt2Se3,0.483597,0.7338,0.109,0.7217,0.9406,36,3.4.0
3267,TlSb5S8,0.603771,0.2898,0.0286,0.6378,0.8814,168,3.4.0
39,Tl,0.489264,0.0407,0.0162,0.7919,0.5718,3,3.4.0
4324,Tm2CdS4,0.513152,1.3263,0.1291,0.7466,0.902,42,3.4.0
1767,Tm2O3,0.523491,2.3835,0.1271,0.5173,0.9379,120,3.4.0
2309,Tm2S3,0.47498,0.9346,0.0864,0.7428,0.9062,60,3.4.0
3556,Tm2SO2,0.55033,3.2011,0.1918,0.5822,0.9314,15,3.4.0
3334,Tm2Sn2O7,0.594691,1.4775,0.0654,0.5029,0.9672,66,3.4.0
558534,Tm3B5O12,0.558536,0.8338,0.024,0.4401,0.9625,240,3.4.0
640324,TmCuPbSe3,0.462366,0.6936,0.1145,0.7959,0.9336,72,3.4.0
2275,UF6,0.874712,9.6566,0.4976,0.5389,0.6447,84,3.4.0
1776,UN2,0.547212,4.6947,0.2262,0.8559,0.5405,9,3.4.0
375,UO3,0.722338,11.8816,0.4702,0.4193,0.7563,12,3.4.0
3516,UTeO5,0.732651,2.234,0.0789,0.2709,0.9278,84,3.4.0
3762,VCu3S4,0.50585,2.3763,0.1719,0.9384,0.6669,24,3.4.0
224,WS2,0.412696,4.975,0.3814,0.8706,0.7961,18,3.4.0
1821,WSe2,0.381348,2.2783,0.2482,0.8812,0.826,18,3.4.0
753917,Y2HfO5,0.551518,1.8573,0.0833,0.5336,0.969,48,3.4.0
755537,Y2HfO5,0.550401,2.3053,0.1019,0.4745,0.9564,48,3.4.0
2652,Y2O3,0.438869,0.9898,0.0539,0.6178,0.9603,120,3.4.0
541289,Y2S3,0.408357,0.4491,0.0417,0.8213,0.9141,90,3.4.0
17404,Y2Si2O7,0.665667,6.0543,0.1959,0.6208,0.864,132,3.4.0
3520,Y2SiO5,0.655979,7.8053,0.2534,0.6407,0.8396,96,3.4.0
3370,Y2Sn2O7,0.553263,1.4575,0.0657,0.5577,0.9523,66,3.4.0
3050,Y3Al5O12,0.47206,2.1238,0.0832,0.5775,0.9476,240,3.4.0
5409,Y4Al2O9,0.595014,3.1421,0.1169,0.63,0.8926,180,3.4.0
30250,YAgO2,0.64469,3.129,0.1604,0.5808,0.9389,24,3.4.0
3792,YAlO3,0.435705,2.3081,0.1034,0.4762,0.9463,60,3.4.0
2918,YCuO2,0.654997,4.7149,0.2141,0.5978,0.9033,24,3.4.0
10533,YCuS2,0.486445,1.4022,0.1252,0.682,0.9151,48,3.4.0
2416,YF3,0.406122,1.482,0.0962,0.7088,0.9411,48,3.4.0
3637,YOF,0.45549,2.0397,0.1151,0.657,0.934,18,3.4.0
23220,YbCl2,0.464321,0.9004,0.1134,0.572,0.9584,72,3.4.0
570418,YbI2,0.425552,0.8252,0.2028,0.6829,0.8825,9,3.4.0
1216,YbO,0.578052,5.4309,0.3443,0.2559,0.8683,6,3.4.0
1820,YbS,0.490677,3.347,0.3792,0.7273,0.8225,6,3.4.0
286,YbSe,0.363701,1.3236,0.2279,0.8498,0.8559,6,3.4.0
1779,YbTe,0.344335,0.9624,0.2149,0.8282,0.8608,6,3.4.0
3188,Zn(SbO3)2,0.550389,2.4201,0.1048,0.6643,0.8981,54,3.4.0
3789,Zn2SiO4,0.680122,6.9224,0.238,0.7288,0.7757,126,3.4.0
3502,Zn2Te3O8,0.65117,1.4553,0.066,0.4357,0.9482,78,3.4.0
14921,Zn4B6SeO12,0.581051,2.1728,0.0646,0.3152,0.9512,69,3.4.0
1873,ZnF2,0.492483,2.4655,0.1617,0.5348,0.9558,18,3.4.0
2979,ZnGeN2,0.558437,4.2217,0.1779,0.8177,0.8154,48,3.4.0
4524,ZnGeP2,0.494173,3.0213,0.2566,0.9272,0.8475,24,3.4.0
1986,ZnO,0.556879,6.5323,0.3971,0.637,0.8743,6,3.4.0
2133,ZnO,0.55059,5.5465,0.3366,0.6939,0.8422,12,3.4.0
1392,ZnP2,0.509657,1.2234,0.0877,0.8883,0.8577,72,3.4.0
2782,ZnP2,0.510495,1.8042,0.1266,0.8822,0.8522,72,3.4.0
3342,ZnPS3,0.673079,3.4624,0.1959,0.8148,0.775,30,3.4.0
10281,ZnS,0.490018,3.0023,0.2929,0.9331,0.8305,24,3.4.0
9946,ZnS,0.493263,2.9214,0.2858,0.9367,0.8249,36,3.4.0
18373,ZnSe2O5,0.704424,4.5733,0.1795,0.5556,0.8924,96,3.4.0
1190,ZnSe,0.45203,2.6599,0.3634,0.8788,0.9139,6,3.4.0
380,ZnSe,0.445718,2.0479,0.2795,0.8862,0.9239,12,3.4.0
3595,ZnSiAs2,0.55205,3.9027,0.3157,0.8905,0.8238,24,3.4.0
4763,ZnSiP2,0.50611,2.56,0.1696,0.8717,0.8942,24,3.4.0
4175,ZnSnP2,0.525103,3.6889,0.3472,0.9368,0.8124,24,3.4.0
2176,ZnTe,0.466053,2.138,0.3516,0.9147,0.8267,6,3.4.0
4325,Zr(SO4)2,0.714432,9.729,0.2494,0.6766,0.7515,132,3.4.0
277,Zr3N4,0.52296,1.3432,0.0579,0.6465,0.9518,84,3.4.0
23162,ZrCl2,0.362255,2.1062,0.1971,0.899,0.7944,9,3.4.0
8042,ZrGeO4,0.521544,2.3796,0.0989,0.6072,0.9512,36,3.4.0
924129,ZrNiSn,0.305096,1.3524,0.1756,0.8678,0.8738,9,3.4.0
2574,ZrO2,0.524908,3.4066,0.1586,0.5024,0.941,18,3.4.0
2858,ZrO2,0.473364,3.0473,0.128,0.467,0.975,36,3.4.0
1186,ZrS2,0.418325,2.1308,0.2075,0.7873,0.9658,9,3.4.0
756361,ZrSeO,0.56484,4.3601,0.2541,0.8349,0.7578,36,3.4.0
4820,ZrSiO4,0.602819,6.9138,0.2119,0.6243,0.8553,36,3.4.0
4759,ZrTe3O8,0.676358,2.9073,0.1143,0.5127,0.8761,144,3.4.0
