mp_id,material,w_mean,w_weighted_sv2,w_lo_freq,w_ratio_hi_lo,phase_space_concentration,n_modes,phonopy_version
4691,Ag2CO3,0.0393,0.043976,0.051285,0.5326,0.4364,36,3.4.0
11641,Ag2SeO4,0.054059,0.060382,0.06463,0.6729,0.3225,42,3.4.0
4431,Ag3AsS3,0.100325,0.103538,0.102114,0.965,0.1751,42,3.4.0
4515,Ag3SbS3,0.111482,0.121487,0.115685,0.9275,0.1865,42,3.4.0
5563,Ag5GeO4,0.065828,0.073714,0.07202,0.8281,0.3333,120,3.4.0
4004,Ag5SbS4,0.112457,0.1143,0.117247,0.9183,0.1197,60,3.4.0
570340,AgAuCl4,0.103347,0.112762,0.108505,0.905,0.2075,36,3.4.0
22894,AgI,0.088471,0.118545,0.100578,0.7592,0.7166,12,3.4.0
3414,AgSbF6,0.056249,0.057277,0.066087,0.7023,0.279,96,3.4.0
3922,AgSbS2,0.10112,0.103228,0.100641,1.0095,0.1187,48,3.4.0
625739,Al(HO)3,0.018096,0.023593,0.019609,0.8457,0.4014,168,3.4.0
4417,Al2(SO4)3,0.028287,0.027786,0.028523,0.9835,0.2373,102,3.4.0
3159,Al2CdSe4,0.077884,0.080342,0.078291,0.9896,0.211,21,3.4.0
3807,Al2CdSe4,0.094788,0.095329,0.090588,1.0932,0.0971,42,3.4.0
3038,Al2HgSe4,0.084924,0.084657,0.086697,0.9591,0.1779,21,3.4.0
1143,Al2O3,0.023866,0.028725,0.023402,1.0396,0.3988,30,3.4.0
2254,Al2O3,0.031848,0.035696,0.030474,1.0902,0.1295,120,3.4.0
23995,Al2P3(HO3)3,0.022545,0.024388,0.024101,0.8709,0.3071,102,3.4.0
2654,Al2S3,0.056501,0.059533,0.054507,1.0732,0.1472,90,3.4.0
4753,Al2SiO5,0.032437,0.032315,0.029908,1.1691,0.0949,96,3.4.0
2908,Al2ZnO4,0.033222,0.034545,0.034147,0.9456,0.1803,42,3.4.0
1591,Al4C3,0.034081,0.033574,0.030367,1.2415,0.1512,21,3.4.0
3281,Al5BO9,0.031474,0.031157,0.029965,1.1008,0.1192,90,3.4.0
2172,AlAs,0.028192,0.038798,0.042669,0.3214,0.8068,6,3.4.0
3098,AlCuO2,0.040031,0.039752,0.04162,0.9241,0.2442,24,3.4.0
3748,AlCuO2,0.041135,0.040594,0.042253,0.9485,0.2338,12,3.4.0
8016,AlCuSe2,0.06142,0.086952,0.067337,0.8242,0.4379,24,3.4.0
1323,AlF3,0.044217,0.047386,0.040881,1.1632,0.1065,192,3.4.0
468,AlF3,0.042663,0.045026,0.039027,1.1877,0.1274,24,3.4.0
23933,AlH3,0.015961,0.015847,0.014973,1.132,0.233,24,3.4.0
1700,AlN,0.024314,0.027642,0.027768,0.7512,0.2255,6,3.4.0
661,AlN,0.023739,0.027255,0.027141,0.7492,0.2071,12,3.4.0
3955,AlPO4,0.027952,0.03041,0.02867,0.9499,0.2033,54,3.4.0
4051,AlPO4,0.028792,0.031701,0.03012,0.912,0.1978,36,3.4.0
1550,AlP,0.03884,0.048648,0.047533,0.6343,0.4519,6,3.4.0
2624,AlSb,0.029429,0.040011,0.049206,0.1962,0.8887,6,3.4.0
3751,AlTlF4,0.056884,0.056825,0.0581,0.9581,0.1073,36,3.4.0
1581,As2O3,0.048761,0.04522,0.049095,0.9864,0.1285,60,3.4.0
1582,As2O3,0.044798,0.046817,0.045617,0.9641,0.1854,60,3.4.0
2184,As2O3,0.043621,0.056592,0.043497,1.0058,0.225,60,3.4.0
2455,As2Os,0.058976,0.065366,0.060336,0.9549,0.316,18,3.4.0
766,As2Ru,0.044276,0.053153,0.047332,0.8709,0.438,18,3.4.0
909,As2Se3,0.107905,0.110047,0.099681,1.165,0.2182,60,3.4.0
942,AuF3,0.049682,0.063772,0.060653,0.6381,0.375,72,3.4.0
306,B2O3,0.021164,0.023694,0.02077,1.038,0.2219,45,3.4.0
717,B2O3,0.022624,0.023553,0.022185,1.0395,0.0919,30,3.4.0
696746,B4C,0.015476,0.020907,0.015192,1.0376,0.4001,45,3.4.0
624,B6As,0.02283,0.024649,0.023441,0.9479,0.1599,42,3.4.0
1346,B6O,0.015789,0.020002,0.016032,0.9695,0.3813,42,3.4.0
3277,BAsO4,0.029031,0.02921,0.028824,1.0144,0.1341,18,3.4.0
4674,BNF8,0.031997,0.045314,0.035076,0.8244,0.4096,120,3.4.0
984,BN,0.020214,0.020184,0.020141,1.0072,0.1173,12,3.4.0
3589,BPO4,0.024992,0.024765,0.024388,1.0496,0.1263,18,3.4.0
1479,BP,0.022432,0.023348,0.025685,0.7467,0.373,6,3.4.0
160,B,0.014174,0.020939,0.014389,0.9702,0.5729,36,3.4.0
4255,Ba(CuS)2,0.067336,0.095879,0.049107,1.7488,0.6456,15,3.4.0
4473,Ba(CuSe)2,0.119505,0.123306,0.107599,1.2213,0.1588,60,3.4.0
17928,Ba(ErTe2)2,0.146565,0.166951,0.153942,0.9042,0.1829,84,3.4.0
4396,Ba(NO3)2,0.029518,0.035278,0.0348,0.6965,0.5709,108,3.4.0
2983,Ba(PN2)2,0.031004,0.031103,0.031098,0.9939,0.0975,252,3.4.0
4727,Ba(SbSe2)2,0.15304,0.159635,0.14166,1.1607,0.0947,168,3.4.0
17501,Ba(ScTe2)2,0.130042,0.138582,0.103224,1.5196,0.2716,84,3.4.0
756725,Ba2CaI6,0.175243,0.200153,0.174176,1.0123,0.2903,54,3.4.0
16904,Ba2CdTe3,0.184537,0.188898,0.162835,1.2666,0.1842,72,3.4.0
21879,Ba2CePtO6,0.052161,0.053808,0.054273,0.9222,0.2609,30,3.4.0
555284,Ba2NdAlO5,0.054026,0.056839,0.056777,0.9031,0.2548,54,3.4.0
3359,Ba2SnO4,0.062846,0.06241,0.060389,1.0814,0.1996,21,3.4.0
14552,Ba2SrUO6,0.063736,0.05914,0.063162,1.0182,0.2027,60,3.4.0
3397,Ba2TiO4,0.05034,0.050361,0.055836,0.8031,0.3196,84,3.4.0
558629,Ba2ZnSi2O7,0.03936,0.039142,0.041259,0.908,0.2233,72,3.4.0
3813,Ba2ZrS4,0.104138,0.115558,0.102417,1.0336,0.2244,21,3.4.0
3857,Ba3(PO4)2,0.034416,0.042355,0.038926,0.7688,0.3094,39,3.4.0
2911,Ba3(SnP2)2,0.091632,0.091036,0.08344,1.1964,0.3396,108,3.4.0
3361,Ba3Al2F12,0.058827,0.055998,0.058035,1.0273,0.1622,204,3.4.0
524,Ba3As14,0.110089,0.111338,0.11135,0.9774,0.2191,102,3.4.0
16978,Ba3MgSb2O9,0.051295,0.05384,0.051006,1.0114,0.2081,90,3.4.0
1195,Ba3P14,0.049994,0.0621,0.052646,0.8992,0.3854,102,3.4.0
755363,Ba3SiO,0.127853,0.126074,0.117845,1.1699,0.1657,60,3.4.0
9668,Ba3TiS5,0.086256,0.096005,0.089602,0.9253,0.3524,54,3.4.0
6795,Ba5Ho8Zn4O21,0.061759,0.062078,0.057192,1.1599,0.1376,114,3.4.0
3563,Ba5Nb4O15,0.053032,0.053297,0.052781,1.0095,0.2112,72,3.4.0
3828,BaAl2O4,0.037421,0.045878,0.038989,0.9195,0.2026,42,3.4.0
4202,BaAl2O4,0.038967,0.042899,0.040414,0.9283,0.1519,168,3.4.0
4376,BaAlF5,0.054899,0.052943,0.05445,1.0165,0.1511,84,3.4.0
28049,BaBrCl,0.146286,0.161004,0.150351,0.9459,0.1832,36,3.4.0
4559,BaCO3,0.027464,0.030355,0.033009,0.6642,0.593,15,3.4.0
5504,BaCO3,0.026836,0.028563,0.032903,0.6313,0.5629,60,3.4.0
23199,BaCl2,0.124127,0.132312,0.124429,0.9951,0.1314,36,3.4.0
568662,BaCl2,0.107624,0.108222,0.115,0.8685,0.2571,9,3.4.0
1029,BaF2,0.074114,0.078038,0.0764,0.9395,0.2812,9,3.4.0
4309,BaGa4S7,0.063346,0.072429,0.063444,0.9969,0.2608,72,3.4.0
2139,BaGe2,0.118853,0.118739,0.090203,1.6352,0.3526,72,3.4.0
3848,BaGe4O9,0.040976,0.044309,0.041638,0.9681,0.1357,126,3.4.0
3915,BaHgO2,0.067701,0.072248,0.081292,0.6656,0.3758,12,3.4.0
752656,BaLa2O4,0.072365,0.071642,0.0694,1.0854,0.1404,84,3.4.0
1707,BaN6,0.025444,0.039133,0.037793,0.3465,0.7854,42,3.4.0
2892,BaNd2O4,0.066078,0.064203,0.063627,1.077,0.1331,84,3.4.0
1105,BaO2,0.069017,0.082308,0.073808,0.8706,0.3938,9,3.4.0
1342,BaO,0.1025,0.108981,0.095284,1.1492,0.1703,6,3.4.0
684,BaS2,0.076864,0.091521,0.093637,0.6413,0.3834,18,3.4.0
239,BaS3,0.068855,0.082284,0.07823,0.7599,0.4288,24,3.4.0
3164,BaSO4,0.033622,0.035128,0.037545,0.791,0.224,72,3.4.0
1500,BaS,0.1119,0.112817,0.109429,1.0452,0.253,6,3.4.0
3564,BaSc2O4,0.053041,0.055093,0.051142,1.0742,0.0617,126,3.4.0
1253,BaSe,0.09643,0.123009,0.101824,0.8935,0.4854,6,3.4.0
555387,BaSi2(BO4)2,0.02912,0.029282,0.029191,0.9951,0.092,156,3.4.0
3031,BaSi2O5,0.033007,0.035245,0.035648,0.8518,0.2195,96,3.4.0
1477,BaSi2,0.073953,0.075266,0.070226,1.1061,0.3446,72,3.4.0
3777,BaSiN2,0.037036,0.040916,0.03777,0.9612,0.1953,48,3.4.0
1000,BaTe,0.135322,0.14743,0.143593,0.8863,0.416,6,3.4.0
3943,BaTi2O5,0.048235,0.049663,0.0467,1.0654,0.0943,72,3.4.0
3175,BaTi4O9,0.046799,0.045858,0.045315,1.0655,0.0944,84,3.4.0
2998,BaTiO3,0.053593,0.068224,0.053077,1.0186,0.1435,15,3.4.0
3952,BaY2O4,0.060089,0.060077,0.058704,1.0472,0.0721,84,3.4.0
6089,BaZn2(PO4)2,0.036722,0.037638,0.039101,0.8783,0.1877,156,3.4.0
3881,BaZnF4,0.078529,0.079956,0.074999,1.0942,0.0822,36,3.4.0
4236,BaZnO2,0.064006,0.066141,0.065439,0.9562,0.2249,36,3.4.0
3104,BaZrN2,0.053155,0.055677,0.053019,1.0051,0.2276,24,3.4.0
1569,Be2C,0.009401,0.013954,0.00976,0.926,0.7388,9,3.4.0
3347,Be2SiO4,0.026401,0.028401,0.026564,0.9877,0.1123,126,3.4.0
3081,BeAl2O4,0.024723,0.033487,0.02288,1.1611,0.3587,84,3.4.0
2542,BeO,0.017381,0.020116,0.018238,0.906,0.4263,12,3.4.0
422,BeS,0.028058,0.027197,0.03215,0.7455,0.4297,6,3.4.0
1541,BeSe,0.019727,0.024799,0.020683,0.9076,0.8415,6,3.4.0
252,BeTe,0.027253,0.033706,0.030097,0.811,0.8381,6,3.4.0
23237,BiF3,0.07651,0.077144,0.074681,1.049,0.0552,48,3.4.0
568388,BiI,0.192801,0.21185,0.18557,1.0779,0.2572,24,3.4.0
23074,BiOF,0.066941,0.066979,0.070802,0.8893,0.1342,18,3.4.0
759825,BiOF,0.071839,0.071968,0.068477,1.0982,0.1616,36,3.4.0
1167,CF4,0.042331,0.124296,0.036105,1.3446,0.7675,30,3.4.0
990448,C,0.01791,0.017877,0.017889,1.0023,0.1199,6,3.4.0
4555,Ca(AsO3)2,0.037821,0.038827,0.037324,1.0266,0.1064,27,3.4.0
2898,Ca(AuO2)2,0.045344,0.046915,0.045357,0.9994,0.1548,42,3.4.0
3417,Ca(BO2)2,0.025745,0.026951,0.027981,0.8402,0.2437,84,3.4.0
558543,Ca(CO2)2,0.026814,0.028386,0.031146,0.7218,0.3074,84,3.4.0
9570,Ca(CdP)2,0.087188,0.091856,0.082361,1.1169,0.2561,15,3.4.0
9564,Ca(MgAs)2,0.080214,0.082961,0.074398,1.1562,0.1766,15,3.4.0
3142,Ca(NO3)2,0.022148,0.063613,0.029656,0.4946,0.6296,108,3.4.0
18642,Ca(YS2)2,0.068176,0.082449,0.072861,0.8714,0.2387,84,3.4.0
3859,Ca2B2O5,0.027756,0.028826,0.027241,1.0378,0.3107,108,3.4.0
4155,Ca2Nb2O7,0.050868,0.050582,0.049961,1.0363,0.1575,66,3.4.0
4180,Ca2SiO4,0.034924,0.035892,0.032996,1.1169,0.3552,84,3.4.0
4481,Ca2SiO4,0.036251,0.035126,0.033462,1.1667,0.2903,84,3.4.0
4747,Ca2SnO4,0.048636,0.050003,0.047496,1.048,0.1241,42,3.4.0
3575,Ca3(BO3)2,0.029066,0.030717,0.025226,1.306,0.4269,66,3.4.0
17817,Ca3(GeP2)2,0.07507,0.078158,0.068136,1.2035,0.1545,108,3.4.0
3487,Ca3(PO4)2,0.032506,0.038154,0.03473,0.8717,0.3245,39,3.4.0
4192,Ca3AsN,0.076166,0.076801,0.068133,1.2358,0.1803,60,3.4.0
1047,Ca3N2,0.056588,0.059103,0.054374,1.0819,0.1943,30,3.4.0
844,Ca3N2,0.054419,0.064386,0.051592,1.1096,0.252,120,3.4.0
3932,Ca3Si2O7,0.035221,0.037899,0.034769,1.026,0.3064,144,3.4.0
4163,Ca3Ti2O7,0.049061,0.053373,0.045401,1.1607,0.1161,72,3.4.0
8568,Ca4PtO6,0.051355,0.052382,0.046519,1.2081,0.1477,66,3.4.0
3080,Ca5(Ga3O7)2,0.047611,0.048621,0.044451,1.1421,0.1466,150,3.4.0
14600,CaAl2O4,0.03753,0.03959,0.03618,1.0746,0.1323,168,3.4.0
2963,CaAl2O4,0.037474,0.039652,0.03659,1.0483,0.1261,252,3.4.0
966582,CaAlH5,0.020021,0.020168,0.019825,1.0198,0.1119,168,3.4.0
722262,CaB3H3O7,0.020878,0.021561,0.022337,0.8694,0.2697,168,3.4.0
1575,CaC2,0.036639,0.051377,0.043401,0.687,0.4747,18,3.4.0
2482,CaC2,0.04297,0.059391,0.049865,0.7232,0.4218,9,3.4.0
917,CaC2,0.036102,0.051465,0.042793,0.6883,0.4881,18,3.4.0
4124,CaCN2,0.021244,0.022804,0.022758,0.8689,0.5582,12,3.4.0
3953,CaCO3,0.02189,0.026427,0.02937,0.4923,0.5486,30,3.4.0
4626,CaCO3,0.018737,0.025196,0.021723,0.7251,0.5517,60,3.4.0
2741,CaF2,0.043875,0.046019,0.043817,1.0027,0.4186,9,3.4.0
3707,CaGe2O5,0.041103,0.041406,0.037868,1.1709,0.1762,48,3.4.0
4279,CaGe2O5,0.041758,0.042655,0.038957,1.1438,0.0826,96,3.4.0
642725,CaHClO,0.03829,0.041777,0.043054,0.7787,0.4282,24,3.4.0
676,CaN6,0.014267,0.024115,0.020805,0.3714,0.9234,42,3.4.0
2605,CaO,0.037737,0.044533,0.034962,1.1544,0.554,6,3.4.0
11007,CaPSe3,0.073003,0.088776,0.077983,0.8723,0.4251,60,3.4.0
8161,CaPdF4,0.057583,0.05942,0.051196,1.2491,0.1603,36,3.4.0
3082,CaSO4,0.027715,0.031567,0.027724,0.9993,0.3344,54,3.4.0
4406,CaSO4,0.026256,0.029511,0.025724,1.0413,0.3656,36,3.4.0
1672,CaS,0.039708,0.050093,0.041372,0.9197,0.5712,6,3.4.0
4056,CaSc2O4,0.043261,0.046524,0.041218,1.0992,0.2172,84,3.4.0
1415,CaSe,0.074643,0.085997,0.074029,1.0166,0.3832,6,3.4.0
4782,CaSnF6,0.057373,0.063317,0.060326,0.902,0.2422,24,3.4.0
4190,CaSnO3,0.048411,0.047694,0.046038,1.103,0.0737,30,3.4.0
4438,CaSnO3,0.051051,0.05191,0.046491,1.1962,0.1162,60,3.4.0
3079,CaTa4O11,0.044924,0.043314,0.043253,1.0773,0.1379,96,3.4.0
1519,CaTe,0.120547,0.116887,0.119789,1.0126,0.1134,6,3.4.0
3442,CaTiO3,0.047869,0.056558,0.046066,1.0779,0.142,30,3.4.0
4019,CaTiO3,0.047377,0.047311,0.045308,1.0913,0.086,60,3.4.0
3960,CaUO4,0.049075,0.050345,0.046317,1.1206,0.0863,18,3.4.0
3443,Cd(GaO2)2,0.049314,0.050508,0.048491,1.0341,0.094,42,3.4.0
4452,Cd(GaS2)2,0.067043,0.068084,0.065647,1.0425,0.175,21,3.4.0
3772,Cd(GaSe2)2,0.103993,0.102842,0.098966,1.1018,0.1423,21,3.4.0
4659,Cd(PO3)2,0.031975,0.029811,0.033575,0.9047,0.188,216,3.4.0
3917,Cd2GeO4,0.049402,0.049364,0.050214,0.9677,0.223,84,3.4.0
4530,Cd2SiO4,0.040685,0.040311,0.043671,0.8633,0.2614,42,3.4.0
27899,Cd3AsCl3,0.129204,0.132486,0.126066,1.0498,0.1259,84,3.4.0
4385,CdCO3,0.026208,0.027083,0.033834,0.5515,0.4679,30,3.4.0
241,CdF2,0.071654,0.073054,0.0708,1.0246,0.0715,9,3.4.0
2951,CdGeO3,0.046241,0.047306,0.046875,0.9729,0.1854,60,3.4.0
3668,CdGeP2,0.068199,0.068302,0.064937,1.1005,0.147,24,3.4.0
2310,CdO2,0.041375,0.050154,0.048621,0.7022,0.4213,36,3.4.0
402,CdP2,0.055286,0.067737,0.057228,0.9321,0.3506,36,3.4.0
913,CdP2,0.057967,0.067787,0.058911,0.9679,0.3233,72,3.4.0
2469,CdS,0.052833,0.063524,0.052693,1.0053,0.5014,6,3.4.0
672,CdS,0.052583,0.064991,0.054462,0.931,0.4898,12,3.4.0
1070,CdSe,0.057107,0.084012,0.067858,0.6831,0.7146,12,3.4.0
2691,CdSe,0.052452,0.085791,0.064624,0.6233,0.7932,6,3.4.0
3078,CdSiAs2,0.073361,0.078594,0.071832,1.0428,0.2722,24,3.4.0
4666,CdSiP2,0.051725,0.057491,0.055505,0.8635,0.3718,24,3.4.0
754329,CdSnO3,0.049977,0.049679,0.048042,1.0805,0.1345,30,3.4.0
849371,CdSnO3,0.053327,0.05404,0.051205,1.0829,0.1192,60,3.4.0
406,CdTe,0.096226,0.13053,0.111031,0.733,0.4933,6,3.4.0
2956,Co2(GeS)3,0.054462,0.068097,0.056498,0.9279,0.177,96,3.4.0
2994,Co2(GeTe)3,0.087828,0.089851,0.076063,1.3094,0.1977,96,3.4.0
16363,CoAsS,0.039387,0.060109,0.041167,0.9135,0.3841,36,3.4.0
4627,CoAsS,0.039658,0.05734,0.041113,0.9292,0.368,36,3.4.0
4338,Cr2CdS4,0.060473,0.092711,0.063293,0.9108,0.2498,42,3.4.0
4182,CrAgS2,0.07987,0.095331,0.076382,1.0917,0.124,12,3.4.0
3779,CrSiTe3,0.086612,0.118583,0.08936,0.9386,0.3531,30,3.4.0
7232,Cs2HgO2,0.1012,0.107262,0.105643,0.9166,0.496,15,3.4.0
13634,Cs2LiAl3F12,0.051697,0.053514,0.0512,1.0194,0.1402,54,3.4.0
989405,Cs2LiInBr6,0.152791,0.166181,0.132801,1.3011,0.3862,30,3.4.0
23752,Cs2MgH4,0.032959,0.039372,0.027317,1.4125,0.3435,21,3.4.0
2884,Cs2Mn3S4,0.06086,0.067771,0.061978,0.9639,0.21,54,3.4.0
3704,Cs2Mn3Se4,0.073051,0.086886,0.06508,1.2451,0.3787,54,3.4.0
30062,Cs2PtBr6,0.173102,0.132431,0.135717,1.5492,0.3993,27,3.4.0
23060,Cs2PtI6,0.233723,0.212569,0.221281,1.1122,0.3313,27,3.4.0
4047,Cs2SiF6,0.038478,0.042085,0.035838,1.1466,0.5562,27,3.4.0
23405,Cs2TeBr6,0.166263,0.180495,0.168635,0.972,0.3131,27,3.4.0
23465,Cs2TeCl6,0.106687,0.111605,0.112672,0.8941,0.4089,27,3.4.0
573763,Cs2Te,0.279495,0.297248,0.268326,1.0833,0.1764,36,3.4.0
3247,Cs2TiS3,0.092274,0.087208,0.095276,0.937,0.2835,36,3.4.0
638729,Cs2ZrCl6,0.110103,0.097644,0.120787,0.8238,0.4916,27,3.4.0
574070,Cs4Pb9,0.273431,0.278362,0.267915,1.0412,0.0591,156,3.4.0
2667,CsAu,0.326301,0.327748,0.332034,0.9655,0.0915,6,3.4.0
3977,CsB3O5,0.026455,0.027962,0.027297,0.9383,0.1051,108,3.4.0
560558,CsCdAuS2,0.089549,0.118605,0.096492,0.8561,0.4569,30,3.4.0
1784,CsF,0.147895,0.169371,0.141095,1.0964,0.3415,6,3.4.0
606680,CsLi2Br3,0.108419,0.132947,0.110713,0.9584,0.3168,18,3.4.0
23364,CsLiCl2,0.106472,0.113453,0.106255,1.0041,0.2442,24,3.4.0
3288,CsNO2,0.083906,0.082554,0.101175,0.6582,0.4572,36,3.4.0
505321,CsNb(CuTe2)2,0.11423,0.145822,0.115298,0.9813,0.3321,96,3.4.0
582146,CsNb4Cl11,0.081013,0.084131,0.081661,0.9841,0.084,96,3.4.0
984872,CsPb2Cl5,0.157659,0.161486,0.153208,1.0582,0.095,48,3.4.0
11118,CsPrCdSe3,0.149064,0.152641,0.146214,1.039,0.1474,36,3.4.0
9080,CsPrS2,0.101655,0.111989,0.101945,0.9942,0.3408,12,3.4.0
2969,CsSbSe2,0.157858,0.172918,0.153943,1.0509,0.3179,48,3.4.0
7212,CsSmHgSe3,0.146606,0.163569,0.136505,1.148,0.2593,36,3.4.0
30164,CsSn2Cl5,0.155045,0.155866,0.150381,1.0619,0.1063,48,3.4.0
361,Cu2O,0.062089,0.059073,0.062413,0.9894,0.3872,18,3.4.0
3934,Cu3PS4,0.057082,0.056689,0.062867,0.816,0.3766,48,3.4.0
22913,CuBr,0.078719,0.096151,0.086468,0.8208,0.5792,6,3.4.0
22914,CuCl,0.093787,0.109042,0.062681,1.9925,0.4361,6,3.4.0
22895,CuI,0.100666,0.127394,0.121743,0.6537,0.4637,6,3.4.0
32750,CuI,0.102397,0.130111,0.123988,0.6513,0.4254,24,3.4.0
927,CuP2,0.057578,0.057773,0.058101,0.982,0.2515,36,3.4.0
4468,CuSbS2,0.082876,0.088682,0.082528,1.0084,0.2227,48,3.4.0
28741,CuSe3Br,0.122431,0.12625,0.106231,1.305,0.2352,60,3.4.0
3261,Dy(BO2)3,0.027145,0.027241,0.027035,1.0082,0.031,480,3.4.0
3611,Dy2Hf2O7,0.049657,0.049787,0.050327,0.9733,0.1521,66,3.4.0
2345,Dy2O3,0.050548,0.053283,0.050261,1.0114,0.2373,120,3.4.0
1270,Dy2S3,0.078553,0.081509,0.080581,0.9497,0.1796,60,3.4.0
752405,Dy2SiO5,0.040944,0.041415,0.041502,0.9731,0.1903,96,3.4.0
768317,Dy2SiO5,0.03984,0.039777,0.041217,0.9332,0.214,96,3.4.0
18219,Dy2SiSeO4,0.042674,0.043622,0.045057,0.8942,0.2468,96,3.4.0
4024,DyAgTe2,0.161992,0.167874,0.164136,0.9739,0.0903,24,3.4.0
556108,DyTiClO3,0.051323,0.051894,0.048742,1.1055,0.1453,36,3.4.0
3041,Er2CdS4,0.088285,0.088286,0.087495,1.018,0.1901,42,3.4.0
2460,Er2O3,0.054273,0.054293,0.053417,1.0321,0.0875,45,3.4.0
679,Er2O3,0.048981,0.051568,0.048179,1.0333,0.2563,120,3.4.0
2234,Er2S3,0.083645,0.085456,0.084975,0.9687,0.16,90,3.4.0
209,Er2Se3,0.103494,0.129959,0.113717,0.8202,0.2062,60,3.4.0
555983,Er2SiO5,0.039502,0.03919,0.040886,0.9323,0.2097,96,3.4.0
3688,Er2Sn2O7,0.049077,0.049348,0.048323,1.0312,0.1091,66,3.4.0
3384,Er3Al5O12,0.038935,0.039789,0.037167,1.0952,0.0674,240,3.4.0
4044,ErAgSe2,0.128471,0.138189,0.132656,0.9369,0.1687,48,3.4.0
546621,ErBi2BrO4,0.057324,0.058925,0.053374,1.148,0.2747,24,3.4.0
551250,ErBi2IO4,0.060236,0.061035,0.058117,1.0729,0.2382,24,3.4.0
3457,ErP5O14,0.029502,0.031656,0.030634,0.9261,0.1731,240,3.4.0
4006,ErPO4,0.030985,0.029893,0.032148,0.9275,0.348,36,3.4.0
3444,ErTaO4,0.045518,0.046028,0.044357,1.0523,0.1303,36,3.4.0
4123,ErTlS2,0.101691,0.107906,0.106941,0.9018,0.3175,12,3.4.0
1522,FeS2,0.017878,0.03238,0.019559,0.8282,0.7039,18,3.4.0
226,FeS2,0.015293,0.034123,0.016609,0.8414,0.8082,36,3.4.0
1714,FeSi2,0.025691,0.041722,0.026346,0.9502,0.5498,72,3.4.0
4809,Ga2HgS4,0.074043,0.076514,0.074303,0.993,0.1501,21,3.4.0
4730,Ga2HgSe4,0.106511,0.108883,0.107204,0.9871,0.189,21,3.4.0
1243,Ga2O3,0.043774,0.043499,0.042176,1.0755,0.0564,30,3.4.0
886,Ga2O3,0.04265,0.042795,0.040609,1.1005,0.1393,30,3.4.0
20496,Ga2PbO4,0.049491,0.05108,0.051225,0.9324,0.14,42,3.4.0
539,Ga2S3,0.05881,0.065992,0.055764,1.1092,0.3409,30,3.4.0
1340,Ga2Se3,0.093813,0.099951,0.088618,1.1173,0.2894,30,3.4.0
2371,Ga2Te5,0.138452,0.13158,0.130895,1.1158,0.1894,21,3.4.0
3107,Ga3PO7,0.034113,0.035307,0.035437,0.9253,0.265,33,3.4.0
3996,GaAsO4,0.036131,0.038459,0.039557,0.8268,0.2248,54,3.4.0
4280,GaCuO2,0.046676,0.047616,0.046823,0.9937,0.1531,12,3.4.0
588,GaF3,0.054056,0.058123,0.047852,1.2599,0.1561,24,3.4.0
804,GaN,0.018673,0.020974,0.022297,0.675,0.6226,12,3.4.0
830,GaN,0.021004,0.022441,0.024008,0.7498,0.558,6,3.4.0
4122,GaPO4,0.031165,0.030746,0.031484,0.9797,0.2268,54,3.4.0
2490,GaP,0.031971,0.045908,0.045293,0.4117,0.7248,6,3.4.0
2507,GaS,0.05569,0.060407,0.063735,0.7476,0.38,24,3.4.0
1572,GaSe,0.090779,0.090912,0.094656,0.9181,0.3123,24,3.4.0
1943,GaSe,0.091049,0.090915,0.095301,0.9108,0.3099,24,3.4.0
10009,GaTe,0.092717,0.095452,0.104668,0.7717,0.3789,24,3.4.0
542812,GaTe,0.113778,0.11204,0.11544,0.9712,0.2354,36,3.4.0
4187,Ge2N2O,0.028389,0.031663,0.028906,0.9643,0.3815,30,3.4.0
223,GeO2,0.034031,0.036415,0.037366,0.8212,0.2702,27,3.4.0
470,GeO2,0.036061,0.035835,0.033286,1.1665,0.1184,18,3.4.0
733,GeO2,0.034037,0.036425,0.037372,0.8212,0.2702,27,3.4.0
2242,GeS,0.064708,0.071911,0.066701,0.9402,0.3962,24,3.4.0
700,GeSe,0.096316,0.102866,0.101341,0.9008,0.3391,24,3.4.0
938,GeTe,0.140086,0.143676,0.140545,0.9933,0.0884,6,3.4.0
559617,HfB2O5,0.028206,0.028288,0.027617,1.0426,0.0522,96,3.4.0
1858,HfO2,0.044866,0.044716,0.044032,1.0379,0.0891,72,3.4.0
352,HfO2,0.044857,0.045386,0.043968,1.0404,0.089,36,3.4.0
985829,HfS2,0.076553,0.071845,0.076355,1.0052,0.2642,9,3.4.0
4609,HfSiO4,0.032014,0.032863,0.031157,1.0551,0.2804,36,3.4.0
3810,Hg(AsO3)2,0.041388,0.041963,0.04137,1.0009,0.108,27,3.4.0
3167,Hg2GeSe4,0.104489,0.102636,0.11115,0.8798,0.3542,21,3.4.0
4710,Hg3(BO3)2,0.032342,0.034625,0.037978,0.704,0.3322,66,3.4.0
4445,Hg3AsO4,0.06081,0.06037,0.071699,0.6963,0.2648,96,3.4.0
567949,Hg3AsSe4Br,0.132362,0.136456,0.134751,0.9645,0.1984,54,3.4.0
3538,Hg3TeO6,0.045865,0.052709,0.046076,0.9908,0.2867,240,3.4.0
28590,Hg4As2I3,0.17057,0.183594,0.178857,0.9073,0.2837,216,3.4.0
29958,Hg7(PO5)2,0.050459,0.049394,0.060409,0.6706,0.2632,114,3.4.0
706,HgF,0.100158,0.109254,0.097265,1.0589,0.2704,12,3.4.0
1224,HgO,0.075403,0.075293,0.086507,0.7433,0.2872,24,3.4.0
22574,HgP14Pb,0.060684,0.064331,0.061087,0.9868,0.1135,192,3.4.0
7293,HgPSe3,0.098032,0.101891,0.111133,0.7642,0.3219,60,3.4.0
3228,HgSO4,0.038343,0.041177,0.042121,0.8207,0.2049,36,3.4.0
634,HgS,0.09484,0.095939,0.102021,0.8592,0.3626,18,3.4.0
4284,Ho2CdSe4,0.122039,0.12757,0.121645,1.0065,0.2356,42,3.4.0
812,Ho2O3,0.049893,0.052491,0.049397,1.02,0.2471,120,3.4.0
779522,Ho2P4O13,0.031544,0.033215,0.033402,0.8887,0.183,114,3.4.0
878,Ho2S3,0.084488,0.086365,0.085933,0.9664,0.1547,90,3.4.0
3884,Ho2Sn2O7,0.049386,0.04941,0.048576,1.0333,0.105,66,3.4.0
542514,Ho2Te4O11,0.049679,0.049807,0.049397,1.0114,0.1758,102,3.4.0
1154,Ho4C7,0.033632,0.038413,0.035658,0.8864,0.459,132,3.4.0
561877,HoF3,0.060157,0.062095,0.058282,1.0643,0.0939,48,3.4.0
3144,HoNbO4,0.045247,0.045675,0.043872,1.0626,0.1418,36,3.4.0
4104,HoPO4,0.030969,0.030035,0.032199,0.9236,0.3529,36,3.4.0
4344,HoTaO4,0.045027,0.04661,0.044122,1.041,0.1467,36,3.4.0
22323,In2O3,0.052043,0.051733,0.050741,1.0512,0.0685,30,3.4.0
2874,In2Si2O7,0.034447,0.034682,0.035023,0.9671,0.2282,33,3.4.0
556528,In4GeS4,0.080524,0.093971,0.07533,1.1379,0.276,216,3.4.0
22189,In6TeO12,0.049044,0.048875,0.048351,1.0287,0.1059,57,3.4.0
20351,InP,0.033935,0.05353,0.049193,0.3797,0.8586,6,3.4.0
19795,InS,0.091293,0.091626,0.088216,1.0698,0.2352,24,3.4.0
29236,InTeBr,0.14731,0.149838,0.134376,1.1925,0.1716,36,3.4.0
2437,IrF3,0.047832,0.049305,0.045803,1.0886,0.1787,24,3.4.0
2833,IrS2,0.046884,0.054987,0.052377,0.7903,0.2868,72,3.4.0
4351,K2B2S7,0.049889,0.054964,0.054468,0.8319,0.2514,66,3.4.0
3963,K2CO3,0.030676,0.04186,0.035985,0.7049,0.6784,72,3.4.0
6494,K2Ca(CO3)2,0.029711,0.032589,0.035029,0.6952,0.5386,33,3.4.0
7534,K2Cd2O3,0.077926,0.073501,0.076467,1.0382,0.1831,42,3.4.0
27742,K2CdO2,0.078432,0.080579,0.07304,1.1476,0.1838,60,3.4.0
4698,K2Ge8O17,0.039844,0.039964,0.039976,0.9934,0.1539,324,3.4.0
23956,K2MgH4,0.031016,0.02992,0.030849,1.0109,0.2345,21,3.4.0
4758,K2NbF7,0.058083,0.066709,0.059445,0.9541,0.1927,120,3.4.0
2672,K2O2,0.060457,0.073929,0.065117,0.8567,0.3683,24,3.4.0
776016,K2O,0.087732,0.106795,0.083242,1.1076,0.263,72,3.4.0
971,K2O,0.089863,0.096419,0.089129,1.0163,0.2155,9,3.4.0
569967,K2PrCl5,0.122667,0.1309,0.11343,1.1629,0.117,96,3.4.0
3821,K2PtF6,0.04712,0.058569,0.059743,0.5772,0.5412,27,3.4.0
1022,K2S,0.09407,0.107576,0.09342,1.0139,0.3564,9,3.4.0
3379,K2SbF5,0.080655,0.083011,0.082631,0.952,0.2051,48,3.4.0
3042,K2SiF6,0.049618,0.044558,0.048825,1.0323,0.3929,27,3.4.0
17730,K2SnO3,0.057102,0.05865,0.053715,1.1261,0.252,72,3.4.0
8972,K2TaCuSe4,0.116414,0.118682,0.111387,1.0903,0.275,48,3.4.0
3975,K2TaF7,0.058158,0.067635,0.060628,0.9185,0.1801,120,3.4.0
1747,K2Te,0.133228,0.140551,0.144652,0.8377,0.2998,9,3.4.0
3970,K2TiF6,0.050705,0.051062,0.046248,1.1929,0.3996,27,3.4.0
28766,K2TiS3,0.083225,0.099829,0.077264,1.1547,0.2463,36,3.4.0
3808,K2UO4,0.062804,0.0591,0.062942,0.9956,0.3137,21,3.4.0
18449,K2ZrO3,0.054911,0.05887,0.049392,1.2235,0.2762,72,3.4.0
4647,K3(Cu4Se3)2,0.128486,0.129009,0.119534,1.1492,0.1352,51,3.4.0
3797,K3AsS4,0.084516,0.091581,0.085864,0.9686,0.3582,96,3.4.0
642821,K3H5Pt,0.024331,0.019408,0.036264,0.3418,0.6674,54,3.4.0
975577,K3La(AsO4)2,0.041801,0.051042,0.042599,0.9625,0.4147,84,3.4.0
1568,K3P11,0.06735,0.069492,0.066824,1.0158,0.1643,168,3.4.0
17989,K3PS4,0.073303,0.074385,0.072426,1.0242,0.4194,96,3.4.0
28837,K3RhCl6,0.099698,0.105846,0.095099,1.0967,0.1872,120,3.4.0
4690,K3TaO8,0.044852,0.060867,0.052602,0.7054,0.3776,36,3.4.0
3529,K3VS4,0.081403,0.089982,0.086726,0.8772,0.3648,96,3.4.0
3125,K3Zn2F7,0.071464,0.081598,0.056787,1.5135,0.3424,36,3.4.0
17015,K4GeO4,0.056188,0.062225,0.055598,1.0212,0.397,108,3.4.0
29484,K4HgAs2,0.15232,0.157192,0.147236,1.0699,0.1353,21,3.4.0
4971,K4Sn3Se8,0.135064,0.136156,0.125709,1.1488,0.1584,90,3.4.0
11719,K4ZnP2,0.097116,0.111918,0.104839,0.8522,0.3608,21,3.4.0
777297,K5H(CN2)2,0.039738,0.042094,0.048777,0.6291,0.5271,144,3.4.0
755633,K5Se3,0.127498,0.171898,0.114395,1.2291,0.3609,48,3.4.0
18246,K6MnTe4,0.142013,0.163866,0.133457,1.1281,0.1991,66,3.4.0
3949,K7LiSi8,0.074932,0.084961,0.07045,1.1272,0.2948,192,3.4.0
568644,K9InSe7,0.147604,0.162312,0.13881,1.1267,0.1704,204,3.4.0
3074,KAgO,0.066419,0.071278,0.072288,0.8382,0.3779,36,3.4.0
2910,KAlF4,0.053953,0.054944,0.053847,1.0039,0.1209,36,3.4.0
4266,KAsF6,0.032465,0.048992,0.036076,0.7998,0.5274,24,3.4.0
713,KAs,0.135543,0.138946,0.131545,1.0608,0.1238,48,3.4.0
568986,KAuCl4,0.102255,0.111833,0.110299,0.8541,0.2595,72,3.4.0
3592,KAuS5,0.080003,0.087941,0.08724,0.8341,0.2312,84,3.4.0
3257,KAuSe5,0.130109,0.142698,0.137369,0.8944,0.2167,84,3.4.0
3919,KBO2,0.023651,0.029599,0.027995,0.6897,0.4006,72,3.4.0
23251,KBr,0.153007,0.165405,0.156671,0.9532,0.1926,6,3.4.0
4026,KCrS2,0.062975,0.065845,0.064305,0.9605,0.1212,12,3.4.0
3982,KCuO2,0.043573,0.050864,0.04503,0.9353,0.2776,24,3.4.0
15785,KDyS2,0.090868,0.091562,0.093429,0.9452,0.1306,12,3.4.0
4326,KErS2,0.089899,0.090266,0.092641,0.9408,0.1444,12,3.4.0
463,KF,0.07029,0.08469,0.069747,1.0155,0.4329,6,3.4.0
4066,KGaO2,0.050595,0.050713,0.049864,1.0293,0.2809,192,3.4.0
2146,KGe,0.138449,0.145894,0.125433,1.2075,0.1644,192,3.4.0
556475,KLaPdO3,0.06108,0.061014,0.055723,1.1923,0.231,36,3.4.0
4495,KLiTe,0.041461,0.056246,0.045788,0.8102,0.6822,18,3.4.0
3448,KMgF3,0.060729,0.063603,0.048717,1.494,0.2545,15,3.4.0
827,KN3,0.024961,0.045301,0.032444,0.5395,0.9238,24,3.4.0
545359,KNa2CuO2,0.067122,0.071454,0.068876,0.9491,0.2977,18,3.4.0
4342,KNbO3,0.049364,0.056605,0.042451,1.3261,0.2685,15,3.4.0
4608,KPF6,0.035771,0.052052,0.033481,1.1368,0.442,24,3.4.0
4519,KPrO2,0.067728,0.06905,0.065692,1.062,0.1767,12,3.4.0
4757,KReO4,0.032716,0.043165,0.044687,0.4643,0.5603,36,3.4.0
14607,KSbO3,0.049783,0.04928,0.048804,1.0401,0.0787,180,3.4.0
11703,KSbS2,0.104933,0.109407,0.102126,1.0549,0.1252,24,3.4.0
1536,KSb,0.1595,0.175609,0.16256,0.9623,0.1908,48,3.4.0
1217,KSi,0.071197,0.103596,0.062626,1.2742,0.3848,192,3.4.0
15783,KSmS2,0.092162,0.094484,0.094415,0.9523,0.1173,12,3.4.0
3614,KTaO3,0.047582,0.050139,0.041363,1.2992,0.3094,15,3.4.0
2072,KTe,0.182045,0.178707,0.184576,0.9725,0.1328,24,3.4.0
6376,KV(CuS2)2,0.06965,0.070863,0.069502,1.0042,0.2084,48,3.4.0
2943,KY3F10,0.066855,0.066495,0.064762,1.0647,0.1064,84,3.4.0
4658,La(BO2)3,0.027042,0.029035,0.027165,0.9909,0.1733,60,3.4.0
4350,La2(SeO3)3,0.043845,0.047313,0.046251,0.896,0.2831,168,3.4.0
756888,La2(SiO3)3,0.033711,0.032716,0.035882,0.879,0.2231,84,3.4.0
568036,La2GaN3,0.057914,0.058691,0.054061,1.1425,0.1866,72,3.4.0
1968,La2O3,0.064405,0.065263,0.061895,1.0808,0.1177,15,3.4.0
2292,La2O3,0.059611,0.069693,0.06089,0.9581,0.1551,120,3.4.0
7475,La2S3,0.085244,0.093281,0.086864,0.9627,0.1925,60,3.4.0
4511,La2SO2,0.067068,0.069425,0.062726,1.1385,0.1608,15,3.4.0
4078,La2SO6,0.038399,0.040296,0.039352,0.9514,0.2769,54,3.4.0
5152,La2SiO5,0.04181,0.047508,0.042427,0.9709,0.2618,96,3.4.0
4086,La2Sn2O7,0.052346,0.05242,0.050476,1.0739,0.1019,66,3.4.0
4547,La2TeO2,0.065628,0.066675,0.05679,1.3094,0.3661,15,3.4.0
558528,La2TiZnO6,0.055644,0.055226,0.05368,1.0732,0.085,60,3.4.0
769915,La4Ga2O9,0.054952,0.058095,0.053596,1.0506,0.1564,180,3.4.0
4412,La4Se3O4,0.069821,0.069585,0.058729,1.3768,0.2391,33,3.4.0
3249,La4Ti3O12,0.05187,0.052815,0.051023,1.0332,0.116,57,3.4.0
2920,LaAlO3,0.045055,0.045768,0.044882,1.0077,0.0685,30,3.4.0
4841,LaCuS2,0.073858,0.078987,0.072585,1.0351,0.291,48,3.4.0
334,LaF3,0.071544,0.073729,0.069632,1.0549,0.0643,72,3.4.0
905,LaF3,0.071195,0.07262,0.068893,1.0668,0.072,72,3.4.0
3336,LaGaO3,0.0555,0.055816,0.054,1.0555,0.1019,30,3.4.0
27979,LaI3,0.176195,0.194792,0.169793,1.0748,0.2124,24,3.4.0
2804,LaP2,0.078518,0.078864,0.074285,1.114,0.1439,72,3.4.0
200,LaP7,0.049551,0.058226,0.047281,1.096,0.3101,96,3.4.0
3962,LaPO4,0.029689,0.032591,0.030657,0.9369,0.3497,72,3.4.0
1508,LaS2,0.079825,0.082466,0.078985,1.0213,0.1114,72,3.4.0
3998,LaTaO4,0.05014,0.047359,0.050515,0.9851,0.1522,36,3.4.0
4421,LaTaO4,0.050105,0.048616,0.049322,1.0318,0.1216,72,3.4.0
3297,Li10Zn4O9,0.039302,0.041737,0.039534,0.9883,0.1628,138,3.4.0
765481,Li2AgF5,0.060865,0.060591,0.058659,1.0752,0.0906,96,3.4.0
4779,Li2B4O7,0.026193,0.027403,0.025374,1.0646,0.1072,156,3.4.0
4622,Li2BeF4,0.039485,0.040539,0.040714,0.9396,0.183,126,3.4.0
3054,Li2CO3,0.027608,0.025256,0.029321,0.8831,0.272,36,3.4.0
15988,Li2CuSb,0.079319,0.058982,0.070201,1.2598,0.3349,12,3.4.0
841,Li2O2,0.03711,0.037764,0.031428,1.3602,0.3222,24,3.4.0
1960,Li2O,0.023577,0.02559,0.023183,1.0347,0.4681,9,3.4.0
760483,Li2PdO3,0.03759,0.042992,0.038123,0.9721,0.1862,36,3.4.0
1153,Li2S,0.039211,0.042198,0.041347,0.8939,0.3194,9,3.4.0
2286,Li2Se,0.049435,0.046629,0.04668,1.1206,0.4184,9,3.4.0
3552,Li2Si2O5,0.030664,0.031308,0.02899,1.1156,0.1994,108,3.4.0
4117,Li2Si2O5,0.030842,0.031592,0.029269,1.1075,0.1835,54,3.4.0
3540,Li2SnO3,0.047114,0.051985,0.045811,1.0569,0.0795,72,3.4.0
27231,Li2TeO3,0.044218,0.044958,0.043485,1.0337,0.0841,72,3.4.0
2530,Li2Te,0.060785,0.063059,0.047805,1.555,0.577,9,3.4.0
756294,Li2Ti2O5,0.041534,0.039939,0.040252,1.0636,0.1123,54,3.4.0
772049,Li2Ti2O5,0.041512,0.040524,0.040183,1.0662,0.1,108,3.4.0
2931,Li2TiO3,0.03666,0.048149,0.034948,1.0981,0.2882,72,3.4.0
4002,Li2ZrF6,0.055445,0.05633,0.049278,1.2503,0.1366,27,3.4.0
3216,Li2ZrN2,0.031204,0.032975,0.032669,0.9102,0.3027,15,3.4.0
4156,Li2ZrO3,0.045525,0.051193,0.043099,1.1126,0.1489,36,3.4.0
757,Li3As,0.059515,0.05793,0.059227,1.0097,0.1222,24,3.4.0
985585,Li3ClO,0.051941,0.055304,0.048443,1.1447,0.2178,15,3.4.0
3887,Li3GaN2,0.032168,0.040611,0.033796,0.9038,0.2533,144,3.4.0
2251,Li3N,0.039311,0.039649,0.038507,1.0415,0.0789,12,3.4.0
2341,Li3N,0.035665,0.039506,0.036532,0.9526,0.1496,24,3.4.0
2878,Li3PO4,0.031821,0.032159,0.029744,1.1396,0.1546,96,3.4.0
736,Li3P,0.050324,0.051159,0.048108,1.092,0.1395,24,3.4.0
5769,Li3SbO4,0.040721,0.045152,0.037952,1.1459,0.191,48,3.4.0
2074,Li3Sb,0.056499,0.058872,0.060731,0.8606,0.3167,12,3.4.0
3151,Li3TaO4,0.041273,0.049962,0.037879,1.1791,0.1952,96,3.4.0
4558,Li4GeO4,0.037254,0.03841,0.036499,1.0414,0.1413,54,3.4.0
30249,Li4GeS4,0.061139,0.064851,0.062443,0.9582,0.107,108,3.4.0
4426,Li4SeO5,0.03627,0.039797,0.036203,1.0037,0.1625,60,3.4.0
4657,Li5GaO4,0.034977,0.043594,0.034939,1.0022,0.2111,240,3.4.0
3838,Li5ReN4,0.035298,0.037259,0.032491,1.1728,0.2061,60,3.4.0
3503,Li6WN4,0.03344,0.035814,0.031046,1.1542,0.2644,66,3.4.0
4604,Li7VN4,0.027363,0.035519,0.026709,1.049,0.387,288,3.4.0
4527,Li8SnO6,0.035257,0.040851,0.036404,0.937,0.1991,45,3.4.0
3427,LiAlO2,0.035721,0.035694,0.032938,1.169,0.0975,48,3.4.0
4586,LiAlTe2,0.067055,0.089631,0.072925,0.839,0.4881,24,3.4.0
3660,LiB3O5,0.025206,0.025253,0.024791,1.0334,0.116,108,3.4.0
3635,LiBO2,0.026257,0.026168,0.026385,0.9903,0.2192,48,3.4.0
23259,LiBr,0.100439,0.114111,0.093731,1.1431,0.3805,6,3.4.0
1378,LiC,0.025226,0.033897,0.027462,0.8381,0.5404,12,3.4.0
753946,LiCoS2,0.029603,0.044219,0.032896,0.7987,0.5594,12,3.4.0
4226,LiCrS2,0.029828,0.133394,0.033038,0.8377,0.6944,12,3.4.0
5127,LiCuO,0.039359,0.045656,0.040474,0.945,0.3615,36,3.4.0
15791,LiErS2,0.063733,0.075872,0.064479,0.9773,0.3674,12,3.4.0
35591,LiErS2,0.083712,0.086979,0.081724,1.0487,0.109,24,3.4.0
35205,LiErSe2,0.11071,0.120095,0.109987,1.0132,0.1634,24,3.4.0
1138,LiF,0.033208,0.041822,0.0286,1.3095,0.6007,6,3.4.0
3647,LiGaS2,0.042087,0.054083,0.048835,0.7237,0.4419,48,3.4.0
5488,LiInO2,0.055029,0.055407,0.052399,1.1003,0.0793,24,3.4.0
2659,LiN3,0.022447,0.033184,0.025549,0.7578,0.7052,12,3.4.0
3368,LiNb3O8,0.043341,0.049965,0.03923,1.2096,0.1495,144,3.4.0
3924,LiNbO2,0.0282,0.037894,0.029898,0.8863,0.3784,24,3.4.0
3731,LiNbO3,0.040953,0.047937,0.038852,1.1083,0.2105,30,3.4.0
37605,LiNdSe2,0.121426,0.129743,0.123036,0.9739,0.1554,24,3.4.0
2412,LiP5,0.049763,0.053711,0.051641,0.9273,0.2428,72,3.4.0
9143,LiPF6,0.036807,0.037593,0.025851,1.8476,0.5056,24,3.4.0
3524,LiPN2,0.027036,0.028203,0.022987,1.3533,0.2212,24,3.4.0
3980,LiSbF6,0.049362,0.053063,0.048708,1.0269,0.2787,24,3.4.0
4995,LiSbO3,0.041514,0.042443,0.039279,1.1138,0.0991,60,3.4.0
3666,LiTaO3,0.042352,0.045069,0.042258,1.0045,0.162,30,3.4.0
3700,LiYF4,0.053411,0.057197,0.054157,0.9725,0.1289,36,3.4.0
3941,LiYF4,0.051621,0.05749,0.052322,0.9732,0.1772,36,3.4.0
1427,Lu2O3,0.046802,0.04933,0.045199,1.0708,0.2788,120,3.4.0
2826,Lu2S3,0.085949,0.087101,0.082271,1.0892,0.1534,30,3.4.0
7193,Lu2Si2O7,0.035622,0.035699,0.036313,0.9619,0.1941,33,3.4.0
3200,Lu2Ti2O7,0.049038,0.049514,0.049008,1.0012,0.0849,66,3.4.0
554282,Lu3B5O12,0.029851,0.030105,0.029415,1.0297,0.0508,240,3.4.0
755804,Lu6TeO12,0.046533,0.048489,0.046802,0.9885,0.163,57,3.4.0
7560,LuBO3,0.029917,0.028619,0.033498,0.7855,0.2857,30,3.4.0
2940,LuPO4,0.030815,0.029743,0.031872,0.9336,0.3287,36,3.4.0
756704,LuTa3O9,0.045686,0.044134,0.045541,1.0063,0.1153,78,3.4.0
3872,Mg(AlS2)2,0.059029,0.062226,0.054565,1.1636,0.1673,84,3.4.0
3582,Mg(BC)2,0.024162,0.026613,0.023774,1.0327,0.1246,120,3.4.0
38951,Mg(GaO2)2,0.04113,0.041078,0.042041,0.9567,0.1688,42,3.4.0
4590,Mg(GaO2)2,0.039398,0.041653,0.038504,1.0467,0.1854,42,3.4.0
3319,Mg(RhO2)2,0.032741,0.04025,0.037167,0.7622,0.2361,42,3.4.0
3653,Mg(SbO3)2,0.040828,0.040625,0.037866,1.1565,0.1277,54,3.4.0
560872,Mg10Ge3(H2O9)2,0.031755,0.036701,0.030174,1.1048,0.2985,210,3.4.0
3051,Mg2GeO4,0.040079,0.041827,0.036863,1.1744,0.1298,84,3.4.0
3904,Mg2GeO4,0.035687,0.037345,0.034811,1.0503,0.2085,42,3.4.0
3933,Mg2PN3,0.031609,0.03193,0.028607,1.2099,0.1694,36,3.4.0
2895,Mg2SiO4,0.031909,0.032844,0.027169,1.3489,0.2576,84,3.4.0
1990,Mg3As2,0.079927,0.085461,0.08146,0.9623,0.1054,120,3.4.0
1559,Mg3N2,0.032741,0.042276,0.033285,0.9673,0.2575,120,3.4.0
2514,Mg3P2,0.057259,0.065017,0.059384,0.9284,0.1571,120,3.4.0
3118,Mg3TeO6,0.040201,0.041923,0.036048,1.2304,0.155,60,3.4.0
3536,MgAl2O4,0.028025,0.030995,0.028238,0.9849,0.2932,42,3.4.0
1249,MgF2,0.046706,0.047534,0.046192,1.0223,0.1253,18,3.4.0
3759,MgGeO3,0.036881,0.038819,0.035539,1.0755,0.1585,30,3.4.0
4575,MgGeO3,0.03965,0.039835,0.03685,1.152,0.1575,240,3.4.0
2589,MgO2,0.029467,0.02895,0.021664,1.7226,0.4067,36,3.4.0
1265,MgO,0.021703,0.025755,0.021319,1.0348,0.6391,6,3.4.0
384,MgP4,0.053648,0.056463,0.051937,1.0659,0.1766,30,3.4.0
1315,MgS,0.040528,0.044402,0.040152,1.0185,0.5375,6,3.4.0
3677,MgSiN2,0.031224,0.03107,0.029286,1.1323,0.0829,48,3.4.0
4321,MgSiO3,0.031214,0.032891,0.027092,1.3043,0.2506,60,3.4.0
2961,MgSiP2,0.054887,0.055742,0.053607,1.0483,0.1321,24,3.4.0
2604,MgTe2,0.066553,0.079883,0.056692,1.3484,0.5628,36,3.4.0
1039,MgTe,0.078562,0.084647,0.081852,0.9196,0.6454,12,3.4.0
3771,MgTiO3,0.038399,0.041814,0.034042,1.2561,0.2259,30,3.4.0
1434,MoS2,0.041856,0.049757,0.046302,0.8088,0.3081,9,3.4.0
154,N2,0.333637,0.416744,0.388378,0.7197,0.3935,24,3.4.0
25,N2,0.339602,0.429616,0.395814,0.7177,0.3849,24,3.4.0
2789,NO2,0.028026,0.065194,0.036906,0.5209,0.5618,54,3.4.0
31008,Na14Al4O13,0.049086,0.056432,0.047986,1.0459,0.2736,186,3.4.0
17473,Na2Al2As3,0.080755,0.088504,0.069634,1.3194,0.2765,168,3.4.0
3318,Na2BeF4,0.046843,0.037832,0.045835,1.044,0.3181,84,3.4.0
3855,Na2BeF4,0.047163,0.041516,0.046452,1.0306,0.3419,84,3.4.0
3070,Na2CO3,0.030437,0.048478,0.037445,0.6254,0.5316,36,3.4.0
771248,Na2Ge2O5,0.042692,0.046212,0.042903,0.9902,0.2732,108,3.4.0
4068,Na2GeS3,0.074993,0.081215,0.070557,1.1257,0.2588,72,3.4.0
2340,Na2O2,0.03488,0.049456,0.036909,0.89,0.5497,36,3.4.0
2352,Na2O,0.052965,0.056802,0.054735,0.9363,0.3664,9,3.4.0
4823,Na2PdC2,0.057097,0.065199,0.061043,0.8709,0.33,15,3.4.0
3622,Na2PdF4,0.063241,0.062557,0.06017,1.1021,0.1811,42,3.4.0
3143,Na2SO4,0.032222,0.036536,0.037054,0.7391,0.3023,42,3.4.0
4770,Na2SO4,0.02826,0.03116,0.029284,0.9301,0.3113,42,3.4.0
648,Na2S,0.053583,0.063902,0.055847,0.9181,0.4907,9,3.4.0
1266,Na2Se,0.08185,0.086833,0.086062,0.8997,0.3417,9,3.4.0
3193,Na2Si2O5,0.033051,0.036003,0.034348,0.9245,0.304,108,3.4.0
3775,Na2SiF6,0.048894,0.043442,0.050067,0.9531,0.188,81,3.4.0
4533,Na2SiO3,0.036495,0.039039,0.033954,1.1494,0.3502,36,3.4.0
3285,Na2Ta4O11,0.046631,0.044574,0.045883,1.0327,0.1573,102,3.4.0
2784,Na2Te,0.107555,0.109512,0.117293,0.8296,0.2667,9,3.4.0
3488,Na2Ti3O7,0.046755,0.047591,0.044219,1.1147,0.1502,72,3.4.0
18075,Na2TiF6,0.057291,0.052138,0.055751,1.0553,0.1541,81,3.4.0
17560,Na2UO4,0.055787,0.056855,0.05485,1.0341,0.2404,84,3.4.0
28830,Na2ZnBr4,0.144131,0.141403,0.138215,1.0856,0.1,84,3.4.0
3527,Na3AgO2,0.067109,0.067209,0.063743,1.106,0.1325,36,3.4.0
3416,Na3AlF6,0.059284,0.056357,0.055318,1.1434,0.131,60,3.4.0
759535,Na3Cu5O4,0.056241,0.062841,0.061383,0.8325,0.2338,144,3.4.0
473,Na3P11,0.064392,0.068397,0.064209,1.0057,0.1918,168,3.4.0
4223,Na3PO4,0.033632,0.039197,0.034981,0.9229,0.4555,192,3.4.0
1598,Na3P,0.09578,0.106682,0.099115,0.9329,0.1572,24,3.4.0
27478,Na3PaF8,0.070105,0.073089,0.066642,1.1033,0.1019,36,3.4.0
4185,Na3ScF6,0.068213,0.066935,0.06448,1.1158,0.1197,60,3.4.0
4752,Na5Al3F14,0.05572,0.056226,0.054781,1.0343,0.117,132,3.4.0
4172,Na5GeP3,0.087437,0.095551,0.078869,1.2173,0.2174,108,3.4.0
8840,Na5InO4,0.062345,0.064392,0.057698,1.1611,0.1368,60,3.4.0
3928,Na5P3O10,0.03654,0.039278,0.038706,0.8881,0.2642,108,3.4.0
8253,Na5ReO6,0.051188,0.051012,0.046842,1.1857,0.1413,36,3.4.0
3405,NaAl11O17,0.033813,0.036488,0.034131,0.9814,0.0909,174,3.4.0
3468,NaAsO2,0.051902,0.052301,0.054519,0.904,0.2385,96,3.4.0
3521,NaBF4,0.028398,0.035437,0.039363,0.4429,0.5541,36,3.4.0
3889,NaBO2,0.02632,0.027208,0.028774,0.8294,0.4187,72,3.4.0
4534,NaCO2,0.02767,0.027849,0.030034,0.8426,0.464,48,3.4.0
4360,NaCdF3,0.076292,0.080405,0.072624,1.1015,0.1178,30,3.4.0
3332,NaCrSe2,0.060868,0.104284,0.06175,0.9797,0.4807,12,3.4.0
4541,NaCuO2,0.037907,0.040317,0.03616,1.0961,0.3479,12,3.4.0
752672,NaDyO2,0.060031,0.063087,0.059296,1.0248,0.0678,48,3.4.0
3613,NaErS2,0.081483,0.088503,0.085221,0.9123,0.2171,12,3.4.0
682,NaF,0.037822,0.04449,0.037871,0.9974,0.6132,6,3.4.0
3338,NaGaO2,0.047931,0.047653,0.045449,1.1092,0.159,48,3.4.0
23268,NaI,0.156527,0.139132,0.147083,1.1284,0.4084,6,3.4.0
6712,NaLuGeO4,0.046695,0.047198,0.045321,1.0606,0.1915,84,3.4.0
2955,NaMgF3,0.058961,0.062079,0.052699,1.2377,0.1291,60,3.4.0
2964,NaNO2,0.036385,0.04322,0.042227,0.7235,0.6614,12,3.4.0
4531,NaNO3,0.030606,0.03463,0.039368,0.5551,0.479,30,3.4.0
3967,NaNO,0.03599,0.044906,0.038551,0.8671,0.3837,72,3.4.0
560032,NaNb2AsO8,0.043463,0.045465,0.043506,0.998,0.1891,144,3.4.0
3744,NaNbO2,0.04161,0.041113,0.042424,0.9617,0.1332,24,3.4.0
3136,NaNbO3,0.049522,0.06864,0.051746,0.9142,0.3113,15,3.4.0
3671,NaNbO3,0.049835,0.046851,0.0467,1.1343,0.1986,120,3.4.0
4419,NaNbO3,0.051097,0.058174,0.048392,1.112,0.2434,30,3.4.0
4514,NaNbO3,0.046959,0.048185,0.043246,1.1703,0.2368,30,3.4.0
4681,NaNbO3,0.048671,0.052761,0.045044,1.1611,0.2232,60,3.4.0
4748,NaNbO3,0.051781,0.056354,0.048562,1.1327,0.1862,60,3.4.0
8128,NaNdO2,0.063662,0.065587,0.062638,1.0328,0.0663,24,3.4.0
676360,NaNdS2,0.091882,0.09252,0.090952,1.0205,0.1661,24,3.4.0
555118,NaPO3,0.034989,0.037951,0.037877,0.8475,0.2218,180,3.4.0
558192,NaPO3,0.034446,0.038746,0.036231,0.9015,0.2369,120,3.4.0
2400,NaS,0.064378,0.079613,0.065134,0.9767,0.4476,24,3.4.0
409,NaS,0.067658,0.084685,0.072008,0.8793,0.4263,36,3.4.0
4482,NaSbO3,0.038413,0.043192,0.036394,1.1111,0.2801,30,3.4.0
7074,NaSc(SiO3)2,0.033701,0.034392,0.032561,1.07,0.2372,60,3.4.0
2402,NaSi,0.081199,0.086486,0.072563,1.2378,0.2533,48,3.4.0
555812,NaSr3BiO6,0.058574,0.059232,0.052179,1.2451,0.2511,66,3.4.0
14722,NaSrAlF6,0.057067,0.053391,0.055682,1.0497,0.141,216,3.4.0
3858,NaTaO3,0.049449,0.050826,0.046222,1.1396,0.2549,60,3.4.0
4170,NaTaO3,0.048986,0.056596,0.052533,0.8653,0.3759,15,3.4.0
4675,NaTaO3,0.049156,0.05427,0.047243,1.0807,0.2844,30,3.4.0
4699,NaTaO3,0.051006,0.051152,0.049566,1.058,0.2121,60,3.4.0
3269,NaTh2F9,0.071816,0.075971,0.069131,1.0775,0.0813,72,3.4.0
14037,NaTl2RhF6,0.063821,0.072332,0.070714,0.8054,0.512,30,3.4.0
3056,NaTlO2,0.071203,0.071256,0.071318,0.9968,0.0828,12,3.4.0
754796,NaTmO2,0.057383,0.060726,0.057319,1.0022,0.0888,48,3.4.0
3795,NaZnF3,0.071249,0.077392,0.065567,1.1733,0.1223,60,3.4.0
4824,NaZnP,0.086311,0.089176,0.076804,1.2485,0.1914,18,3.4.0
1595,Nb2O5,0.041879,0.041299,0.040349,1.0752,0.2046,21,3.4.0
604,Nb2O5,0.043159,0.044504,0.040462,1.1334,0.1653,42,3.4.0
3324,Nb2SnO6,0.04923,0.047587,0.047765,1.0613,0.1375,54,3.4.0
3926,NbAg7S6,0.102259,0.106232,0.107001,0.9114,0.1862,84,3.4.0
865280,NbAlFe2,0.029115,0.046093,0.028479,1.0452,0.6738,12,3.4.0
5621,NbCu3S4,0.06015,0.073382,0.066181,0.8177,0.2721,24,3.4.0
4043,NbCu3Se4,0.094873,0.094988,0.090028,1.1078,0.2547,24,3.4.0
821,NbO2,0.046048,0.049867,0.043434,1.1205,0.0929,144,3.4.0
3491,NbSbO4,0.049455,0.046625,0.048142,1.0545,0.13,72,3.4.0
3612,NbSbO4,0.049431,0.046786,0.048963,1.0191,0.136,72,3.4.0
953,NbZn3,0.054973,0.068235,0.055757,0.9724,0.5418,12,3.4.0
3615,Nd(BO2)3,0.026846,0.02835,0.026967,0.9911,0.1716,60,3.4.0
1045,Nd2O3,0.055063,0.05893,0.055714,0.9766,0.1714,120,3.4.0
2763,Nd2O3,0.057327,0.058652,0.055756,1.0561,0.1253,15,3.4.0
438,Nd2S3,0.080934,0.086575,0.083221,0.9451,0.1883,60,3.4.0
3211,Nd2SO2,0.062573,0.060889,0.058439,1.1415,0.1548,15,3.4.0
3727,Nd3NbO7,0.053646,0.053084,0.053262,1.0144,0.0975,66,3.4.0
3782,Nd3Sb5O12,0.053881,0.054256,0.053305,1.0216,0.1522,120,3.4.0
3374,Nd4Au2O9,0.050475,0.053655,0.0483,1.0901,0.2029,180,3.4.0
556908,Nd5As4(ClO4)3,0.053527,0.056268,0.049624,1.1573,0.2141,144,3.4.0
23183,NdCl3,0.073587,0.088614,0.0807,0.8237,0.3196,24,3.4.0
3739,NdCuSe2,0.105151,0.116059,0.11045,0.904,0.0875,48,3.4.0
254,NdF3,0.065367,0.066651,0.064021,1.042,0.0612,72,3.4.0
3196,NdGaO3,0.052448,0.053143,0.050253,1.0874,0.0582,60,3.4.0
3901,NdNbO4,0.045828,0.045385,0.043972,1.0844,0.1562,36,3.4.0
3584,NdPO4,0.030308,0.031693,0.03128,0.9379,0.3266,72,3.4.0
3694,NdPS4,0.061181,0.062489,0.061836,0.9788,0.2747,144,3.4.0
4582,NdRhO3,0.046336,0.047047,0.045446,1.0392,0.166,60,3.4.0
3203,NdTaO4,0.046967,0.04675,0.045082,1.0836,0.1283,36,3.4.0
4718,NdTaO4,0.046041,0.046876,0.045083,1.0424,0.1443,36,3.4.0
3664,NdTlS2,0.100489,0.1139,0.107632,0.8673,0.3546,12,3.4.0
111,Ne,0.539925,0.55457,0.524345,1.0769,0.1839,3,3.4.0
486,NiP2,0.045551,0.049739,0.0502,0.814,0.1992,18,3.4.0
2173,P2O5,0.028267,0.02845,0.029623,0.9085,0.202,84,3.4.0
2452,P2O5,0.028629,0.029434,0.030417,0.8824,0.183,42,3.4.0
2319,P2Os,0.04972,0.052211,0.050022,0.9879,0.1104,18,3.4.0
3006,P2Pd3S8,0.058336,0.061256,0.061956,0.8834,0.2499,39,3.4.0
730,P2Pt,0.049004,0.051254,0.047906,1.0458,0.4987,36,3.4.0
1413,P2Ru,0.040334,0.045639,0.040072,1.0131,0.2935,18,3.4.0
504748,P3Pb5ClO12,0.045448,0.054921,0.055578,0.6355,0.2789,126,3.4.0
2447,P4Se5,0.067553,0.074646,0.072577,0.8616,0.2453,108,3.4.0
3123,PPdSe,0.068529,0.067391,0.06664,1.0567,0.1731,72,3.4.0
2511,PbF2,0.103305,0.103176,0.102485,1.016,0.0717,36,3.4.0
315,PbF2,0.103196,0.10854,0.098553,1.0929,0.1534,9,3.4.0
341,PbF4,0.06392,0.069718,0.071069,0.7992,0.2859,15,3.4.0
3472,PbSO4,0.041681,0.045519,0.047551,0.7532,0.2489,72,3.4.0
2201,PbSe,0.192161,0.186145,0.181787,1.1119,0.1594,6,3.4.0
4649,PdSe2O5,0.046587,0.045662,0.047166,0.9754,0.1413,48,3.4.0
2418,PdSe2,0.097083,0.142589,0.109933,0.7661,0.185,36,3.4.0
9497,Pr2C(NO)2,0.036504,0.033215,0.038084,0.9169,0.4048,21,3.4.0
2063,Pr2O3,0.058397,0.059557,0.056524,1.066,0.1254,15,3.4.0
3236,Pr2SO2,0.063276,0.061871,0.059283,1.1347,0.1582,15,3.4.0
4764,Pr2SeO2,0.055864,0.055266,0.042423,1.6328,0.3949,15,3.4.0
4394,Pr2Sn2O7,0.050881,0.050905,0.049665,1.0489,0.0905,66,3.4.0
2980,Pr2Te4O11,0.050196,0.051848,0.050794,0.9764,0.1937,102,3.4.0
2973,Pr3Sb5O12,0.054161,0.054398,0.053604,1.0208,0.1548,120,3.4.0
3466,PrAlO3,0.043705,0.044303,0.043771,0.9969,0.0768,30,3.4.0
975666,PrBrO,0.050323,0.05288,0.042779,1.3534,0.4611,18,3.4.0
2651,PrF3,0.066287,0.067633,0.064812,1.0455,0.0646,72,3.4.0
4535,PrGaO3,0.052547,0.053668,0.05027,1.0906,0.0626,60,3.4.0
4709,PrNbO4,0.045907,0.045292,0.044119,1.081,0.1607,36,3.4.0
769173,PrOF,0.06138,0.061409,0.057865,1.1215,0.1298,18,3.4.0
4589,PrPO4,0.030159,0.031875,0.031054,0.9423,0.3332,72,3.4.0
3954,PrPS4,0.061472,0.062432,0.061889,0.9865,0.2736,144,3.4.0
17446,PrPtF7,0.045628,0.056178,0.054184,0.6842,0.365,108,3.4.0
1285,PtO2,0.02959,0.030781,0.032788,0.8049,0.3284,18,3.4.0
617,PtO2,0.029636,0.031198,0.030333,0.9525,0.519,9,3.4.0
571293,Rb2BaNb2Se11,0.126763,0.12522,0.118432,1.1407,0.1439,192,3.4.0
3009,Rb2BeF4,0.045413,0.057528,0.049964,0.8178,0.5453,84,3.4.0
4138,Rb2CO3,0.045009,0.049592,0.061312,0.4682,0.638,72,3.4.0
18556,Rb2Cd3S4,0.088799,0.100551,0.073767,1.4076,0.3048,108,3.4.0
4052,Rb2Mn3Se4,0.068449,0.082149,0.058207,1.3523,0.4359,54,3.4.0
1394,Rb2O,0.132108,0.133191,0.123703,1.1331,0.1465,9,3.4.0
2079,Rb2P3,0.090387,0.10055,0.087312,1.0705,0.4812,30,3.4.0
21461,Rb2PbO3,0.071973,0.068714,0.072122,0.9958,0.281,72,3.4.0
21489,Rb2PbO3,0.072521,0.06836,0.073456,0.9745,0.2713,36,3.4.0
4030,Rb2Pt3S4,0.078856,0.092702,0.07661,1.0586,0.3627,27,3.4.0
7929,Rb2PtS2,0.074813,0.103435,0.070041,1.1361,0.5213,15,3.4.0
3372,Rb2SO4,0.028405,0.050434,0.038758,0.4658,0.7825,84,3.4.0
4618,Rb2SeO4,0.046511,0.066752,0.054919,0.6938,0.4415,84,3.4.0
2095,Rb2Te3,0.193768,0.238598,0.180339,1.151,0.2682,60,3.4.0
756156,Rb2ZrO3,0.061133,0.061656,0.064265,0.9023,0.2644,36,3.4.0
849527,Rb3InO3,0.082097,0.082621,0.082291,0.9953,0.3281,84,3.4.0
3719,Rb3NbS4,0.094114,0.10494,0.099768,0.8867,0.4629,96,3.4.0
558170,Rb3PO4,0.047194,0.054989,0.058454,0.6147,0.4557,96,3.4.0
17220,Rb3TaS4,0.094592,0.10615,0.101138,0.8705,0.4717,96,3.4.0
769294,Rb8SnO6,0.088533,0.087201,0.08644,1.0484,0.339,90,3.4.0
3419,RbAuF4,0.062605,0.074224,0.077245,0.6209,0.3016,36,3.4.0
3032,RbBF4,0.029786,0.057099,0.047579,0.2521,0.7443,72,3.4.0
3654,RbCaF3,0.076678,0.088579,0.079946,0.92,0.3181,15,3.4.0
23949,RbCaH3,0.031788,0.036953,0.038954,0.6343,0.4729,15,3.4.0
569764,RbCu2I3,0.191612,0.19195,0.176815,1.1674,0.1116,72,3.4.0
10985,RbCu3S2,0.077152,0.101395,0.068092,1.2652,0.4011,36,3.4.0
7477,RbErO2,0.055598,0.061721,0.05197,1.1396,0.333,12,3.4.0
1888,RbGe,0.136903,0.169728,0.107967,1.537,0.4229,192,3.4.0
697144,RbH2N,0.035567,0.037996,0.047671,0.4922,0.4492,24,3.4.0
6300,RbHgSbSe3,0.15559,0.153894,0.141997,1.1915,0.1678,72,3.4.0
743,RbN3,0.043497,0.063632,0.060575,0.4334,0.7187,24,3.4.0
555018,RbNa2AuO2,0.077532,0.079499,0.080917,0.9163,0.262,36,3.4.0
10834,RbNd2CuS4,0.076993,0.086314,0.06454,1.3864,0.3899,48,3.4.0
5808,RbNdTe2,0.150316,0.171542,0.152413,0.9724,0.2975,12,3.4.0
4135,RbPO3,0.034541,0.032878,0.039439,0.7516,0.3281,60,3.4.0
4035,RbReO4,0.039789,0.055227,0.056387,0.4112,0.5297,36,3.4.0
3404,RbSO3,0.036625,0.046215,0.046063,0.5903,0.3921,90,3.4.0
4721,RbSb3Se5,0.141276,0.15736,0.130832,1.1596,0.2272,108,3.4.0
7650,RbScO2,0.058132,0.05977,0.057905,1.0078,0.1286,24,3.4.0
8145,RbScO2,0.059597,0.061057,0.059354,1.008,0.1159,12,3.4.0
1074,RbSi,0.09645,0.117235,0.102042,0.8904,0.3909,192,3.4.0
3033,RbTaO3,0.050994,0.050729,0.053043,0.9227,0.186,60,3.4.0
652046,Re3S4Br,0.056556,0.066142,0.062246,0.8172,0.2179,96,3.4.0
190,ReO3,0.044237,0.048079,0.044973,0.9662,0.122,12,3.4.0
1716,Rh2O3,0.025149,0.031093,0.030341,0.6577,0.4153,60,3.4.0
542734,Rh2O3,0.028905,0.033874,0.033398,0.7317,0.3259,30,3.4.0
2068,RhF3,0.045032,0.049857,0.041866,1.1512,0.2075,24,3.4.0
2030,RuS2,0.033345,0.046574,0.036555,0.8244,0.3951,36,3.4.0
1247,Sb2Ir,0.07493,0.097698,0.079145,0.8935,0.3028,36,3.4.0
1999,Sb2O3,0.054528,0.060987,0.053246,1.0481,0.2037,60,3.4.0
2136,Sb2O3,0.052307,0.053236,0.053687,0.9486,0.0975,60,3.4.0
1705,Sb2O5,0.041408,0.040242,0.039946,1.0732,0.1483,42,3.4.0
2809,Sb2S3,0.097543,0.100981,0.096646,1.0185,0.0985,60,3.4.0
2160,Sb2Se3,0.141621,0.146155,0.139669,1.0279,0.076,60,3.4.0
759707,Sb4O5F2,0.057698,0.058308,0.058305,0.9792,0.1204,132,3.4.0
768372,SbBrO,0.073729,0.069769,0.082804,0.7808,0.2989,108,3.4.0
1880,SbF3,0.067625,0.061268,0.069858,0.936,0.2021,24,3.4.0
8630,SbIrS,0.070515,0.067655,0.060994,1.3115,0.304,36,3.4.0
1819,SbO2,0.046188,0.045592,0.044295,1.0852,0.1139,36,3.4.0
230,SbO2,0.046342,0.045612,0.044327,1.0909,0.1181,72,3.4.0
3439,SbPO4,0.034674,0.034854,0.037701,0.8394,0.2162,36,3.4.0
3930,Sc2MnS4,0.069705,0.067397,0.066836,1.0863,0.1644,42,3.4.0
216,Sc2O3,0.035884,0.04436,0.034761,1.0644,0.3201,120,3.4.0
401,Sc2S3,0.051841,0.07076,0.055102,0.8817,0.3007,60,3.4.0
11022,ScAgO2,0.044457,0.054555,0.046824,0.8994,0.3096,24,3.4.0
973185,ScAgO2,0.04434,0.053149,0.046524,0.9082,0.3141,12,3.4.0
4471,ScAlO3,0.034119,0.036827,0.034319,0.9884,0.1836,60,3.4.0
3642,ScCuO2,0.040002,0.049711,0.043287,0.849,0.2851,24,3.4.0
4636,ScCuO2,0.041307,0.050114,0.044504,0.8592,0.2623,12,3.4.0
4661,ScOF,0.04495,0.048006,0.041794,1.1511,0.1763,36,3.4.0
4662,ScOF,0.044949,0.048005,0.041792,1.1511,0.1763,36,3.4.0
4200,ScPO4,0.028031,0.026381,0.025578,1.1917,0.4081,36,3.4.0
726,SeO2,0.043988,0.044873,0.045001,0.9549,0.1923,72,3.4.0
147,Se,0.124883,0.124054,0.117675,1.1226,0.0964,18,3.4.0
28712,Si2Hg6O7,0.047293,0.054656,0.053268,0.7759,0.3381,45,3.4.0
4497,Si2N2O,0.025644,0.026764,0.02422,1.1176,0.2007,30,3.4.0
17123,Si2Os,0.048231,0.053129,0.051675,0.8667,0.163,72,3.4.0
569815,Si2Ru,0.038102,0.049642,0.039228,0.9426,0.3319,72,3.4.0
2245,Si3N4,0.023856,0.025872,0.023298,1.0479,0.2069,84,3.4.0
988,Si3N4,0.023661,0.025333,0.022675,1.0869,0.2284,42,3.4.0
2084,Si5Ir3,0.058507,0.061275,0.056197,1.0822,0.1146,192,3.4.0
3273,Si5P6O25,0.027442,0.028121,0.026403,1.0787,0.1954,108,3.4.0
1863,SiAs,0.057031,0.056534,0.054042,1.1106,0.301,36,3.4.0
7140,SiC,0.020981,0.023537,0.023601,0.7779,0.2173,12,3.4.0
8062,SiC,0.020886,0.023691,0.023948,0.7443,0.2434,6,3.4.0
1818,SiF4,0.027622,0.045448,0.034256,0.6102,0.8276,15,3.4.0
978534,SiGe,0.026588,0.034892,0.0393,0.353,0.7805,12,3.4.0
10851,SiO2,0.029584,0.032301,0.029722,0.9907,0.1949,27,3.4.0
11684,SiO2,0.028644,0.031654,0.028595,1.0035,0.1422,72,3.4.0
12787,SiO2,0.02886,0.031928,0.029452,0.9597,0.1628,54,3.4.0
15078,SiO2,0.029087,0.031582,0.029354,0.9819,0.1822,162,3.4.0
16964,SiO2,0.029792,0.03071,0.029917,0.9916,0.1785,108,3.4.0
17909,SiO2,0.028965,0.029905,0.029608,0.9566,0.1602,108,3.4.0
546546,SiO2,0.028983,0.029538,0.028946,1.0026,0.1257,27,3.4.0
553993,SiO2,0.028587,0.028678,0.028812,0.9844,0.1598,144,3.4.0
555740,SiO2,0.028119,0.030175,0.028041,1.0056,0.191,72,3.4.0
6922,SiO2,0.029589,0.032355,0.029725,0.9909,0.1949,27,3.4.0
6945,SiO2,0.029088,0.029516,0.029343,0.9827,0.193,36,3.4.0
7000,SiO2,0.028802,0.030112,0.029377,0.9608,0.1715,27,3.4.0
7029,SiO2,0.029107,0.029531,0.029364,0.9826,0.193,36,3.4.0
7087,SiO2,0.026192,0.031771,0.026515,0.9759,0.2948,36,3.4.0
8059,SiO2,0.028671,0.031201,0.028869,0.9863,0.1732,72,3.4.0
8352,SiO2,0.026535,0.055732,0.028105,0.8867,0.2822,18,3.4.0
2488,SiOs,0.065961,0.059825,0.060125,1.1941,0.1626,24,3.4.0
4769,SiP2O7,0.026685,0.030754,0.025407,1.1006,0.2126,120,3.4.0
2798,SiP,0.042287,0.046552,0.045699,0.8507,0.2813,72,3.4.0
149,Si,0.038366,0.043632,0.044522,0.7225,0.3418,6,3.4.0
165,Si,0.03846,0.044011,0.045091,0.7053,0.3621,12,3.4.0
1745,Sm2O3,0.058576,0.058871,0.057803,1.0267,0.072,45,3.4.0
218,Sm2O3,0.053463,0.056737,0.053863,0.9852,0.1897,120,3.4.0
1403,Sm2S3,0.080092,0.084908,0.08189,0.9561,0.2048,60,3.4.0
5598,Sm2SO2,0.06101,0.059532,0.056942,1.1428,0.1555,15,3.4.0
2883,Sm2Sn2O7,0.050322,0.050017,0.049037,1.0523,0.0881,66,3.4.0
3073,Sm2Te4O11,0.049901,0.051081,0.050006,0.9958,0.1862,102,3.4.0
3335,Sm2Ti2O7,0.050142,0.050653,0.049459,1.0275,0.057,66,3.4.0
4408,Sm2Zr2O7,0.051631,0.051547,0.051611,1.0008,0.128,66,3.4.0
21604,Sm3InS6,0.082531,0.085137,0.084827,0.9459,0.1505,120,3.4.0
3154,Sm3Sb5O12,0.05334,0.054045,0.052894,1.0168,0.1499,120,3.4.0
754217,SmIO,0.061221,0.063753,0.056172,1.1809,0.4235,18,3.4.0
3831,SmPO4,0.030626,0.031501,0.03174,0.9298,0.3129,72,3.4.0
3897,SmPS4,0.060784,0.062848,0.061866,0.965,0.2786,144,3.4.0
3317,SmRhO3,0.044594,0.046266,0.043925,1.0305,0.177,60,3.4.0
3756,SmTaO4,0.045697,0.046785,0.044727,1.0433,0.1443,36,3.4.0
1509,Sn2S3,0.088301,0.090042,0.08663,1.0386,0.1145,60,3.4.0
1443,Sn3F8,0.069614,0.065662,0.071702,0.9418,0.1733,66,3.4.0
2843,SnF2,0.091618,0.085617,0.089235,1.0534,0.1256,72,3.4.0
2706,SnF4,0.050106,0.054299,0.052444,0.9109,0.2839,15,3.4.0
571146,SnICl,0.168461,0.167095,0.153151,1.1999,0.1348,36,3.4.0
856,SnO2,0.03992,0.038793,0.036333,1.1971,0.2141,18,3.4.0
2097,SnO,0.067462,0.071085,0.066479,1.0296,0.103,12,3.4.0
4252,SnPS3,0.067143,0.076371,0.075434,0.7802,0.3138,60,3.4.0
2231,SnS,0.080134,0.096585,0.076367,1.0986,0.4704,24,3.4.0
665,SnSe2,0.111971,0.119353,0.114606,0.9539,0.1984,9,3.4.0
691,SnSe,0.126116,0.139644,0.127896,0.9722,0.2908,24,3.4.0
11919,Sr(BeN)2,0.029402,0.032859,0.029526,0.9915,0.2234,30,3.4.0
4157,Sr(NO3)2,0.021559,0.031541,0.026326,0.638,0.6691,108,3.4.0
3765,Sr(PO3)2,0.032495,0.03109,0.034836,0.8656,0.1776,216,3.4.0
4578,Sr2GeS4,0.083567,0.097904,0.083403,1.0038,0.2475,42,3.4.0
14283,Sr2InF7,0.070435,0.074597,0.067534,1.0859,0.0607,120,3.4.0
10556,Sr2LiReN4,0.04317,0.04122,0.044954,0.9206,0.2404,48,3.4.0
3870,Sr2Nb2O7,0.049254,0.050848,0.048744,1.0209,0.1521,66,3.4.0
20222,Sr2NbInO6,0.05425,0.054097,0.051976,1.0875,0.1713,60,3.4.0
4103,Sr2Sb2O7,0.04758,0.04707,0.04688,1.0299,0.1293,66,3.4.0
18510,Sr2SiO4,0.037181,0.039735,0.037413,0.9876,0.3598,84,3.4.0
3376,Sr2SnO4,0.057426,0.06004,0.058479,0.9633,0.2237,21,3.4.0
4287,Sr2SnO4,0.05678,0.053712,0.053916,1.1065,0.1969,84,3.4.0
17057,Sr2SnSe3F2,0.105022,0.109138,0.098088,1.1414,0.1354,96,3.4.0
770419,Sr2Zr7O16,0.047228,0.050502,0.044295,1.1324,0.0829,75,3.4.0
4632,Sr3(PO4)2,0.032908,0.041422,0.034632,0.9006,0.3097,39,3.4.0
558642,Sr3Bi(ClO)3,0.077371,0.07661,0.075364,1.0533,0.2638,120,3.4.0
17149,Sr3ErRhO6,0.054194,0.053876,0.046518,1.3298,0.2076,66,3.4.0
1853,Sr3P14,0.05453,0.057857,0.055339,0.9708,0.3347,102,3.4.0
3349,Sr3Ti2O7,0.052336,0.060983,0.048586,1.1529,0.2216,36,3.4.0
3956,Sr3UO6,0.06112,0.057513,0.059458,1.0559,0.1472,60,3.4.0
8877,Sr4Al6SO12,0.039027,0.042449,0.041562,0.8782,0.2119,69,3.4.0
4598,Sr4PtO6,0.056629,0.05733,0.051448,1.2014,0.1891,66,3.4.0
3094,SrAl2O4,0.038457,0.040559,0.038529,0.9963,0.1387,84,3.4.0
3788,SrAl4O7,0.036491,0.037238,0.035168,1.0753,0.1037,72,3.4.0
2630,SrC2,0.061601,0.085685,0.071777,0.7167,0.379,9,3.4.0
3822,SrCO3,0.022092,0.02464,0.02512,0.7589,0.5817,60,3.4.0
21228,SrCuSeF,0.104041,0.107894,0.098283,1.1174,0.1255,24,3.4.0
981,SrF2,0.061223,0.06219,0.06313,0.9384,0.2785,9,3.4.0
1244,SrGe2,0.125462,0.123696,0.102667,1.4441,0.2198,72,3.4.0
3378,SrHfO3,0.053195,0.053237,0.051461,1.0674,0.2228,60,3.4.0
3721,SrHfO3,0.052201,0.060043,0.052666,0.9821,0.2542,30,3.4.0
4551,SrHfO3,0.054601,0.068047,0.060452,0.8108,0.2681,15,3.4.0
4673,SrHfO3,0.054644,0.053561,0.055121,0.9827,0.1997,60,3.4.0
540688,SrIn2O4,0.056137,0.053831,0.052984,1.119,0.1411,84,3.4.0
7756,SrLiSb,0.061402,0.060862,0.038094,2.2237,0.5692,36,3.4.0
2131,SrN6,0.020852,0.030418,0.030897,0.3498,0.8301,42,3.4.0
4591,SrNb2O6,0.047342,0.047404,0.045277,1.0912,0.1279,108,3.4.0
2697,SrO2,0.066609,0.086568,0.072163,0.8495,0.3727,9,3.4.0
2472,SrO,0.070847,0.078615,0.066312,1.1361,0.1656,6,3.4.0
12622,SrPdF4,0.059001,0.060286,0.058605,1.0135,0.2008,36,3.4.0
1950,SrS2,0.061124,0.074519,0.067239,0.8184,0.415,18,3.4.0
1175,SrS3,0.074417,0.096277,0.08367,0.7793,0.3775,24,3.4.0
1087,SrS,0.086954,0.091712,0.089618,0.9406,0.2068,6,3.4.0
770771,SrSc2O4,0.046041,0.049031,0.045385,1.0289,0.1843,84,3.4.0
3395,SrSeO3,0.04251,0.053285,0.045287,0.8778,0.3628,30,3.4.0
4092,SrSeO4,0.033994,0.039623,0.037673,0.8047,0.4593,72,3.4.0
2758,SrSe,0.070082,0.082879,0.073637,0.9037,0.55,6,3.4.0
4549,SrSiN2,0.035797,0.037512,0.036558,0.9583,0.1829,48,3.4.0
3978,SrSiO3,0.035302,0.035891,0.036419,0.9387,0.2844,90,3.4.0
2879,SrSnO3,0.054037,0.053136,0.050675,1.1327,0.1567,60,3.4.0
3252,SrTe3O8,0.048971,0.049289,0.048607,1.015,0.0593,72,3.4.0
4274,SrTeO4,0.046715,0.045434,0.046153,1.0244,0.1258,72,3.4.0
1958,SrTe,0.1154,0.124135,0.120969,0.9081,0.3504,6,3.4.0
4651,SrTiO3,0.049787,0.0561,0.04826,1.0633,0.2114,30,3.4.0
3446,SrTm2O4,0.056379,0.054014,0.054149,1.0824,0.1574,84,3.4.0
3311,SrUO4,0.054671,0.053333,0.055281,0.9779,0.2387,72,3.4.0
558616,SrZnP2O7,0.033223,0.03404,0.035074,0.8944,0.2127,132,3.4.0
3626,SrZrO3,0.0561,0.055404,0.055837,1.0094,0.1494,60,3.4.0
4387,SrZrO3,0.054842,0.055342,0.053067,1.0669,0.1711,60,3.4.0
10390,Ta2O5,0.044059,0.042638,0.043463,1.0275,0.1298,42,3.4.0
4425,Ta2Pt3Se8,0.092934,0.100961,0.099081,0.8759,0.1368,78,3.4.0
4624,TaBO4,0.031319,0.031198,0.030085,1.0819,0.1131,36,3.4.0
4081,TaCu3Se4,0.093446,0.097581,0.101363,0.8437,0.2767,24,3.4.0
3102,TaCuS3,0.071536,0.073029,0.07126,1.0077,0.1362,60,3.4.0
4165,TaNO,0.038883,0.039196,0.038265,1.0323,0.1217,36,3.4.0
510,TaO2,0.046655,0.04929,0.045229,1.0629,0.1073,144,3.4.0
1056,Tb2O3,0.051177,0.053989,0.051075,1.004,0.2258,120,3.4.0
2457,Tb2O3,0.056253,0.05618,0.055467,1.0283,0.08,45,3.4.0
4602,Tb2Ti2O7,0.049616,0.050411,0.049201,1.0168,0.0755,66,3.4.0
20606,Tb3In5S12,0.087115,0.088332,0.086353,1.0176,0.1018,120,3.4.0
3551,TbAgTe2,0.163959,0.168636,0.163858,1.0012,0.0795,24,3.4.0
4434,TbAlO3,0.040861,0.040985,0.040116,1.0371,0.1297,60,3.4.0
3248,TbAsO4,0.03826,0.040272,0.039266,0.9486,0.3342,36,3.4.0
11347,TbF3,0.06048,0.062712,0.058306,1.0746,0.1053,48,3.4.0
4340,TbPO4,0.030888,0.030154,0.032257,0.9151,0.3671,36,3.4.0
4672,TbPS4,0.060381,0.063356,0.062063,0.9458,0.2803,144,3.4.0
10782,TbRbSe2,0.127033,0.139505,0.130817,0.9421,0.1576,12,3.4.0
569507,TbTlSe2,0.132122,0.16069,0.140988,0.8742,0.3658,12,3.4.0
602,Te2Mo,0.102009,0.094152,0.095331,1.1394,0.1258,18,3.4.0
554952,Te2Pb3(ClO3)2,0.067336,0.06996,0.073295,0.8373,0.2663,78,3.4.0
484,Te3As2,0.152027,0.162855,0.147716,1.0586,0.1008,30,3.4.0
1875,TeF6,0.033234,0.080643,0.034038,0.9524,0.8486,84,3.4.0
2125,TeO2,0.052269,0.050224,0.051758,1.0197,0.1084,72,3.4.0
2739,TeO2,0.051115,0.050505,0.05171,0.9771,0.1644,36,3.4.0
557,TeO2,0.051116,0.050501,0.051713,0.9771,0.1645,36,3.4.0
2552,TeO3,0.040581,0.038377,0.035813,1.2662,0.213,24,3.4.0
1666,Th2S5,0.077953,0.081991,0.078006,0.9986,0.1342,84,3.4.0
2392,Th2Se5,0.099435,0.174765,0.098882,1.0112,0.3468,84,3.4.0
7768,Th2SeN2,0.042411,0.04992,0.034163,1.482,0.4159,15,3.4.0
467,Th3N4,0.056378,0.058142,0.056524,0.9948,0.185,21,3.4.0
27697,ThI4,0.190915,0.205954,0.190803,1.0012,0.1252,60,3.4.0
643,ThO2,0.054997,0.051991,0.05467,1.012,0.1474,9,3.4.0
1146,ThS2,0.082135,0.085146,0.081301,1.0205,0.1517,36,3.4.0
5836,ThSiO4,0.035447,0.036153,0.036214,0.9577,0.2865,36,3.4.0
7651,ThSiO4,0.035045,0.035864,0.036074,0.943,0.2523,72,3.4.0
4733,ThTi2O6,0.046549,0.047749,0.04588,1.0291,0.0423,54,3.4.0
504427,Ti3PbO7,0.048019,0.047646,0.04651,1.0649,0.0792,66,3.4.0
866154,TiBeIr2,0.053786,0.053366,0.048856,1.2018,0.4724,12,3.4.0
924130,TiNiSn,0.053565,0.067661,0.064952,0.6488,0.3486,9,3.4.0
1439,TiO2,0.040067,0.042341,0.037385,1.1435,0.1656,36,3.4.0
1840,TiO2,0.041792,0.043891,0.038881,1.1497,0.1214,72,3.4.0
2657,TiO2,0.045001,0.044519,0.043515,1.0683,0.0765,18,3.4.0
390,TiO2,0.044054,0.044045,0.042947,1.0514,0.0987,18,3.4.0
775938,TiO2,0.043013,0.048571,0.041293,1.0833,0.1197,108,3.4.0
753048,TiSnO4,0.044918,0.044825,0.042646,1.1065,0.0571,54,3.4.0
17986,TiTl2O3,0.05964,0.055919,0.066249,0.8005,0.2639,72,3.4.0
667,Tl2S,0.138843,0.157384,0.133493,1.0802,0.3522,81,3.4.0
543028,Tl2TeO3,0.078658,0.082997,0.094721,0.6608,0.3429,144,3.4.0
4584,Tl3BO3,0.053577,0.079384,0.07141,0.5005,0.5264,42,3.4.0
4160,Tl3PSe4,0.138395,0.154698,0.158228,0.7493,0.3839,96,3.4.0
23380,Tl3PbI5,0.286938,0.317075,0.270009,1.1254,0.1462,108,3.4.0
4762,TlAg3S2,0.133674,0.137606,0.142885,0.8711,0.1893,72,3.4.0
29238,TlAgSe,0.184469,0.209176,0.149187,1.473,0.3352,36,3.4.0
5874,TlAgTe,0.210766,0.246613,0.166173,1.5367,0.3485,36,3.4.0
28442,TlAs5S8,0.087678,0.089955,0.088154,0.9892,0.1169,168,3.4.0
28809,TlBS3,0.048286,0.056872,0.056001,0.7245,0.3384,60,3.4.0
2632,TlF3,0.074387,0.074827,0.07202,1.0657,0.0566,48,3.4.0
2175,TlF,0.18771,0.207413,0.184828,1.0302,0.2175,6,3.4.0
720,TlF,0.136968,0.133624,0.136415,1.0081,0.1753,24,3.4.0
3785,TlGaTe2,0.165518,0.159534,0.157846,1.0975,0.2172,24,3.4.0
3075,TlGeS2,0.098679,0.099829,0.108006,0.8273,0.1858,96,3.4.0
870,TlN3,0.062793,0.084069,0.091475,0.3729,0.6552,24,3.4.0
541487,TlPt2Se3,0.095836,0.110813,0.105437,0.8179,0.2499,36,3.4.0
3267,TlSb5S8,0.10346,0.107071,0.102478,1.0192,0.0838,168,3.4.0
39,Tl,0.196851,0.422379,0.411506,1.1123,0.3933,3,3.4.0
4324,Tm2CdS4,0.087111,0.086967,0.086231,1.0203,0.1957,42,3.4.0
1767,Tm2O3,0.04805,0.050604,0.046993,1.0449,0.2639,120,3.4.0
2309,Tm2S3,0.080152,0.083868,0.08099,0.9793,0.2159,60,3.4.0
3556,Tm2SO2,0.05664,0.055534,0.052848,1.1432,0.1764,15,3.4.0
3334,Tm2Sn2O7,0.048797,0.049217,0.048088,1.0295,0.1128,66,3.4.0
558534,Tm3B5O12,0.030079,0.030339,0.029636,1.0299,0.0496,240,3.4.0
640324,TmCuPbSe3,0.131494,0.14083,0.135783,0.9368,0.1239,72,3.4.0
2275,UF6,0.064337,0.068219,0.073916,0.7408,0.4467,84,3.4.0
1776,UN2,0.047421,0.061236,0.045662,1.0774,0.1233,9,3.4.0
375,UO3,0.055404,0.065599,0.056526,0.9595,0.3255,12,3.4.0
3516,UTeO5,0.047755,0.051076,0.049009,0.9488,0.1819,84,3.4.0
3762,VCu3S4,0.055859,0.055516,0.061819,0.8072,0.3261,24,3.4.0
224,WS2,0.026307,0.034991,0.030489,0.7275,0.6996,18,3.4.0
1821,WSe2,0.063012,0.078289,0.071332,0.7681,0.2959,18,3.4.0
753917,Y2HfO5,0.051642,0.051347,0.049406,1.0905,0.0774,48,3.4.0
755537,Y2HfO5,0.050448,0.050871,0.048203,1.0931,0.0895,48,3.4.0
2652,Y2O3,0.048739,0.052725,0.048713,1.0011,0.1439,120,3.4.0
541289,Y2S3,0.074894,0.083686,0.078041,0.9194,0.1716,90,3.4.0
17404,Y2Si2O7,0.033131,0.035114,0.03294,1.0116,0.2889,132,3.4.0
3520,Y2SiO5,0.038264,0.038425,0.038225,1.0021,0.2372,96,3.4.0
3370,Y2Sn2O7,0.048694,0.048632,0.045972,1.1182,0.1191,66,3.4.0
3050,Y3Al5O12,0.037969,0.039204,0.03533,1.1494,0.1112,240,3.4.0
5409,Y4Al2O9,0.043833,0.04558,0.042258,1.0746,0.1405,180,3.4.0
30250,YAgO2,0.051604,0.058501,0.054173,0.9052,0.2266,24,3.4.0
3792,YAlO3,0.039867,0.040452,0.039526,1.0173,0.1426,60,3.4.0
2918,YCuO2,0.048353,0.054058,0.051361,0.8829,0.248,24,3.4.0
10533,YCuS2,0.07791,0.080887,0.074617,1.0883,0.3282,48,3.4.0
2416,YF3,0.055114,0.05919,0.052232,1.1103,0.201,48,3.4.0
3637,YOF,0.05342,0.053314,0.048192,1.2178,0.1288,18,3.4.0
23220,YbCl2,0.111726,0.111494,0.109571,1.0393,0.0861,72,3.4.0
570418,YbI2,0.191523,0.217294,0.196763,0.9466,0.2038,9,3.4.0
1216,YbO,0.045524,0.058251,0.039146,1.3258,0.4935,6,3.4.0
1820,YbS,0.044498,0.049546,0.044925,0.981,0.6313,6,3.4.0
286,YbSe,0.122425,0.126225,0.129528,0.8903,0.1781,6,3.4.0
1779,YbTe,0.135902,0.148722,0.148499,0.8305,0.2307,6,3.4.0
3188,Zn(SbO3)2,0.041997,0.040991,0.038411,1.1866,0.1501,54,3.4.0
3789,Zn2SiO4,0.033734,0.034601,0.035775,0.8859,0.3113,126,3.4.0
3502,Zn2Te3O8,0.050541,0.051466,0.050582,0.9984,0.1205,78,3.4.0
14921,Zn4B6SeO12,0.02902,0.030004,0.028709,1.0217,0.1083,69,3.4.0
1873,ZnF2,0.066092,0.066184,0.061306,1.1563,0.0955,18,3.4.0
2979,ZnGeN2,0.039718,0.034807,0.037845,1.099,0.2736,48,3.4.0
4524,ZnGeP2,0.036561,0.05084,0.048859,0.4966,0.6256,24,3.4.0
1986,ZnO,0.040865,0.039033,0.041893,0.951,0.3839,6,3.4.0
2133,ZnO,0.040687,0.039079,0.04234,0.9219,0.3567,12,3.4.0
1392,ZnP2,0.060031,0.056779,0.058383,1.0565,0.1853,72,3.4.0
2782,ZnP2,0.061022,0.058293,0.05886,1.0735,0.1745,72,3.4.0
3342,ZnPS3,0.056251,0.061432,0.06249,0.8003,0.33,30,3.4.0
10281,ZnS,0.041088,0.055101,0.057308,0.4339,0.6887,24,3.4.0
9946,ZnS,0.041672,0.056234,0.056909,0.4645,0.6492,36,3.4.0
18373,ZnSe2O5,0.044836,0.044925,0.044381,1.0205,0.2677,96,3.4.0
1190,ZnSe,0.068961,0.095158,0.083031,0.6607,0.5043,6,3.4.0
380,ZnSe,0.068474,0.096965,0.082891,0.6521,0.5188,12,3.4.0
3595,ZnSiAs2,0.047893,0.075502,0.058501,0.6367,0.516,24,3.4.0
4763,ZnSiP2,0.053038,0.055113,0.053095,0.9978,0.1927,24,3.4.0
4175,ZnSnP2,0.031867,0.049259,0.048252,0.3209,0.8734,24,3.4.0
2176,ZnTe,0.103304,0.116657,0.125614,0.6448,0.4886,6,3.4.0
4325,Zr(SO4)2,0.029865,0.031912,0.031194,0.9148,0.2296,132,3.4.0
277,Zr3N4,0.045044,0.044739,0.04377,1.0582,0.0745,84,3.4.0
23162,ZrCl2,0.054403,0.073163,0.058393,0.8645,0.3447,9,3.4.0
8042,ZrGeO4,0.039843,0.040381,0.036002,1.2137,0.1573,36,3.4.0
924129,ZrNiSn,0.053299,0.069884,0.057549,0.8511,0.4278,9,3.4.0
2574,ZrO2,0.045556,0.046506,0.042854,1.126,0.1108,18,3.4.0
2858,ZrO2,0.043924,0.045311,0.041577,1.1129,0.0872,36,3.4.0
1186,ZrS2,0.072502,0.0684,0.07398,0.9599,0.2461,9,3.4.0
756361,ZrSeO,0.053101,0.057268,0.044089,1.4088,0.4017,36,3.4.0
4820,ZrSiO4,0.029232,0.031009,0.026591,1.1989,0.3514,36,3.4.0
4759,ZrTe3O8,0.048747,0.049733,0.049653,0.9636,0.1539,144,3.4.0
