mp_id,material,gamma_morse_kavg,gamma_morse_avg,gamma_morse_max,a_morse_avg,ar_morse_avg
4691,Ag2CO3,0.3798,0.345,0.5058,0.3189,0.6899
11641,Ag2SeO4,0.3806,0.305,0.4079,0.2889,0.61
4431,Ag3AsS3,0.597,0.4294,0.7425,0.286,0.8587
4515,Ag3SbS3,0.4099,0.3194,0.5208,0.2091,0.6389
5563,Ag5GeO4,0.3019,0.2753,0.4212,0.1882,0.5506
4004,Ag5SbS4,0.2407,0.2416,0.283,0.1664,0.4831
570340,AgAuCl4,0.7688,0.5431,0.9382,0.3136,1.0861
22894,AgI,0.3772,0.3661,0.3867,0.2148,0.7321
3414,AgSbF6,1.4017,0.9025,1.5733,0.8266,1.8049
3922,AgSbS2,0.5652,0.354,0.6703,0.2231,0.7079
625739,Al(HO)3,0.2967,0.2759,0.4706,0.2637,0.5517
4417,Al2(SO4)3,0.9624,0.762,1.0926,0.8541,1.5239
3159,Al2CdSe4,0.5974,0.5085,0.7182,0.3177,1.017
3807,Al2CdSe4,0.5811,0.5761,0.7196,0.3288,1.1522
3038,Al2HgSe4,0.4917,0.3865,0.5346,0.2539,0.773
1143,Al2O3,0.7265,0.5804,0.8436,0.4745,1.1607
2254,Al2O3,0.8564,0.7349,1.1303,0.5597,1.4699
23995,Al2P3(HO3)3,0.413,0.2588,0.5292,0.2377,0.5176
2654,Al2S3,0.4106,0.4045,0.4999,0.2756,0.809
4753,Al2SiO5,0.5144,0.3852,0.6383,0.3526,0.7704
2908,Al2ZnO4,0.4944,0.4685,0.5943,0.4234,0.9371
1591,Al4C3,0.8566,0.8221,1.0798,0.6079,1.6442
3281,Al5BO9,0.298,0.253,0.3735,0.2277,0.506
2172,AlAs,0.7228,0.741,0.7964,0.4778,1.482
3098,AlCuO2,0.4489,0.3563,0.5701,0.3153,0.7125
3748,AlCuO2,0.5692,0.5054,0.651,0.4641,1.0109
8016,AlCuSe2,0.4704,0.4624,0.586,0.2795,0.9248
1323,AlF3,0.3173,0.29,0.3813,0.2588,0.58
468,AlF3,0.4426,0.3981,0.5149,0.357,0.7962
23933,AlH3,0.4953,0.4139,0.5834,0.3821,0.8277
1700,AlN,0.6906,0.7086,0.8272,0.5785,1.4171
661,AlN,0.6447,0.6591,0.7,0.5526,1.3181
3955,AlPO4,0.4903,0.4254,0.569,0.4378,0.8508
4051,AlPO4,0.5833,0.5352,0.6928,0.5672,1.0703
1550,AlP,0.7099,0.7285,0.7873,0.4863,1.4571
2624,AlSb,0.7818,0.803,0.8723,0.4747,1.6061
3751,AlTlF4,0.288,0.2355,0.3357,0.2061,0.471
1581,As2O3,0.3721,0.3712,0.4467,0.3282,0.7423
1582,As2O3,0.3629,0.3607,0.4352,0.3209,0.7213
2184,As2O3,0.7405,0.6839,0.7751,0.6345,1.3677
2455,As2Os,0.3438,0.3472,0.3596,0.2802,0.6944
766,As2Ru,0.3397,0.3442,0.3618,0.2785,0.6884
909,As2Se3,0.3041,0.3074,0.3522,0.2065,0.6148
942,AuF3,0.7722,0.771,0.7838,0.6703,1.542
306,B2O3,0.4961,0.4801,0.6419,0.4871,0.9602
717,B2O3,0.467,0.437,0.595,0.4176,0.874
696746,B4C,0.6419,0.5425,0.6719,0.6284,1.085
624,B6As,0.7359,0.7146,0.7433,0.7582,1.4292
1346,B6O,0.679,0.6036,0.7149,0.7349,1.2073
3277,BAsO4,0.7693,0.8558,1.1008,0.6334,1.7117
4674,BNF8,1.1995,0.7388,1.6551,0.4591,1.4777
984,BN,0.5023,0.519,0.5664,0.5519,1.0379
3589,BPO4,0.966,1.0316,1.3085,0.7595,2.0631
1479,BP,0.7262,0.7464,0.8141,0.6013,1.4928
160,B,0.5009,0.5009,0.5009,0.5708,1.0017
4255,Ba(CuS)2,0.5611,0.4732,0.7432,0.2984,0.9463
4473,Ba(CuSe)2,0.2425,0.2313,0.2635,0.1645,0.4626
17928,Ba(ErTe2)2,0.4341,0.3209,0.5456,0.1704,0.6418
4396,Ba(NO3)2,0.8492,0.5168,0.9182,0.4548,1.0337
2983,Ba(PN2)2,0.8782,0.5445,0.9728,0.4495,1.0889
4727,Ba(SbSe2)2,0.3452,0.2863,0.4383,0.1692,0.5725
17501,Ba(ScTe2)2,0.3375,0.2838,0.38,0.1563,0.5676
756725,Ba2CaI6,0.3732,0.3785,0.3963,0.1675,0.7571
16904,Ba2CdTe3,0.2206,0.227,0.2555,0.1187,0.4539
21879,Ba2CePtO6,0.4676,0.3996,0.5749,0.3396,0.7991
555284,Ba2NdAlO5,0.2765,0.2439,0.3182,0.1421,0.4878
3359,Ba2SnO4,0.4041,0.3918,0.4482,0.2994,0.7836
14552,Ba2SrUO6,0.2443,0.2044,0.2798,0.1632,0.4088
3397,Ba2TiO4,0.3206,0.3141,0.342,0.2615,0.6283
558629,Ba2ZnSi2O7,0.4648,0.388,0.6157,0.2327,0.7761
3813,Ba2ZrS4,0.5674,0.4437,0.718,0.2806,0.8873
3857,Ba3(PO4)2,0.5893,0.4329,0.6713,0.4446,0.8657
2911,Ba3(SnP2)2,0.3534,0.3073,0.4685,0.1755,0.6146
3361,Ba3Al2F12,0.2541,0.2381,0.2732,0.2094,0.4762
524,Ba3As14,0.2369,0.2003,0.2477,0.1421,0.4006
16978,Ba3MgSb2O9,0.3459,0.2671,0.3842,0.2236,0.5341
1195,Ba3P14,0.2461,0.19,0.2556,0.151,0.3801
755363,Ba3SiO,0.3489,0.3005,0.4428,0.1736,0.601
9668,Ba3TiS5,0.3943,0.353,0.4239,0.2456,0.706
6795,Ba5Ho8Zn4O21,0.3773,0.3464,0.4245,0.2787,0.6927
3563,Ba5Nb4O15,0.3737,0.3428,0.4261,0.2828,0.6856
3828,BaAl2O4,0.5397,0.4659,0.66,0.3973,0.9317
4202,BaAl2O4,0.272,0.2418,0.3567,0.196,0.4836
4376,BaAlF5,0.4868,0.4455,0.5879,0.3664,0.891
28049,BaBrCl,0.2685,0.2408,0.37,0.1227,0.4816
4559,BaCO3,0.7719,0.6028,0.795,0.5874,1.2056
5504,BaCO3,0.2836,0.2544,0.3773,0.2164,0.5088
23199,BaCl2,0.2481,0.2485,0.2555,0.14,0.4971
568662,BaCl2,0.4745,0.4876,0.531,0.2444,0.9752
1029,BaF2,0.2868,0.2626,0.3126,0.1857,0.5252
4309,BaGa4S7,0.3809,0.2877,0.4801,0.1822,0.5754
2139,BaGe2,0.3092,0.2839,0.3295,0.1984,0.5677
3848,BaGe4O9,0.4357,0.3577,0.5258,0.3069,0.7154
3915,BaHgO2,0.4719,0.4287,0.4937,0.3435,0.8575
752656,BaLa2O4,0.3272,0.2941,0.4315,0.1777,0.5882
1707,BaN6,0.302,0.2912,0.3093,0.3547,0.5825
2892,BaNd2O4,0.3477,0.2708,0.4375,0.1877,0.5416
1105,BaO2,0.3775,0.3751,0.3831,0.3912,0.7501
1342,BaO,0.6017,0.543,0.6396,0.3453,1.0861
684,BaS2,0.2966,0.2853,0.3278,0.2311,0.5707
239,BaS3,0.4689,0.3898,0.5183,0.3301,0.7797
3164,BaSO4,0.676,0.5619,0.7016,0.5712,1.1238
1500,BaS,0.6919,0.657,0.726,0.3587,1.314
3564,BaSc2O4,0.6732,0.575,0.7342,0.4632,1.1499
1253,BaSe,0.7104,0.6773,0.7439,0.3573,1.3547
555387,BaSi2(BO4)2,0.3834,0.3068,0.5553,0.215,0.6135
3031,BaSi2O5,0.3054,0.2325,0.3849,0.1995,0.465
1477,BaSi2,0.3355,0.3318,0.3413,0.2364,0.6637
3777,BaSiN2,0.3539,0.2908,0.4606,0.2393,0.5816
1000,BaTe,0.7043,0.6792,0.733,0.3372,1.3584
3943,BaTi2O5,0.6059,0.4,0.7092,0.3212,0.8
3175,BaTi4O9,0.4231,0.3171,0.5292,0.249,0.6342
2998,BaTiO3,0.6593,0.5037,0.8193,0.3877,1.0075
3952,BaY2O4,0.2577,0.2382,0.3306,0.1691,0.4764
6089,BaZn2(PO4)2,0.2931,0.2616,0.3489,0.25,0.5231
3881,BaZnF4,0.7265,0.6257,0.8879,0.4839,1.2514
4236,BaZnO2,0.4071,0.3513,0.5383,0.2646,0.7026
3104,BaZrN2,0.2516,0.2395,0.2782,0.1856,0.4791
1569,Be2C,0.3631,0.3441,0.3918,0.347,0.6881
3347,Be2SiO4,0.507,0.4423,0.5819,0.3855,0.8845
3081,BeAl2O4,0.357,0.3415,0.4721,0.287,0.683
2542,BeO,0.5531,0.5287,0.6924,0.4787,1.0573
422,BeS,0.5842,0.5996,0.6488,0.4522,1.1993
1541,BeSe,0.556,0.5298,0.5749,0.392,1.0597
252,BeTe,0.6808,0.6973,0.7467,0.4547,1.3947
23237,BiF3,0.2703,0.2698,0.2905,0.2112,0.5396
568388,BiI,0.5205,0.5144,0.533,0.2995,1.0287
23074,BiOF,0.5229,0.4502,0.5775,0.3591,0.9004
759825,BiOF,0.6042,0.4599,0.8173,0.2932,0.9199
1167,CF4,0.9942,1.1283,1.6312,0.8238,2.2566
990448,C,0.8801,0.8801,0.8801,1.2386,1.7601
4555,Ca(AsO3)2,0.5577,0.4571,0.6313,0.4124,0.9142
2898,Ca(AuO2)2,0.3812,0.3052,0.448,0.253,0.6105
3417,Ca(BO2)2,0.3175,0.314,0.3992,0.2941,0.6281
558543,Ca(CO2)2,0.6766,0.3493,0.8775,0.2773,0.6986
9570,Ca(CdP)2,0.6726,0.6497,0.8947,0.394,1.2995
9564,Ca(MgAs)2,0.5043,0.3872,0.573,0.2618,0.7743
3142,Ca(NO3)2,1.075,0.621,1.1569,0.5674,1.242
18642,Ca(YS2)2,0.3308,0.2611,0.4257,0.1619,0.5222
3859,Ca2B2O5,0.2143,0.2384,0.4956,0.2063,0.4768
4155,Ca2Nb2O7,0.5672,0.5092,0.6212,0.4372,1.0183
4180,Ca2SiO4,0.3223,0.3168,0.3394,0.2919,0.6335
4481,Ca2SiO4,0.3455,0.3186,0.3818,0.2998,0.6373
4747,Ca2SnO4,0.3062,0.2933,0.3745,0.237,0.5867
3575,Ca3(BO3)2,0.3874,0.3014,0.4576,0.2807,0.6028
17817,Ca3(GeP2)2,0.428,0.2892,0.5366,0.1699,0.5784
3487,Ca3(PO4)2,0.921,0.7044,1.0479,0.7278,1.4089
4192,Ca3AsN,0.4127,0.3735,0.592,0.2096,0.747
1047,Ca3N2,0.467,0.4697,0.478,0.3237,0.9393
844,Ca3N2,0.5957,0.5274,0.6311,0.3617,1.0548
3932,Ca3Si2O7,0.4046,0.3623,0.4851,0.334,0.7245
4163,Ca3Ti2O7,0.4079,0.3335,0.52,0.2729,0.667
8568,Ca4PtO6,0.6048,0.5238,0.7423,0.4531,1.0476
3080,Ca5(Ga3O7)2,0.6602,0.6044,0.716,0.5249,1.2088
14600,CaAl2O4,0.4343,0.2926,0.5336,0.2361,0.5852
2963,CaAl2O4,0.9124,0.5089,1.0175,0.4306,1.0179
966582,CaAlH5,0.301,0.2732,0.4122,0.1909,0.5464
722262,CaB3H3O7,0.269,0.1932,0.6188,0.1454,0.3864
1575,CaC2,0.3795,0.3742,0.3863,0.4422,0.7484
2482,CaC2,0.5173,0.4541,0.5465,0.5657,0.9081
917,CaC2,0.3649,0.3014,0.386,0.3886,0.6029
4124,CaCN2,0.9559,0.7715,1.4508,0.5976,1.5429
3953,CaCO3,0.6222,0.5935,1.0074,0.4423,1.187
4626,CaCO3,0.3695,0.2849,0.4662,0.2681,0.5697
2741,CaF2,0.3107,0.286,0.3382,0.2307,0.5721
3707,CaGe2O5,0.459,0.4273,0.4902,0.3784,0.8547
4279,CaGe2O5,0.3472,0.244,0.4257,0.2033,0.4881
642725,CaHClO,0.4329,0.3773,0.473,0.2675,0.7546
676,CaN6,0.2414,0.205,0.2456,0.2729,0.41
2605,CaO,0.6865,0.66,0.7158,0.4796,1.32
11007,CaPSe3,0.3606,0.2673,0.4783,0.1746,0.5346
8161,CaPdF4,0.353,0.3317,0.3899,0.2766,0.6633
3082,CaSO4,0.3931,0.376,0.4594,0.369,0.7521
4406,CaSO4,0.2552,0.1997,0.295,0.215,0.3994
1672,CaS,0.7191,0.7039,0.7399,0.4304,1.4078
4056,CaSc2O4,0.3566,0.2739,0.4473,0.2142,0.5478
1415,CaSe,0.7248,0.6978,0.7552,0.4115,1.3955
4782,CaSnF6,0.5044,0.4735,0.5927,0.3943,0.947
4190,CaSnO3,0.2653,0.2432,0.3049,0.2022,0.4863
4438,CaSnO3,0.4842,0.4047,0.6234,0.3174,0.8094
3079,CaTa4O11,0.3271,0.2692,0.3572,0.2319,0.5384
1519,CaTe,0.771,0.7314,0.8093,0.4039,1.4627
3442,CaTiO3,0.8717,0.6134,1.0754,0.5076,1.2267
4019,CaTiO3,0.3986,0.2823,0.4944,0.2295,0.5645
3960,CaUO4,0.3302,0.3328,0.4017,0.2759,0.6655
3443,Cd(GaO2)2,0.4406,0.423,0.4692,0.384,0.846
4452,Cd(GaS2)2,0.3541,0.353,0.447,0.2486,0.706
3772,Cd(GaSe2)2,0.4976,0.3975,0.5427,0.2595,0.795
4659,Cd(PO3)2,0.364,0.3186,0.4311,0.3091,0.6372
3917,Cd2GeO4,0.4317,0.3906,0.5179,0.3403,0.7812
4530,Cd2SiO4,0.5514,0.4893,0.6204,0.4584,0.9786
27899,Cd3AsCl3,0.5444,0.4453,0.6676,0.2458,0.8907
4385,CdCO3,0.8037,0.672,1.2109,0.4764,1.3439
241,CdF2,0.3933,0.3586,0.4289,0.2904,0.7172
2951,CdGeO3,0.5477,0.4349,0.6896,0.3655,0.8699
3668,CdGeP2,0.5734,0.4598,0.7813,0.2964,0.9196
2310,CdO2,0.2626,0.2626,0.2627,0.2903,0.5251
402,CdP2,0.2698,0.2438,0.2947,0.2097,0.4877
913,CdP2,0.2555,0.2551,0.28,0.2141,0.5102
2469,CdS,0.746,0.7671,0.8841,0.4725,1.5343
672,CdS,0.5464,0.5607,0.6541,0.3441,1.1214
1070,CdSe,0.5514,0.5671,0.6527,0.3347,1.1343
2691,CdSe,0.7558,0.7785,0.8839,0.4613,1.5569
3078,CdSiAs2,0.673,0.6392,0.8258,0.3891,1.2785
4666,CdSiP2,0.5375,0.4782,0.5771,0.3178,0.9565
754329,CdSnO3,0.7071,0.4872,0.8768,0.3133,0.9744
849371,CdSnO3,0.6038,0.4024,0.757,0.2428,0.8047
406,CdTe,0.7413,0.7091,0.7654,0.4151,1.4182
2956,Co2(GeS)3,0.4331,0.3378,0.4755,0.2514,0.6756
2994,Co2(GeTe)3,0.4277,0.3427,0.4429,0.236,0.6854
16363,CoAsS,0.4323,0.3619,0.5493,0.2667,0.7238
4627,CoAsS,0.5259,0.3987,0.6566,0.2966,0.7975
4338,Cr2CdS4,0.5124,0.4557,0.6194,0.3652,0.9115
4182,CrAgS2,0.5821,0.4563,0.6874,0.3329,0.9125
3779,CrSiTe3,0.5708,0.4697,0.7569,0.3059,0.9393
7232,Cs2HgO2,0.7117,0.6273,0.9624,0.4071,1.2547
13634,Cs2LiAl3F12,0.5463,0.3157,0.6563,0.2228,0.6313
989405,Cs2LiInBr6,0.6346,0.4399,0.79,0.1909,0.8798
23752,Cs2MgH4,0.1997,0.1976,0.2263,0.1465,0.3951
2884,Cs2Mn3S4,0.3578,0.3063,0.3977,0.2155,0.6127
3704,Cs2Mn3Se4,0.3237,0.2947,0.359,0.2122,0.5895
30062,Cs2PtBr6,0.6631,0.4833,0.7719,0.3283,0.9666
23060,Cs2PtI6,0.6403,0.5144,0.758,0.3202,1.0287
4047,Cs2SiF6,0.5022,0.4155,0.5742,0.3924,0.831
23405,Cs2TeBr6,0.5756,0.476,0.6662,0.2962,0.9521
23465,Cs2TeCl6,0.6085,0.5449,0.6902,0.3514,1.0898
573763,Cs2Te,0.3101,0.3105,0.3252,0.1447,0.6209
3247,Cs2TiS3,0.4243,0.3922,0.4523,0.272,0.7843
638729,Cs2ZrCl6,0.8627,0.5559,1.0085,0.2807,1.1118
574070,Cs4Pb9,0.4873,0.2604,0.5211,0.1285,0.5208
2667,CsAu,0.5476,0.4925,0.598,0.2599,0.9851
3977,CsB3O5,0.5274,0.3942,0.6783,0.3664,0.7884
560558,CsCdAuS2,0.5986,0.3569,0.695,0.1809,0.7138
1784,CsF,0.5037,0.4712,0.5314,0.2759,0.9423
606680,CsLi2Br3,0.2747,0.2112,0.3094,0.1053,0.4223
23364,CsLiCl2,0.1843,0.1769,0.1987,0.1096,0.3538
3288,CsNO2,0.7008,0.6452,1.1643,0.4661,1.2904
505321,CsNb(CuTe2)2,0.327,0.2814,0.5188,0.1361,0.5628
582146,CsNb4Cl11,0.3482,0.2446,0.5107,0.1266,0.4892
984872,CsPb2Cl5,0.6493,0.493,0.7939,0.219,0.9859
11118,CsPrCdSe3,0.4545,0.3159,0.5977,0.1775,0.6319
9080,CsPrS2,0.5331,0.4954,0.5886,0.2904,0.9909
2969,CsSbSe2,0.3563,0.323,0.4357,0.1859,0.6461
7212,CsSmHgSe3,0.5696,0.3759,0.7499,0.2136,0.7518
30164,CsSn2Cl5,0.2035,0.1772,0.2347,0.1119,0.3545
361,Cu2O,0.9285,0.839,1.2071,0.589,1.678
3934,Cu3PS4,0.6479,0.6144,0.9425,0.3332,1.2287
22913,CuBr,0.5086,0.5209,0.5577,0.3424,1.0419
22914,CuCl,0.6917,0.6343,0.8613,0.4092,1.2686
22895,CuI,0.6333,0.646,0.6806,0.4007,1.2919
32750,CuI,0.6331,0.6442,0.7727,0.3853,1.2883
927,CuP2,0.3062,0.2594,0.3212,0.2343,0.5189
4468,CuSbS2,0.4447,0.2936,0.5263,0.1919,0.5873
28741,CuSe3Br,0.2677,0.2117,0.3684,0.129,0.4235
3261,Dy(BO2)3,0.7418,0.5144,0.8078,0.4729,1.0289
3611,Dy2Hf2O7,0.5447,0.5158,0.6037,0.4379,1.0316
2345,Dy2O3,0.4941,0.4242,0.5315,0.3419,0.8484
1270,Dy2S3,0.3028,0.3035,0.3086,0.2019,0.6069
752405,Dy2SiO5,0.3645,0.3315,0.3825,0.2288,0.6631
768317,Dy2SiO5,0.3988,0.3955,0.4626,0.2585,0.7909
18219,Dy2SiSeO4,0.2471,0.2322,0.2883,0.1878,0.4644
4024,DyAgTe2,0.4986,0.4912,0.5438,0.2735,0.9823
556108,DyTiClO3,0.3058,0.3006,0.3743,0.1961,0.6012
3041,Er2CdS4,0.5068,0.4707,0.6118,0.308,0.9415
2460,Er2O3,0.361,0.324,0.3885,0.2669,0.6481
679,Er2O3,0.716,0.6054,0.7697,0.4948,1.2109
2234,Er2S3,0.4506,0.4421,0.5213,0.2782,0.8842
209,Er2Se3,0.4969,0.4818,0.515,0.296,0.9637
555983,Er2SiO5,0.3974,0.3948,0.4757,0.266,0.7895
3688,Er2Sn2O7,0.6507,0.6265,0.7158,0.5343,1.2531
3384,Er3Al5O12,0.6333,0.6184,0.7099,0.5443,1.2369
4044,ErAgSe2,0.3941,0.293,0.5071,0.174,0.586
546621,ErBi2BrO4,0.3188,0.2672,0.3556,0.2104,0.5344
551250,ErBi2IO4,0.4299,0.3846,0.552,0.2364,0.7693
3457,ErP5O14,1.114,0.7592,1.1962,0.6252,1.5185
4006,ErPO4,0.3644,0.3356,0.4298,0.3216,0.6711
3444,ErTaO4,0.2432,0.2335,0.2818,0.1961,0.4671
4123,ErTlS2,0.5337,0.4795,0.581,0.3016,0.959
1522,FeS2,0.3487,0.3518,0.3621,0.3161,0.7036
226,FeS2,0.2966,0.2499,0.3163,0.2269,0.4998
1714,FeSi2,0.345,0.338,0.3676,0.2805,0.6761
4809,Ga2HgS4,0.8652,0.5505,1.058,0.3575,1.101
4730,Ga2HgSe4,0.5966,0.4588,0.7507,0.2813,0.9176
1243,Ga2O3,0.3763,0.3636,0.4476,0.3017,0.7273
886,Ga2O3,0.4738,0.4231,0.5808,0.3389,0.8462
20496,Ga2PbO4,0.5293,0.4225,0.672,0.3482,0.845
539,Ga2S3,0.8293,0.8212,1.0245,0.5442,1.6425
1340,Ga2Se3,0.9857,0.8949,1.2165,0.5515,1.7898
2371,Ga2Te5,0.4046,0.256,0.4149,0.185,0.5121
3107,Ga3PO7,0.8915,0.7335,1.1159,0.7073,1.4671
3996,GaAsO4,0.6636,0.568,0.8154,0.5204,1.1359
4280,GaCuO2,0.795,0.6569,0.9973,0.5676,1.3137
588,GaF3,0.3746,0.3382,0.4514,0.2834,0.6763
804,GaN,0.8015,0.7495,1.0016,0.5707,1.499
830,GaN,0.7626,0.7783,0.9258,0.6153,1.5566
4122,GaPO4,0.6323,0.5505,0.6818,0.5855,1.1011
2490,GaP,0.6771,0.6079,0.7097,0.4335,1.2157
2507,GaS,0.3771,0.379,0.4605,0.2528,0.7581
1572,GaSe,0.43,0.3754,0.4554,0.3068,0.7509
1943,GaSe,0.3053,0.3023,0.3094,0.2474,0.6047
10009,GaTe,0.3247,0.3186,0.3341,0.2505,0.6372
542812,GaTe,0.4017,0.3366,0.4299,0.262,0.6732
4187,Ge2N2O,0.6295,0.5753,0.788,0.4649,1.1506
223,GeO2,0.749,0.768,0.9154,0.6644,1.5361
470,GeO2,0.5714,0.5796,0.6271,0.5165,1.1591
733,GeO2,0.9951,1.0195,1.2184,0.8812,2.0391
2242,GeS,0.4908,0.4409,0.592,0.2855,0.8817
700,GeSe,0.2861,0.2018,0.2992,0.1471,0.4036
938,GeTe,0.6518,0.6614,0.7176,0.3731,1.3228
559617,HfB2O5,0.3702,0.3154,0.5216,0.2392,0.6308
1858,HfO2,0.3004,0.2984,0.3358,0.2484,0.5967
352,HfO2,0.2473,0.2445,0.2553,0.2068,0.489
985829,HfS2,0.635,0.5867,0.6718,0.4055,1.1735
4609,HfSiO4,0.3525,0.3319,0.4299,0.3149,0.6638
3810,Hg(AsO3)2,0.2989,0.2993,0.3371,0.2661,0.5986
3167,Hg2GeSe4,0.765,0.7957,1.0973,0.4056,1.5913
4710,Hg3(BO3)2,0.4414,0.2513,0.4656,0.2468,0.5026
4445,Hg3AsO4,0.1867,0.1758,0.2066,0.1648,0.3516
567949,Hg3AsSe4Br,0.3168,0.273,0.3595,0.1681,0.5459
3538,Hg3TeO6,0.8509,0.7869,0.9154,0.7318,1.5739
28590,Hg4As2I3,0.9399,0.6562,1.2155,0.4563,1.3124
29958,Hg7(PO5)2,0.2986,0.2841,0.3454,0.2701,0.5683
706,HgF,0.4138,0.3533,0.4646,0.2978,0.7066
1224,HgO,0.585,0.5888,0.5968,0.4517,1.1776
22574,HgP14Pb,0.2264,0.143,0.2287,0.1184,0.286
7293,HgPSe3,0.3585,0.3431,0.4404,0.2513,0.6861
3228,HgSO4,0.3497,0.2877,0.3968,0.3092,0.5755
634,HgS,0.5951,0.5897,0.7333,0.3705,1.1795
4284,Ho2CdSe4,0.5585,0.5145,0.6528,0.3227,1.029
812,Ho2O3,0.7936,0.6864,0.8539,0.5559,1.3728
779522,Ho2P4O13,0.3048,0.3006,0.5175,0.2177,0.6012
878,Ho2S3,0.3877,0.3867,0.4401,0.2451,0.7735
3884,Ho2Sn2O7,0.652,0.6292,0.7157,0.5351,1.2584
542514,Ho2Te4O11,0.4303,0.3579,0.5999,0.225,0.7157
1154,Ho4C7,0.2632,0.2226,0.3,0.2287,0.4453
561877,HoF3,0.5294,0.5361,0.6442,0.3621,1.0722
3144,HoNbO4,0.3093,0.2692,0.3852,0.2282,0.5383
4104,HoPO4,0.3742,0.3454,0.4411,0.3291,0.6908
4344,HoTaO4,0.3098,0.2449,0.3732,0.2061,0.4898
22323,In2O3,0.5233,0.5296,0.5661,0.4132,1.0591
2874,In2Si2O7,0.3368,0.2959,0.4249,0.2711,0.5918
556528,In4GeS4,0.7214,0.377,0.7537,0.2631,0.7539
22189,In6TeO12,0.3438,0.2801,0.3952,0.2357,0.5602
20351,InP,0.8298,0.8529,0.9863,0.5209,1.7058
19795,InS,0.4359,0.4259,0.5171,0.2769,0.8518
29236,InTeBr,0.4213,0.3752,0.4517,0.2419,0.7505
2437,IrF3,0.9085,0.8658,1.0922,0.7027,1.7316
2833,IrS2,0.3124,0.3085,0.3605,0.2225,0.6169
4351,K2B2S7,0.2352,0.1916,0.2744,0.1442,0.3832
3963,K2CO3,0.6913,0.3787,1.1265,0.2528,0.7575
6494,K2Ca(CO3)2,0.3645,0.2575,0.3815,0.2449,0.515
7534,K2Cd2O3,0.2141,0.2123,0.2302,0.1567,0.4245
27742,K2CdO2,0.269,0.2518,0.3493,0.1808,0.5035
4698,K2Ge8O17,1.0245,0.4658,1.0985,0.3882,0.9316
23956,K2MgH4,0.2045,0.204,0.2293,0.1635,0.408
4758,K2NbF7,0.4011,0.3739,0.4825,0.3247,0.7477
2672,K2O2,0.2696,0.262,0.2821,0.2769,0.524
776016,K2O,0.3212,0.3215,0.3427,0.2148,0.643
971,K2O,0.4948,0.5086,0.555,0.2886,1.0173
569967,K2PrCl5,0.422,0.3539,0.5416,0.1701,0.7078
3821,K2PtF6,0.3679,0.3034,0.4082,0.2496,0.6067
1022,K2S,0.5136,0.5272,0.5701,0.2606,1.0543
3379,K2SbF5,0.5687,0.5099,0.6071,0.4126,1.0199
3042,K2SiF6,0.5066,0.4122,0.5832,0.3971,0.8245
17730,K2SnO3,0.2348,0.2142,0.2526,0.1717,0.4284
8972,K2TaCuSe4,0.2001,0.1446,0.2289,0.0736,0.2892
3975,K2TaF7,0.4034,0.375,0.4851,0.3276,0.75
1747,K2Te,0.4666,0.4663,0.5016,0.2459,0.9325
3970,K2TiF6,0.6062,0.4567,0.6471,0.4021,0.9134
28766,K2TiS3,0.2104,0.1637,0.2382,0.1193,0.3274
3808,K2UO4,0.6692,0.5199,0.7458,0.4038,1.0398
18449,K2ZrO3,0.3147,0.2746,0.3506,0.2217,0.5492
4647,K3(Cu4Se3)2,0.5216,0.4322,0.6257,0.2332,0.8643
3797,K3AsS4,0.1668,0.1631,0.1824,0.1149,0.3261
642821,K3H5Pt,0.2753,0.1927,0.3329,0.1077,0.3854
975577,K3La(AsO4)2,0.3248,0.2463,0.419,0.135,0.4925
1568,K3P11,0.2024,0.1694,0.2142,0.1341,0.3388
17989,K3PS4,0.9074,0.3932,1.2704,0.1761,0.7864
28837,K3RhCl6,0.305,0.2678,0.3682,0.1815,0.5357
4690,K3TaO8,0.2838,0.2555,0.3446,0.2681,0.511
3529,K3VS4,0.2097,0.1984,0.2554,0.1354,0.3968
3125,K3Zn2F7,0.2495,0.2191,0.3177,0.1684,0.4381
17015,K4GeO4,0.2685,0.2493,0.3066,0.2113,0.4986
29484,K4HgAs2,0.7305,0.6843,0.8118,0.3502,1.3687
4971,K4Sn3Se8,0.3189,0.287,0.3597,0.1551,0.574
11719,K4ZnP2,0.4314,0.3442,0.4769,0.2375,0.6884
777297,K5H(CN2)2,1.1253,0.3666,1.2154,0.3461,0.7333
755633,K5Se3,0.2859,0.2766,0.3024,0.1651,0.5532
18246,K6MnTe4,0.5761,0.5581,0.742,0.2914,1.1161
3949,K7LiSi8,0.6268,0.3273,0.7193,0.2205,0.6547
568644,K9InSe7,0.2,0.1641,0.2045,0.0909,0.3281
3074,KAgO,0.7559,0.6297,1.067,0.4159,1.2594
2910,KAlF4,0.8058,0.7029,0.9557,0.586,1.4057
4266,KAsF6,0.7978,0.6789,0.857,0.6268,1.3579
713,KAs,0.6387,0.4688,0.6779,0.2678,0.9377
568986,KAuCl4,0.5511,0.3863,0.7082,0.1996,0.7725
3592,KAuS5,0.2964,0.1769,0.3106,0.1548,0.3538
3257,KAuSe5,0.3996,0.3452,0.4283,0.2011,0.6903
3919,KBO2,0.1775,0.1577,0.1871,0.1561,0.3153
23251,KBr,0.5773,0.5609,0.5977,0.2938,1.1219
4026,KCrS2,0.5891,0.5225,0.6294,0.3693,1.045
3982,KCuO2,0.5128,0.3801,0.5521,0.3499,0.7601
15785,KDyS2,0.4194,0.401,0.5375,0.2427,0.802
4326,KErS2,0.3748,0.3461,0.477,0.2117,0.6922
463,KF,0.5553,0.5334,0.5793,0.3442,1.0667
4066,KGaO2,0.3656,0.2632,0.465,0.202,0.5264
2146,KGe,0.6419,0.5003,0.7094,0.33,1.0007
556475,KLaPdO3,0.4359,0.3747,0.5138,0.221,0.7493
4495,KLiTe,0.2256,0.1613,0.2541,0.1039,0.3225
3448,KMgF3,0.2291,0.2225,0.264,0.1786,0.445
827,KN3,0.4327,0.3347,0.4394,0.4359,0.6694
545359,KNa2CuO2,0.2098,0.1842,0.2301,0.1106,0.3684
4342,KNbO3,0.6833,0.5204,0.8389,0.3914,1.0408
4608,KPF6,0.8236,0.6503,0.8703,0.6447,1.3005
4519,KPrO2,0.6408,0.5003,0.734,0.3445,1.0007
4757,KReO4,0.7124,0.5343,0.7377,0.4769,1.0685
14607,KSbO3,0.7258,0.4157,0.8159,0.3206,0.8313
11703,KSbS2,0.4157,0.3616,0.4985,0.2312,0.7232
1536,KSb,0.3233,0.2358,0.3444,0.1276,0.4715
1217,KSi,0.6443,0.488,0.7101,0.3353,0.9759
15783,KSmS2,0.5592,0.4635,0.5914,0.2829,0.9271
3614,KTaO3,0.355,0.2875,0.4492,0.226,0.575
2072,KTe,0.2422,0.2366,0.2535,0.1204,0.4731
6376,KV(CuS2)2,0.4988,0.323,0.6277,0.2206,0.646
2943,KY3F10,0.7479,0.6189,0.793,0.4898,1.2377
4658,La(BO2)3,0.3037,0.2811,0.3983,0.241,0.5621
4350,La2(SeO3)3,0.2324,0.2177,0.2756,0.1914,0.4353
756888,La2(SiO3)3,0.6192,0.3684,0.8005,0.2338,0.7367
568036,La2GaN3,0.4411,0.383,0.5672,0.2401,0.766
1968,La2O3,0.3099,0.3022,0.3237,0.2309,0.6045
2292,La2O3,0.4498,0.3536,0.4797,0.2706,0.7071
7475,La2S3,0.3495,0.3507,0.3645,0.2199,0.7015
4511,La2SO2,0.3445,0.2838,0.4084,0.1958,0.5676
4078,La2SO6,0.5996,0.471,0.8813,0.4474,0.942
5152,La2SiO5,0.1731,0.1432,0.1853,0.1207,0.2863
4086,La2Sn2O7,0.611,0.5956,0.6619,0.4807,1.1912
4547,La2TeO2,0.3814,0.3231,0.4228,0.232,0.6461
558528,La2TiZnO6,0.4618,0.3838,0.6346,0.2126,0.7677
769915,La4Ga2O9,0.3676,0.2218,0.4637,0.1362,0.4435
4412,La4Se3O4,0.5674,0.5385,0.6179,0.3667,1.077
3249,La4Ti3O12,0.3457,0.3417,0.3823,0.2899,0.6834
2920,LaAlO3,0.7307,0.5487,0.907,0.4458,1.0974
4841,LaCuS2,0.2369,0.2009,0.2776,0.133,0.4017
334,LaF3,0.413,0.4136,0.433,0.3224,0.8272
905,LaF3,0.2945,0.2951,0.3019,0.2295,0.5901
3336,LaGaO3,0.6594,0.5115,0.8265,0.4028,1.023
27979,LaI3,0.2838,0.272,0.3039,0.1542,0.5441
2804,LaP2,0.4318,0.3751,0.5009,0.2759,0.7502
200,LaP7,0.2452,0.2155,0.2531,0.1714,0.431
3962,LaPO4,0.4013,0.3847,0.4326,0.3698,0.7694
1508,LaS2,0.326,0.3239,0.3647,0.1974,0.6477
3998,LaTaO4,0.3232,0.2842,0.4014,0.2286,0.5684
4421,LaTaO4,0.2535,0.2325,0.3013,0.1962,0.4651
3297,Li10Zn4O9,0.1644,0.1603,0.1724,0.1383,0.3206
765481,Li2AgF5,0.2097,0.176,0.2666,0.1373,0.3519
4779,Li2B4O7,0.6321,0.4814,0.8503,0.4385,0.9628
4622,Li2BeF4,0.7898,0.5766,1.0295,0.5152,1.1531
3054,Li2CO3,0.66,0.4465,0.8064,0.348,0.8931
15988,Li2CuSb,0.2252,0.2221,0.2485,0.156,0.4442
841,Li2O2,0.2071,0.2081,0.215,0.1772,0.4162
1960,Li2O,0.4781,0.4918,0.566,0.3856,0.9836
760483,Li2PdO3,0.9085,0.6433,1.1121,0.4794,1.2866
1153,Li2S,0.3182,0.2927,0.3465,0.2261,0.5853
2286,Li2Se,0.3182,0.2887,0.3472,0.2124,0.5775
3552,Li2Si2O5,0.4299,0.1967,0.5168,0.1513,0.3935
4117,Li2Si2O5,0.4381,0.2412,0.5078,0.1782,0.4824
3540,Li2SnO3,0.4923,0.4404,0.5925,0.3276,0.8809
27231,Li2TeO3,0.3416,0.2741,0.4536,0.2018,0.5481
2530,Li2Te,0.3469,0.2508,0.368,0.1734,0.5017
756294,Li2Ti2O5,0.7958,0.4463,0.9398,0.3198,0.8926
772049,Li2Ti2O5,0.4042,0.1855,0.4863,0.136,0.371
2931,Li2TiO3,0.4003,0.3636,0.4559,0.2836,0.7273
4002,Li2ZrF6,0.8556,0.4883,1.0117,0.3105,0.9765
3216,Li2ZrN2,0.3699,0.3056,0.4196,0.2629,0.6113
4156,Li2ZrO3,0.5672,0.4838,0.7108,0.3555,0.9677
757,Li3As,0.274,0.2715,0.2993,0.2043,0.543
985585,Li3ClO,0.314,0.2602,0.3976,0.2139,0.5204
3887,Li3GaN2,0.3932,0.3788,0.4207,0.3305,0.7576
2251,Li3N,0.6258,0.5361,0.7485,0.4328,1.0723
2341,Li3N,0.3333,0.3129,0.3803,0.286,0.6259
2878,Li3PO4,0.553,0.3861,0.6881,0.2886,0.7723
736,Li3P,0.278,0.2749,0.3051,0.2129,0.5498
5769,Li3SbO4,0.2425,0.2172,0.2684,0.1764,0.4344
2074,Li3Sb,0.276,0.2761,0.2954,0.1825,0.5522
3151,Li3TaO4,0.6074,0.5234,0.7738,0.392,1.0468
4558,Li4GeO4,0.6269,0.3706,0.7548,0.2735,0.7413
30249,Li4GeS4,0.2023,0.1149,0.2073,0.0884,0.2299
4426,Li4SeO5,0.5695,0.4411,0.7334,0.3498,0.8821
4657,Li5GaO4,0.5373,0.341,0.7016,0.3039,0.682
3838,Li5ReN4,0.3316,0.3452,0.4951,0.2803,0.6903
3503,Li6WN4,0.3544,0.311,0.3907,0.2653,0.6219
4604,Li7VN4,0.7916,0.4569,1.0681,0.417,0.9137
4527,Li8SnO6,0.3431,0.3449,0.3987,0.2949,0.6897
3427,LiAlO2,0.2203,0.2219,0.2761,0.1719,0.4438
4586,LiAlTe2,0.6059,0.5218,0.7927,0.272,1.0436
3660,LiB3O5,0.2455,0.1798,0.3621,0.1562,0.3596
3635,LiBO2,0.359,0.2745,0.4506,0.2162,0.5491
23259,LiBr,0.5156,0.4469,0.5492,0.2933,0.8939
1378,LiC,0.2498,0.185,0.2662,0.1559,0.3701
753946,LiCoS2,0.2892,0.2108,0.3277,0.1516,0.4216
4226,LiCrS2,0.5915,0.4654,0.6591,0.3351,0.9307
5127,LiCuO,0.4951,0.4092,0.597,0.3371,0.8184
15791,LiErS2,0.4476,0.3942,0.4883,0.2418,0.7885
35591,LiErS2,0.3125,0.2904,0.3374,0.178,0.5807
35205,LiErSe2,0.2979,0.2587,0.3281,0.1538,0.5174
1138,LiF,0.5073,0.4855,0.5302,0.4215,0.9711
3647,LiGaS2,0.6285,0.5032,0.8028,0.3103,1.0064
5488,LiInO2,0.6044,0.3882,0.7197,0.2708,0.7764
2659,LiN3,0.2069,0.2049,0.2099,0.1566,0.4099
3368,LiNb3O8,0.3668,0.3062,0.4682,0.2119,0.6124
3924,LiNbO2,0.3838,0.3076,0.4811,0.2304,0.6152
3731,LiNbO3,0.5437,0.459,0.6707,0.3,0.9181
37605,LiNdSe2,0.3287,0.2339,0.405,0.1258,0.4677
2412,LiP5,0.3462,0.1918,0.3622,0.1396,0.3836
9143,LiPF6,0.8596,0.6415,1.0804,0.393,1.283
3524,LiPN2,0.6422,0.4249,0.7784,0.3086,0.8498
3980,LiSbF6,0.6944,0.6029,0.9207,0.3634,1.2058
4995,LiSbO3,0.474,0.375,0.6439,0.2872,0.75
3666,LiTaO3,0.6743,0.605,0.8385,0.421,1.21
3700,LiYF4,0.5847,0.4014,0.756,0.2635,0.8028
3941,LiYF4,0.2925,0.242,0.3819,0.1532,0.4841
1427,Lu2O3,0.4791,0.4123,0.5154,0.342,0.8247
2826,Lu2S3,0.4321,0.4362,0.4899,0.2773,0.8725
7193,Lu2Si2O7,0.4041,0.3621,0.5013,0.3256,0.7242
3200,Lu2Ti2O7,0.5379,0.5276,0.6416,0.4565,1.0551
554282,Lu3B5O12,0.472,0.3818,0.5079,0.3407,0.7637
755804,Lu6TeO12,0.6051,0.5556,0.6857,0.3402,1.1112
7560,LuBO3,0.5808,0.5276,0.8513,0.3697,1.0551
2940,LuPO4,0.367,0.3325,0.4341,0.3208,0.665
756704,LuTa3O9,0.4095,0.3589,0.4958,0.2245,0.7177
3872,Mg(AlS2)2,0.2553,0.2527,0.3175,0.1584,0.5053
3582,Mg(BC)2,0.4956,0.2616,0.5406,0.2558,0.5233
38951,Mg(GaO2)2,0.263,0.2382,0.2832,0.1905,0.4764
4590,Mg(GaO2)2,0.5551,0.524,0.6513,0.4594,1.048
3319,Mg(RhO2)2,0.8065,0.6502,0.8929,0.5761,1.3004
3653,Mg(SbO3)2,0.4672,0.3715,0.566,0.3153,0.7431
560872,Mg10Ge3(H2O9)2,0.28,0.2456,0.5958,0.2018,0.4911
3051,Mg2GeO4,0.3387,0.276,0.4317,0.2325,0.552
3904,Mg2GeO4,0.5573,0.5335,0.6771,0.4797,1.067
3933,Mg2PN3,0.4942,0.3709,0.6394,0.332,0.7418
2895,Mg2SiO4,0.3188,0.2932,0.4034,0.2673,0.5864
1990,Mg3As2,0.6153,0.486,0.659,0.3426,0.9719
1559,Mg3N2,0.6296,0.6092,0.6486,0.4512,1.2184
2514,Mg3P2,0.6224,0.525,0.6695,0.3744,1.0501
3118,Mg3TeO6,0.6836,0.6159,0.8364,0.5644,1.2318
3536,MgAl2O4,0.5066,0.4812,0.6213,0.4331,0.9624
1249,MgF2,0.4169,0.4223,0.4479,0.3588,0.8446
3759,MgGeO3,0.4508,0.3812,0.5402,0.3365,0.7624
4575,MgGeO3,0.6554,0.4375,0.7584,0.367,0.8749
2589,MgO2,0.2208,0.2203,0.2271,0.2524,0.4406
1265,MgO,0.7523,0.7497,0.7571,0.608,1.4993
384,MgP4,0.4357,0.4352,0.4361,0.2531,0.8704
1315,MgS,0.7421,0.6886,0.7848,0.4647,1.3773
3677,MgSiN2,0.2467,0.2345,0.3147,0.2098,0.469
4321,MgSiO3,0.6143,0.4946,0.7926,0.4416,0.9893
2961,MgSiP2,0.6064,0.5592,0.7855,0.3254,1.1184
2604,MgTe2,0.6823,0.6741,0.8608,0.3402,1.3482
1039,MgTe,0.6855,0.6795,0.8538,0.3685,1.359
3771,MgTiO3,0.344,0.2774,0.4487,0.2312,0.5549
1434,MoS2,0.4997,0.3549,0.5229,0.2784,0.7098
154,N2,0.6358,0.6358,0.6358,1.1442,1.2717
25,N2,0.6359,0.6359,0.6359,1.1444,1.2718
2789,NO2,0.8077,0.5243,0.8265,0.7282,1.0485
31008,Na14Al4O13,0.4594,0.3062,0.8078,0.2268,0.6124
17473,Na2Al2As3,0.2438,0.1921,0.3188,0.1206,0.3843
3318,Na2BeF4,0.3129,0.2679,0.5727,0.2007,0.5359
3855,Na2BeF4,0.3106,0.2213,0.5299,0.1588,0.4425
3070,Na2CO3,0.9605,0.6308,1.1326,0.4379,1.2617
771248,Na2Ge2O5,0.4748,0.2619,0.5964,0.1784,0.5239
4068,Na2GeS3,0.4732,0.3747,0.5827,0.2119,0.7494
2340,Na2O2,0.2222,0.2217,0.2255,0.2387,0.4433
2352,Na2O,0.5058,0.5211,0.5879,0.3401,1.0422
4823,Na2PdC2,0.4442,0.328,0.4798,0.4091,0.6561
3622,Na2PdF4,0.275,0.2518,0.3283,0.2111,0.5035
3143,Na2SO4,0.2573,0.1913,0.2964,0.2113,0.3826
4770,Na2SO4,0.5947,0.4882,0.6409,0.5129,0.9764
648,Na2S,0.4439,0.4426,0.4818,0.2915,0.8852
1266,Na2Se,0.3149,0.3037,0.3362,0.1948,0.6074
3193,Na2Si2O5,0.2025,0.1921,0.248,0.1757,0.3841
3775,Na2SiF6,0.3791,0.302,0.4064,0.2978,0.604
4533,Na2SiO3,0.2305,0.2235,0.2648,0.2056,0.447
3285,Na2Ta4O11,0.5694,0.4465,0.6049,0.3895,0.893
2784,Na2Te,0.3617,0.2895,0.3916,0.1765,0.5791
3488,Na2Ti3O7,0.393,0.2649,0.4715,0.2105,0.5298
18075,Na2TiF6,0.3876,0.3175,0.4086,0.2827,0.635
17560,Na2UO4,0.2333,0.195,0.2759,0.1719,0.3901
28830,Na2ZnBr4,0.2758,0.1955,0.3025,0.1148,0.3909
3527,Na3AgO2,0.7435,0.5043,0.9422,0.3282,1.0085
3416,Na3AlF6,0.2768,0.2457,0.3265,0.2212,0.4914
759535,Na3Cu5O4,0.2173,0.2056,0.2709,0.1617,0.4113
473,Na3P11,0.2614,0.2588,0.2702,0.1752,0.5175
4223,Na3PO4,0.4332,0.3802,0.4621,0.3782,0.7605
1598,Na3P,0.441,0.4004,0.5047,0.2614,0.8008
27478,Na3PaF8,0.4343,0.3027,0.5115,0.1866,0.6055
4185,Na3ScF6,0.5876,0.4885,0.7351,0.3865,0.977
4752,Na5Al3F14,0.9673,0.7683,1.3678,0.5853,1.5367
4172,Na5GeP3,0.3107,0.3074,0.356,0.1939,0.6149
8840,Na5InO4,0.414,0.3446,0.5383,0.2487,0.6893
3928,Na5P3O10,0.1832,0.1655,0.2096,0.1615,0.3309
8253,Na5ReO6,0.7508,0.5888,0.7774,0.5237,1.1777
3405,NaAl11O17,0.8968,0.5303,0.9689,0.3631,1.0607
3468,NaAsO2,0.2331,0.2118,0.2799,0.186,0.4237
3521,NaBF4,0.6823,0.4658,0.9657,0.3291,0.9315
3889,NaBO2,0.2125,0.1942,0.2612,0.1917,0.3885
4534,NaCO2,0.2165,0.1981,0.2267,0.2356,0.3961
4360,NaCdF3,0.3408,0.2897,0.4322,0.2207,0.5794
3332,NaCrSe2,0.5317,0.4979,0.6613,0.2846,0.9958
4541,NaCuO2,0.3642,0.2678,0.4054,0.2548,0.5357
752672,NaDyO2,0.4595,0.3905,0.5793,0.2543,0.7811
3613,NaErS2,0.4775,0.4217,0.5013,0.2445,0.8435
682,NaF,0.4176,0.4236,0.4534,0.3087,0.8472
3338,NaGaO2,0.1967,0.1776,0.2395,0.1513,0.3551
23268,NaI,0.6055,0.5604,0.6407,0.3062,1.1207
6712,NaLuGeO4,0.2299,0.199,0.3017,0.1698,0.3979
2955,NaMgF3,0.3844,0.3228,0.4793,0.266,0.6456
2964,NaNO2,0.5516,0.3547,0.5662,0.4082,0.7093
4531,NaNO3,0.9453,0.8284,1.5283,0.6291,1.6567
3967,NaNO,0.3474,0.2818,0.3999,0.3793,0.5636
560032,NaNb2AsO8,0.4067,0.3326,0.6379,0.2115,0.6653
3744,NaNbO2,0.2338,0.1851,0.2672,0.1555,0.3702
3136,NaNbO3,0.7336,0.4825,0.8873,0.3815,0.965
3671,NaNbO3,0.6015,0.4166,0.7375,0.333,0.8332
4419,NaNbO3,0.7002,0.4673,0.8545,0.3698,0.9346
4514,NaNbO3,0.7503,0.5481,0.906,0.4486,1.0961
4681,NaNbO3,0.5672,0.4035,0.702,0.3173,0.8069
4748,NaNbO3,0.6901,0.4901,0.8522,0.3922,0.9802
8128,NaNdO2,0.3775,0.2959,0.4629,0.2116,0.5918
676360,NaNdS2,0.5408,0.3597,0.6524,0.1956,0.7194
555118,NaPO3,0.4304,0.2756,0.5947,0.1945,0.5512
558192,NaPO3,0.4196,0.3496,0.5434,0.2499,0.6991
2400,NaS,0.3319,0.3001,0.3594,0.1889,0.6001
409,NaS,0.3077,0.3103,0.324,0.1907,0.6206
4482,NaSbO3,0.5388,0.4039,0.5654,0.345,0.8078
7074,NaSc(SiO3)2,0.4104,0.2599,0.5036,0.2372,0.5197
2402,NaSi,0.2191,0.1758,0.2393,0.1126,0.3517
555812,NaSr3BiO6,0.4727,0.3697,0.6574,0.2204,0.7394
14722,NaSrAlF6,0.2,0.1581,0.2416,0.1377,0.3162
3858,NaTaO3,0.4224,0.3329,0.525,0.2715,0.6658
4170,NaTaO3,0.7016,0.4685,0.8511,0.3719,0.9369
4675,NaTaO3,0.4551,0.3323,0.5646,0.2697,0.6647
4699,NaTaO3,0.6006,0.4154,0.7383,0.3322,0.8307
3269,NaTh2F9,0.2747,0.2416,0.3191,0.1929,0.4832
14037,NaTl2RhF6,0.5837,0.3606,0.6909,0.3115,0.7212
3056,NaTlO2,0.5235,0.4713,0.6953,0.3394,0.9427
754796,NaTmO2,0.5654,0.4209,0.6983,0.278,0.8418
3795,NaZnF3,0.3626,0.2799,0.4637,0.2192,0.5597
4824,NaZnP,0.3446,0.29,0.3981,0.1804,0.58
1595,Nb2O5,0.4617,0.4533,0.5105,0.3993,0.9067
604,Nb2O5,0.6455,0.6357,0.7559,0.5106,1.2714
3324,Nb2SnO6,0.529,0.4529,0.6075,0.3242,0.9059
3926,NbAg7S6,0.2112,0.132,0.2228,0.0962,0.264
865280,NbAlFe2,0.5056,0.4662,0.6463,0.2916,0.9324
5621,NbCu3S4,0.8042,0.5222,0.9762,0.3396,1.0444
4043,NbCu3Se4,0.543,0.5226,0.7285,0.3393,1.0451
821,NbO2,0.6041,0.6107,0.6379,0.502,1.2214
3491,NbSbO4,0.4063,0.3972,0.4643,0.2954,0.7944
3612,NbSbO4,0.4086,0.3217,0.5043,0.2555,0.6434
953,NbZn3,0.4304,0.429,0.446,0.3126,0.858
3615,Nd(BO2)3,0.4774,0.4723,0.6071,0.4281,0.9446
1045,Nd2O3,0.5035,0.4064,0.539,0.3156,0.8128
2763,Nd2O3,0.3796,0.3822,0.4073,0.2931,0.7644
438,Nd2S3,0.4146,0.4004,0.4824,0.2373,0.8007
3211,Nd2SO2,0.4477,0.3441,0.5045,0.2575,0.6881
3727,Nd3NbO7,0.4968,0.4457,0.6063,0.3618,0.8914
3782,Nd3Sb5O12,0.4651,0.4323,0.5286,0.3585,0.8646
3374,Nd4Au2O9,0.2427,0.2421,0.2755,0.2054,0.4842
556908,Nd5As4(ClO4)3,0.3476,0.2765,0.4383,0.1661,0.553
23183,NdCl3,0.3515,0.3394,0.3987,0.2169,0.6788
3739,NdCuSe2,0.2521,0.2033,0.2641,0.1447,0.4067
254,NdF3,0.6566,0.6133,0.751,0.4809,1.2267
3196,NdGaO3,0.3976,0.3655,0.5058,0.2913,0.7309
3901,NdNbO4,0.4182,0.3428,0.496,0.2885,0.6857
3584,NdPO4,0.4194,0.3537,0.4582,0.3495,0.7074
3694,NdPS4,0.5557,0.4217,0.7206,0.2625,0.8433
4582,NdRhO3,0.3663,0.3289,0.469,0.2561,0.6578
3203,NdTaO4,0.2444,0.2168,0.2976,0.1803,0.4336
4718,NdTaO4,0.3094,0.248,0.3746,0.2043,0.4959
3664,NdTlS2,0.3023,0.2967,0.3126,0.1826,0.5934
111,Ne,0.2781,0.2781,0.2781,0.1722,0.5561
486,NiP2,0.3269,0.3193,0.356,0.2899,0.6387
2173,P2O5,0.2477,0.2457,0.2957,0.2431,0.4914
2452,P2O5,0.7973,0.8067,0.8994,0.8178,1.6134
2319,P2Os,0.3279,0.3294,0.3353,0.2864,0.6587
3006,P2Pd3S8,0.6,0.6111,0.869,0.3807,1.2222
730,P2Pt,0.2651,0.2473,0.283,0.2154,0.4946
1413,P2Ru,0.339,0.3452,0.3736,0.3018,0.6904
504748,P3Pb5ClO12,0.6226,0.3741,0.9185,0.2188,0.7483
2447,P4Se5,0.2194,0.2195,0.2225,0.194,0.439
3123,PPdSe,0.2764,0.2358,0.3102,0.2086,0.4715
2511,PbF2,0.432,0.4282,0.4817,0.3053,0.8564
315,PbF2,0.285,0.2443,0.3112,0.1822,0.4886
341,PbF4,0.7066,0.6458,0.7996,0.5155,1.2916
3472,PbSO4,0.4831,0.4362,0.5309,0.4351,0.8725
2201,PbSe,0.7866,0.7696,0.8097,0.4369,1.5392
4649,PdSe2O5,0.31,0.2827,0.3466,0.2668,0.5654
2418,PdSe2,0.2211,0.2025,0.235,0.1597,0.405
9497,Pr2C(NO)2,0.6959,0.6265,1.1002,0.4159,1.2529
2063,Pr2O3,0.3383,0.3327,0.3499,0.2562,0.6655
3236,Pr2SO2,0.4042,0.3228,0.4385,0.2378,0.6456
4764,Pr2SeO2,0.4609,0.4129,0.5035,0.2917,0.8258
4394,Pr2Sn2O7,0.6286,0.6128,0.6723,0.4975,1.2256
2980,Pr2Te4O11,0.4334,0.3427,0.5224,0.271,0.6853
2973,Pr3Sb5O12,0.4631,0.4209,0.5296,0.3501,0.8419
3466,PrAlO3,0.6724,0.5062,0.8408,0.4167,1.0123
975666,PrBrO,0.3926,0.3903,0.5035,0.2464,0.7806
2651,PrF3,0.6025,0.5768,0.6839,0.4496,1.1536
4535,PrGaO3,0.3918,0.3352,0.4807,0.2638,0.6705
4709,PrNbO4,0.2905,0.2555,0.3574,0.2127,0.511
769173,PrOF,0.6885,0.5395,0.9358,0.3417,1.079
4589,PrPO4,0.4153,0.3506,0.4511,0.3467,0.7013
3954,PrPS4,0.5796,0.4223,0.824,0.2565,0.8446
17446,PrPtF7,0.4898,0.4084,0.5167,0.3528,0.8167
1285,PtO2,0.3825,0.3119,0.4086,0.2835,0.6237
617,PtO2,0.6098,0.4067,0.6315,0.3813,0.8134
571293,Rb2BaNb2Se11,0.3483,0.2669,0.6094,0.1345,0.5339
3009,Rb2BeF4,0.3948,0.2544,0.6688,0.1569,0.5089
4138,Rb2CO3,0.8537,0.3736,1.2658,0.2282,0.7472
18556,Rb2Cd3S4,0.2633,0.2247,0.3401,0.1349,0.4493
4052,Rb2Mn3Se4,0.3357,0.3005,0.3745,0.2196,0.601
1394,Rb2O,0.4788,0.4898,0.5215,0.2653,0.9795
2079,Rb2P3,0.351,0.3397,0.361,0.2573,0.6795
21461,Rb2PbO3,0.2425,0.1997,0.2622,0.1587,0.3993
21489,Rb2PbO3,0.2353,0.1891,0.2555,0.151,0.3782
4030,Rb2Pt3S4,0.2412,0.1664,0.2576,0.1237,0.3328
7929,Rb2PtS2,0.3153,0.2765,0.3382,0.1977,0.553
3372,Rb2SO4,0.4733,0.3931,0.4904,0.3961,0.7861
4618,Rb2SeO4,0.4954,0.3974,0.5195,0.3685,0.7948
2095,Rb2Te3,0.339,0.3264,0.3586,0.1589,0.6527
756156,Rb2ZrO3,0.4009,0.3071,0.4562,0.1843,0.6143
849527,Rb3InO3,0.413,0.4055,0.4538,0.2414,0.8111
3719,Rb3NbS4,0.2402,0.2315,0.2582,0.1553,0.463
558170,Rb3PO4,0.5289,0.4441,0.5838,0.2719,0.8881
17220,Rb3TaS4,0.2438,0.2335,0.2632,0.1573,0.4669
769294,Rb8SnO6,0.3466,0.3455,0.4296,0.2056,0.691
3419,RbAuF4,0.2855,0.1886,0.3267,0.1694,0.3772
3032,RbBF4,0.2791,0.195,0.4547,0.1395,0.39
3654,RbCaF3,1.0474,0.8402,1.1908,0.6227,1.6805
23949,RbCaH3,0.5203,0.4326,0.5859,0.3191,0.8652
569764,RbCu2I3,0.2565,0.2186,0.2856,0.1022,0.4371
10985,RbCu3S2,0.3651,0.3069,0.4849,0.1919,0.6138
7477,RbErO2,0.6435,0.509,0.745,0.3681,1.0179
1888,RbGe,0.6504,0.5093,0.7146,0.3297,1.0187
697144,RbH2N,0.5768,0.4879,0.6072,0.307,0.9758
6300,RbHgSbSe3,0.4473,0.2924,0.5507,0.1757,0.5848
743,RbN3,0.4203,0.3466,0.4266,0.4324,0.6931
555018,RbNa2AuO2,0.3501,0.2808,0.3842,0.1692,0.5617
10834,RbNd2CuS4,0.343,0.2488,0.4267,0.1588,0.4977
5808,RbNdTe2,0.5383,0.4815,0.5709,0.2258,0.9629
4135,RbPO3,0.5001,0.4096,0.5218,0.41,0.8191
4035,RbReO4,0.4435,0.3569,0.4687,0.3123,0.7138
3404,RbSO3,0.3764,0.3524,0.4072,0.3468,0.7048
4721,RbSb3Se5,0.3144,0.2234,0.3873,0.1298,0.4467
7650,RbScO2,0.2352,0.2121,0.2902,0.1589,0.4241
8145,RbScO2,0.5636,0.4208,0.708,0.3077,0.8415
1074,RbSi,0.6657,0.5075,0.7297,0.3423,1.015
3033,RbTaO3,0.6837,0.5009,0.8317,0.3974,1.0018
652046,Re3S4Br,0.2705,0.1981,0.2902,0.1573,0.3962
190,ReO3,0.7419,0.4717,0.7877,0.3785,0.9434
1716,Rh2O3,0.5207,0.5262,0.5603,0.4466,1.0524
542734,Rh2O3,0.4988,0.494,0.5065,0.4134,0.988
2068,RhF3,0.717,0.6404,0.8597,0.5197,1.2807
2030,RuS2,0.5778,0.3849,0.597,0.3347,0.7698
1247,Sb2Ir,0.2586,0.2411,0.2712,0.1755,0.4821
1999,Sb2O3,0.7185,0.6504,0.7604,0.5629,1.3008
2136,Sb2O3,0.386,0.3402,0.4515,0.2825,0.6804
1705,Sb2O5,0.4835,0.4289,0.5839,0.346,0.8578
2809,Sb2S3,0.3364,0.2919,0.3986,0.1846,0.5839
2160,Sb2Se3,0.4903,0.4063,0.5722,0.2293,0.8125
759707,Sb4O5F2,0.4418,0.287,0.5836,0.1994,0.5739
768372,SbBrO,0.1744,0.141,0.1783,0.1087,0.2821
1880,SbF3,0.455,0.3972,0.5079,0.3562,0.7944
8630,SbIrS,0.3102,0.2864,0.3451,0.2014,0.5728
1819,SbO2,0.3911,0.3801,0.4581,0.3106,0.7602
230,SbO2,0.4818,0.4783,0.5547,0.3921,0.9567
3439,SbPO4,0.3199,0.2741,0.3769,0.2673,0.5483
3930,Sc2MnS4,0.5004,0.4881,0.6178,0.3567,0.9762
216,Sc2O3,0.4286,0.3917,0.4594,0.3353,0.7833
401,Sc2S3,0.4676,0.4603,0.4783,0.3088,0.9206
11022,ScAgO2,0.2013,0.1894,0.2185,0.1712,0.3787
973185,ScAgO2,0.5183,0.5319,0.5976,0.367,1.0638
4471,ScAlO3,0.4761,0.3748,0.6129,0.3183,0.7496
3642,ScCuO2,0.1969,0.1781,0.2086,0.1709,0.3563
4636,ScCuO2,0.4362,0.3696,0.4984,0.3431,0.7392
4661,ScOF,0.2152,0.1925,0.236,0.1609,0.3851
4662,ScOF,0.2222,0.1708,0.2497,0.1455,0.3415
4200,ScPO4,0.3742,0.3454,0.4386,0.3433,0.6907
726,SeO2,0.822,0.7975,0.9531,0.7233,1.5951
147,Se,0.3406,0.3406,0.3406,0.2791,0.6811
28712,Si2Hg6O7,0.6779,0.4938,0.7668,0.466,0.9876
4497,Si2N2O,0.6259,0.6041,0.8066,0.4986,1.2082
17123,Si2Os,0.4061,0.3765,0.4484,0.2983,0.7531
569815,Si2Ru,0.3808,0.3809,0.3863,0.3017,0.7618
2245,Si3N4,0.7947,0.6649,0.9612,0.5505,1.3298
988,Si3N4,1.0365,0.9392,1.2915,0.7864,1.8785
2084,Si5Ir3,0.2803,0.2779,0.2905,0.2178,0.5559
3273,Si5P6O25,0.8644,0.8213,0.9751,0.9037,1.6426
1863,SiAs,0.2607,0.2513,0.2721,0.2129,0.5026
7140,SiC,0.745,0.7166,0.9327,0.5677,1.4331
8062,SiC,0.6993,0.7201,0.8207,0.5944,1.4402
1818,SiF4,0.6943,0.497,0.7349,0.5667,0.9939
978534,SiGe,0.7812,0.7683,0.9753,0.4836,1.5366
10851,SiO2,0.6834,0.6517,0.8555,0.6011,1.3034
11684,SiO2,0.7092,0.6269,0.876,0.5611,1.2538
12787,SiO2,0.6037,0.5603,0.7537,0.5109,1.1206
15078,SiO2,0.822,0.7904,0.8468,0.802,1.5807
16964,SiO2,0.5465,0.4797,0.6726,0.4317,0.9595
17909,SiO2,0.9429,0.9244,0.9604,0.9283,1.8489
546546,SiO2,1.1136,1.0802,1.3932,0.9961,2.1603
553993,SiO2,0.8076,0.5691,0.845,0.541,1.1382
555740,SiO2,0.5897,0.5509,0.6129,0.4917,1.1019
6922,SiO2,0.6996,0.7207,0.8041,0.6987,1.4413
6945,SiO2,0.4339,0.4469,0.5004,0.4321,0.8939
7000,SiO2,0.6997,0.7207,0.8044,0.6963,1.4415
7029,SiO2,0.6039,0.6219,0.6916,0.6024,1.2438
7087,SiO2,0.3502,0.3606,0.3999,0.3517,0.7212
8059,SiO2,1.1036,0.9565,1.1719,0.872,1.913
8352,SiO2,1.131,1.1608,1.2544,1.14,2.3215
2488,SiOs,0.4225,0.4222,0.466,0.3151,0.8444
4769,SiP2O7,0.6951,0.5567,0.8494,0.5629,1.1134
2798,SiP,0.3539,0.3615,0.3877,0.3128,0.7229
149,Si,0.6978,0.6978,0.6978,0.5931,1.3956
165,Si,0.549,0.549,0.549,0.4665,1.0979
1745,Sm2O3,0.5189,0.4582,0.5598,0.3561,0.9163
218,Sm2O3,0.5232,0.4386,0.5622,0.3445,0.8771
1403,Sm2S3,0.3919,0.3925,0.4207,0.2536,0.7851
5598,Sm2SO2,0.4242,0.3614,0.4709,0.2698,0.7227
2883,Sm2Sn2O7,0.6568,0.6397,0.7178,0.5361,1.2795
3073,Sm2Te4O11,0.3222,0.2499,0.3894,0.2035,0.4998
3335,Sm2Ti2O7,0.5821,0.5615,0.72,0.4651,1.1231
4408,Sm2Zr2O7,0.5366,0.5205,0.5796,0.4326,1.041
21604,Sm3InS6,0.2759,0.2275,0.31,0.1552,0.455
3154,Sm3Sb5O12,0.4739,0.4453,0.5374,0.3709,0.8905
754217,SmIO,0.3225,0.3029,0.3546,0.2025,0.6059
3831,SmPO4,0.4657,0.383,0.5372,0.3733,0.7661
3897,SmPS4,0.5769,0.4352,0.7464,0.2723,0.8705
3317,SmRhO3,0.5354,0.4212,0.6797,0.3261,0.8424
3756,SmTaO4,0.3107,0.2482,0.3754,0.2059,0.4963
1509,Sn2S3,0.5295,0.4407,0.6212,0.2719,0.8815
1443,Sn3F8,0.2556,0.2569,0.2905,0.2034,0.5138
2843,SnF2,0.2251,0.2263,0.2355,0.1799,0.4525
2706,SnF4,0.6853,0.6413,0.7736,0.5365,1.2826
571146,SnICl,0.2503,0.2323,0.3395,0.1312,0.4647
856,SnO2,0.6091,0.5598,0.7308,0.4404,1.1196
2097,SnO,0.624,0.5793,0.6733,0.4825,1.1586
4252,SnPS3,0.2934,0.2295,0.3757,0.1816,0.459
2231,SnS,0.4755,0.429,0.5749,0.2548,0.858
665,SnSe2,0.5473,0.5549,0.593,0.3461,1.1098
691,SnSe,0.3535,0.3406,0.4269,0.1973,0.6813
11919,Sr(BeN)2,0.3044,0.2596,0.3921,0.2365,0.5191
4157,Sr(NO3)2,0.861,0.5105,0.9302,0.4597,1.0209
3765,Sr(PO3)2,0.4385,0.3756,0.5138,0.3603,0.7511
4578,Sr2GeS4,0.3331,0.3276,0.3654,0.2287,0.6552
14283,Sr2InF7,0.2671,0.2426,0.3165,0.193,0.4852
10556,Sr2LiReN4,0.3694,0.3811,0.4436,0.2272,0.7621
3870,Sr2Nb2O7,0.5655,0.487,0.7019,0.3943,0.9739
20222,Sr2NbInO6,0.389,0.2683,0.4869,0.2164,0.5366
4103,Sr2Sb2O7,0.4828,0.3545,0.5876,0.2853,0.7091
18510,Sr2SiO4,0.3165,0.3092,0.3377,0.2851,0.6184
3376,Sr2SnO4,0.6683,0.5339,0.768,0.4338,1.0679
4287,Sr2SnO4,0.4691,0.4537,0.5557,0.2752,0.9075
17057,Sr2SnSe3F2,0.4533,0.3443,0.6866,0.1797,0.6885
770419,Sr2Zr7O16,0.5244,0.4061,0.727,0.2586,0.8123
4632,Sr3(PO4)2,0.5942,0.4431,0.6816,0.46,0.8861
558642,Sr3Bi(ClO)3,0.297,0.2289,0.4257,0.1433,0.4578
17149,Sr3ErRhO6,0.4123,0.3899,0.5005,0.3273,0.7797
1853,Sr3P14,0.2374,0.2014,0.2508,0.1609,0.4029
3349,Sr3Ti2O7,0.3343,0.2748,0.4132,0.2167,0.5496
3956,Sr3UO6,0.6335,0.6173,0.7267,0.5026,1.2346
8877,Sr4Al6SO12,0.4594,0.3986,0.4798,0.3194,0.7972
4598,Sr4PtO6,0.4819,0.4545,0.5719,0.3757,0.909
3094,SrAl2O4,0.5436,0.402,0.6883,0.3288,0.8041
3788,SrAl4O7,0.4333,0.3247,0.5362,0.2582,0.6495
2630,SrC2,0.5388,0.5272,0.5497,0.6096,1.0544
3822,SrCO3,0.2783,0.2193,0.3622,0.1993,0.4386
21228,SrCuSeF,0.2848,0.2236,0.3165,0.153,0.4472
981,SrF2,0.3234,0.2705,0.3523,0.2065,0.5411
1244,SrGe2,0.3265,0.3224,0.3352,0.2256,0.6448
3378,SrHfO3,0.3375,0.2989,0.4237,0.2335,0.5978
3721,SrHfO3,0.8167,0.5437,0.9962,0.4162,1.0875
4551,SrHfO3,0.429,0.3816,0.5323,0.2978,0.7632
4673,SrHfO3,0.5892,0.4946,0.7528,0.3843,0.9892
540688,SrIn2O4,0.3929,0.3046,0.5569,0.2036,0.6091
7756,SrLiSb,0.3544,0.2447,0.4157,0.1506,0.4895
2131,SrN6,0.4761,0.4302,0.4825,0.55,0.8605
4591,SrNb2O6,0.4061,0.259,0.4841,0.2016,0.518
2697,SrO2,0.6879,0.6685,0.7907,0.672,1.3371
2472,SrO,0.6767,0.6393,0.7115,0.4334,1.2786
12622,SrPdF4,0.307,0.264,0.3781,0.2115,0.5279
1950,SrS2,0.2943,0.2862,0.3187,0.2341,0.5724
1175,SrS3,0.4476,0.3462,0.4674,0.2922,0.6923
1087,SrS,0.7239,0.7001,0.752,0.4048,1.4001
770771,SrSc2O4,0.3196,0.2175,0.4128,0.1467,0.435
3395,SrSeO3,0.4466,0.4045,0.5216,0.3588,0.809
4092,SrSeO4,0.6161,0.4976,0.714,0.4473,0.9953
2758,SrSe,0.7336,0.7116,0.7606,0.3962,1.4233
4549,SrSiN2,0.2167,0.2224,0.2465,0.1858,0.4447
3978,SrSiO3,0.406,0.3472,0.4892,0.3159,0.6945
2879,SrSnO3,0.4829,0.4253,0.6166,0.3301,0.8506
3252,SrTe3O8,0.6331,0.4951,0.7578,0.4111,0.9903
4274,SrTeO4,0.2129,0.1981,0.2294,0.1719,0.3961
1958,SrTe,0.772,0.7443,0.8036,0.3894,1.4886
4651,SrTiO3,0.8004,0.6204,0.9983,0.4877,1.2407
3446,SrTm2O4,0.3733,0.2848,0.4684,0.2102,0.5696
3311,SrUO4,0.6082,0.5235,0.7241,0.4062,1.0469
558616,SrZnP2O7,0.2606,0.2444,0.5888,0.1545,0.4887
3626,SrZrO3,0.677,0.5005,0.8435,0.3836,1.001
4387,SrZrO3,0.3993,0.3164,0.5062,0.2377,0.6327
10390,Ta2O5,0.5406,0.5133,0.6431,0.4117,1.0267
4425,Ta2Pt3Se8,0.457,0.3839,0.5514,0.2609,0.7679
4624,TaBO4,0.4351,0.4092,0.6346,0.3591,0.8183
4081,TaCu3Se4,0.5388,0.5209,0.7212,0.3385,1.0417
3102,TaCuS3,0.4883,0.2943,0.5644,0.1972,0.5886
4165,TaNO,0.2305,0.2142,0.2547,0.1777,0.4284
510,TaO2,0.626,0.6314,0.6517,0.5242,1.2628
1056,Tb2O3,0.5079,0.4375,0.5464,0.3502,0.8749
2457,Tb2O3,0.3123,0.278,0.3366,0.2207,0.5561
4602,Tb2Ti2O7,0.5787,0.5521,0.7218,0.4616,1.1041
20606,Tb3In5S12,0.2669,0.2266,0.3393,0.1513,0.4531
3551,TbAgTe2,0.4949,0.4884,0.534,0.2715,0.9768
4434,TbAlO3,0.4279,0.3919,0.5381,0.3247,0.7838
3248,TbAsO4,0.3142,0.3004,0.3559,0.2739,0.6009
11347,TbF3,0.2105,0.2092,0.2155,0.1709,0.4185
4340,TbPO4,0.3625,0.3449,0.4114,0.3386,0.6898
4672,TbPS4,0.5903,0.4248,0.832,0.2622,0.8495
10782,TbRbSe2,0.6985,0.5523,0.8382,0.3183,1.1046
569507,TbTlSe2,0.4475,0.3792,0.4664,0.2146,0.7584
602,Te2Mo,0.5326,0.4574,0.5734,0.3097,0.9148
554952,Te2Pb3(ClO3)2,0.432,0.2825,0.6384,0.1806,0.5651
484,Te3As2,0.3724,0.3774,0.4256,0.2302,0.7549
1875,TeF6,0.7589,0.7339,0.8304,0.6916,1.4678
2125,TeO2,0.4504,0.3852,0.5388,0.2967,0.7703
2739,TeO2,0.3263,0.3306,0.3549,0.2778,0.6612
557,TeO2,0.4776,0.4828,0.5384,0.4031,0.9657
2552,TeO3,0.8727,0.8544,1.0503,0.714,1.7088
1666,Th2S5,0.2265,0.1598,0.2346,0.1114,0.3195
2392,Th2Se5,0.364,0.2773,0.3835,0.1878,0.5547
7768,Th2SeN2,0.4199,0.332,0.4552,0.243,0.664
467,Th3N4,0.6497,0.6559,0.7075,0.4891,1.3118
27697,ThI4,0.4394,0.4365,0.4889,0.2459,0.8731
643,ThO2,0.3701,0.3406,0.4029,0.2674,0.6811
1146,ThS2,0.3436,0.3272,0.3948,0.2122,0.6544
5836,ThSiO4,0.4647,0.456,0.5231,0.4214,0.912
7651,ThSiO4,0.2019,0.1974,0.2336,0.1768,0.3948
4733,ThTi2O6,0.2697,0.2258,0.339,0.1886,0.4515
504427,Ti3PbO7,0.2675,0.229,0.3717,0.1483,0.4579
866154,TiBeIr2,0.4958,0.3733,0.5496,0.2339,0.7467
924130,TiNiSn,0.399,0.4056,0.4655,0.2577,0.8113
1439,TiO2,0.3013,0.2781,0.3623,0.2292,0.5563
1840,TiO2,0.424,0.3504,0.4971,0.2832,0.7008
2657,TiO2,0.4258,0.4318,0.4748,0.3711,0.8636
390,TiO2,0.6091,0.5376,0.7239,0.4501,1.0752
775938,TiO2,0.3124,0.3153,0.3236,0.2644,0.6307
753048,TiSnO4,0.2194,0.1965,0.2288,0.158,0.393
17986,TiTl2O3,0.2945,0.2135,0.3223,0.1846,0.427
667,Tl2S,0.4861,0.4274,0.5176,0.2612,0.8548
543028,Tl2TeO3,0.6242,0.4973,0.7878,0.2888,0.9947
4584,Tl3BO3,0.5577,0.4593,1.0648,0.3503,0.9186
4160,Tl3PSe4,0.5776,0.4058,0.9868,0.2032,0.8115
23380,Tl3PbI5,0.168,0.1623,0.1889,0.0884,0.3245
4762,TlAg3S2,0.3778,0.304,0.5029,0.1797,0.608
29238,TlAgSe,0.3907,0.313,0.5173,0.1727,0.6261
5874,TlAgTe,0.2928,0.2538,0.3547,0.1496,0.5076
28442,TlAs5S8,0.3167,0.2385,0.387,0.162,0.477
28809,TlBS3,0.2753,0.2179,0.2902,0.1698,0.4359
2632,TlF3,0.2886,0.2881,0.3152,0.2267,0.5763
2175,TlF,0.5067,0.5093,0.5885,0.3067,1.0187
720,TlF,0.2219,0.2232,0.2349,0.156,0.4465
3785,TlGaTe2,0.3937,0.2107,0.4118,0.1414,0.4214
3075,TlGeS2,0.2418,0.2173,0.2923,0.1494,0.4345
870,TlN3,0.421,0.2792,0.4303,0.4055,0.5584
541487,TlPt2Se3,0.2575,0.2194,0.3505,0.1192,0.4388
3267,TlSb5S8,0.2757,0.242,0.3337,0.155,0.484
39,Tl,1.2146,1.2146,1.2146,0.7273,2.4293
4324,Tm2CdS4,0.5775,0.5252,0.6843,0.3441,1.0503
1767,Tm2O3,0.5066,0.4464,0.545,0.3647,0.8927
2309,Tm2S3,0.3707,0.3728,0.3827,0.2466,0.7455
3556,Tm2SO2,0.4265,0.3631,0.4873,0.2819,0.7261
3334,Tm2Sn2O7,0.6636,0.62,0.7389,0.531,1.24
558534,Tm3B5O12,0.4803,0.3925,0.5153,0.3479,0.785
640324,TmCuPbSe3,0.3023,0.2822,0.3332,0.164,0.5644
2275,UF6,0.6343,0.6259,0.668,0.5252,1.2517
1776,UN2,0.4581,0.4396,0.4908,0.3658,0.8793
375,UO3,0.6149,0.6242,0.6795,0.5084,1.2484
3516,UTeO5,0.541,0.4809,0.6557,0.3841,0.9618
3762,VCu3S4,0.8066,0.576,1.0313,0.3909,1.1519
224,WS2,0.6042,0.5717,0.6405,0.4268,1.1434
1821,WSe2,0.3616,0.3542,0.3747,0.2499,0.7084
753917,Y2HfO5,0.3684,0.2886,0.392,0.2121,0.5772
755537,Y2HfO5,0.2968,0.2935,0.3649,0.195,0.5869
2652,Y2O3,0.471,0.406,0.5068,0.327,0.812
541289,Y2S3,0.4187,0.3989,0.5104,0.2298,0.7978
17404,Y2Si2O7,0.3546,0.3001,0.4312,0.278,0.6003
3520,Y2SiO5,0.3224,0.2636,0.3986,0.2351,0.5272
3370,Y2Sn2O7,0.6146,0.5871,0.6892,0.5001,1.1741
3050,Y3Al5O12,0.5973,0.5914,0.664,0.5177,1.1829
5409,Y4Al2O9,0.2685,0.2673,0.2991,0.2405,0.5347
30250,YAgO2,0.3049,0.3052,0.3931,0.2014,0.6104
3792,YAlO3,0.4044,0.3633,0.5194,0.3018,0.7266
2918,YCuO2,0.2027,0.181,0.215,0.1687,0.362
10533,YCuS2,0.3919,0.2732,0.4818,0.1749,0.5464
2416,YF3,0.2182,0.2184,0.2319,0.1776,0.4369
3637,YOF,0.4123,0.348,0.467,0.2795,0.6959
23220,YbCl2,0.4313,0.4313,0.4751,0.28,0.8626
570418,YbI2,0.6021,0.3829,0.6154,0.2344,0.7659
1216,YbO,1.165,1.1093,1.2209,0.8277,2.2186
1820,YbS,0.7946,0.7752,0.82,0.4812,1.5503
286,YbSe,1.1363,1.1139,1.1676,0.6614,2.2277
1779,YbTe,0.6533,0.6605,0.6889,0.3594,1.3211
3188,Zn(SbO3)2,0.4779,0.3768,0.5777,0.3188,0.7537
3789,Zn2SiO4,0.7124,0.6148,0.8649,0.6421,1.2296
3502,Zn2Te3O8,0.5765,0.4346,0.6914,0.371,0.8693
14921,Zn4B6SeO12,0.4408,0.3788,0.5625,0.3116,0.7576
1873,ZnF2,0.4692,0.4752,0.5041,0.3958,0.9505
2979,ZnGeN2,0.5192,0.4085,0.688,0.3312,0.817
4524,ZnGeP2,0.9141,0.6218,1.1681,0.4031,1.2436
1986,ZnO,0.5864,0.6024,0.6551,0.4817,1.2049
2133,ZnO,0.4754,0.4853,0.5771,0.3781,0.9705
1392,ZnP2,0.3152,0.2514,0.3441,0.2252,0.5028
2782,ZnP2,0.2438,0.2408,0.2629,0.2113,0.4816
3342,ZnPS3,0.4945,0.4623,0.623,0.3903,0.9245
10281,ZnS,0.5122,0.4796,0.6401,0.3066,0.9593
9946,ZnS,0.6145,0.5393,0.7561,0.3387,1.0787
18373,ZnSe2O5,0.3829,0.3471,0.4637,0.3084,0.6942
1190,ZnSe,0.7013,0.7191,0.7734,0.4666,1.4381
380,ZnSe,0.6352,0.6451,0.7771,0.4053,1.2902
3595,ZnSiAs2,0.4037,0.2625,0.4317,0.1824,0.525
4763,ZnSiP2,0.6261,0.5279,0.8106,0.3383,1.0557
4175,ZnSnP2,0.4071,0.3662,0.5629,0.2405,0.7325
2176,ZnTe,0.7105,0.6812,0.7329,0.4258,1.3624
4325,Zr(SO4)2,0.373,0.3484,0.4382,0.3427,0.6969
277,Zr3N4,0.3731,0.3762,0.4108,0.3006,0.7523
23162,ZrCl2,0.6238,0.5918,0.7418,0.3846,1.1836
8042,ZrGeO4,0.517,0.3613,0.6189,0.313,0.7226
924129,ZrNiSn,0.4941,0.4912,0.625,0.2961,0.9823
2574,ZrO2,0.2631,0.261,0.2707,0.2191,0.522
2858,ZrO2,0.4511,0.4376,0.5609,0.3092,0.8752
1186,ZrS2,0.328,0.3261,0.3313,0.2191,0.6523
756361,ZrSeO,0.4396,0.3842,0.601,0.2646,0.7684
4820,ZrSiO4,0.4823,0.4836,0.5067,0.4658,0.9672
4759,ZrTe3O8,0.7315,0.6337,0.8411,0.5815,1.2673
