mp_id,material,spacegroup,sg_symbol,crystal_system,nsites,volume,density
25,N2,205,Pa-3,Cubic,8,194.174,958.26
39,Tl,229,Im-3m,Cubic,2,57.3759,11830.29
111,Ne,225,Fm-3m,Cubic,4,95.2615,1407.04
147,Se,148,R-3,Trigonal,18,449.006,5256.26
149,Si,227,Fd-3m,Cubic,8,160.5078,2324.48
154,N2,198,P2_13,Cubic,8,193.734,960.44
160,B,166,R-3m,Trigonal,36,257.8674,2506.23
165,Si,194,P6_3/mmc,Hexagonal,4,80.2226,2325.38
190,ReO3,221,Pm-3m,Cubic,4,53.3938,7283.75
200,LaP7,14,P2_1/c,Monoclinic,32,624.1316,3785.68
209,Er2Se3,70,Fddd,Orthorhombic,80,2165.1054,7011.79
216,Sc2O3,206,Ia-3,Cubic,80,943.1153,3885.08
218,Sm2O3,206,Ia-3,Cubic,80,1282.5212,7224.03
223,GeO2,154,P3_221,Trigonal,9,122.4881,4255.69
224,WS2,194,P6_3/mmc,Hexagonal,6,107.6604,7649.32
226,FeS2,205,Pa-3,Cubic,12,150.4478,5296.81
230,SbO2,33,Pna2_1,Orthorhombic,24,311.8039,6550.85
239,BaS3,113,P-42_1m,Tetragonal,8,192.0736,4037.75
241,CdF2,225,Fm-3m,Cubic,12,157.1284,6358.07
252,BeTe,216,F-43m,Cubic,8,176.8335,5131.38
254,NdF3,165,P-3c1,Trigonal,24,301.4999,6650.0
277,Zr3N4,62,Pnma,Orthorhombic,28,340.2385,6436.4
286,YbSe,225,Fm-3m,Cubic,8,194.8272,8591.8
306,B2O3,152,P3_121,Trigonal,15,136.7066,2536.98
315,PbF2,225,Fm-3m,Cubic,12,204.6384,7958.61
334,LaF3,185,P6_3cm,Hexagonal,24,320.0415,6098.6
341,PbF4,139,I4/mmm,Tetragonal,10,151.474,6209.04
352,HfO2,14,P2_1/c,Monoclinic,12,135.404,10325.4
361,Cu2O,224,Pn-3m,Cubic,6,74.7797,6354.91
375,UO3,221,Pm-3m,Cubic,4,70.328,6753.49
380,ZnSe,186,P6_3mc,Hexagonal,4,89.4955,5356.3
384,MgP4,14,P2_1/c,Monoclinic,10,193.1246,2548.53
390,TiO2,141,I4_1/amd,Tetragonal,12,136.6105,3883.17
401,Sc2S3,70,Fddd,Orthorhombic,80,1641.6384,3011.99
402,CdP2,33,Pna2_1,Orthorhombic,12,273.4365,4235.42
406,CdTe,216,F-43m,Cubic,8,272.308,5854.37
409,NaS,189,P-62m,Hexagonal,12,264.1493,2076.57
422,BeS,216,F-43m,Cubic,8,113.4243,2405.49
438,Nd2S3,62,Pnma,Orthorhombic,20,457.0679,5590.2
463,KF,225,Fm-3m,Cubic,8,154.7026,2494.38
467,Th3N4,166,R-3m,Trigonal,21,346.9362,10799.91
468,AlF3,167,R-3c,Trigonal,24,264.9182,3158.26
470,GeO2,136,P4_2/mnm,Tetragonal,6,56.5421,6146.11
473,Na3P11,60,Pbcn,Orthorhombic,56,1232.8991,2207.13
484,Te3As2,12,C2/m,Monoclinic,20,568.1451,6227.11
486,NiP2,15,C2/c,Monoclinic,12,169.7732,4719.92
510,TaO2,88,I4_1/a,Tetragonal,96,1114.545,10152.49
524,Ba3As14,14,P2_1/c,Monoclinic,34,909.5126,5334.41
539,Ga2S3,9,Cc,Monoclinic,20,424.3562,3688.33
557,TeO2,92,P4_12_12,Tetragonal,12,172.9779,6128.42
588,GaF3,167,R-3c,Trigonal,24,281.1346,4490.82
602,Te2Mo,194,P6_3/mmc,Hexagonal,6,150.2376,7762.58
604,Nb2O5,15,C2/c,Monoclinic,28,343.8889,5134.07
617,PtO2,164,P-3m1,Trigonal,3,36.8893,10221.93
624,B6As,166,R-3m,Trigonal,42,384.7332,3620.01
634,HgS,152,P3_121,Trigonal,6,137.5166,8428.07
643,ThO2,225,Fm-3m,Cubic,12,172.0186,10195.26
648,Na2S,225,Fm-3m,Cubic,12,274.735,1886.85
661,AlN,186,P6_3mc,Hexagonal,4,41.8401,3253.47
665,SnSe2,164,P-3m1,Trigonal,3,78.1268,5879.61
667,Tl2S,146,R3,Trigonal,81,2238.1162,8830.86
672,CdS,186,P6_3mc,Hexagonal,4,98.8021,4856.34
676,CaN6,70,Fddd,Orthorhombic,56,723.8163,2277.96
679,Er2O3,206,Ia-3,Cubic,80,1130.1827,8992.29
682,NaF,225,Fm-3m,Cubic,8,99.1339,2813.29
684,BaS2,15,C2/c,Monoclinic,12,344.2939,3886.53
691,SnSe,62,Pnma,Orthorhombic,8,206.3021,6364.24
700,GeSe,62,Pnma,Orthorhombic,8,176.3853,5708.82
706,HgF,139,I4/mmm,Tetragonal,8,146.144,9980.17
713,KAs,19,P2_12_12_1,Orthorhombic,16,496.5011,3050.7
717,B2O3,36,Cmc2_1,Orthorhombic,20,150.2218,3078.3
720,TlF,57,Pbcm,Orthorhombic,8,165.8615,8945.64
726,SeO2,135,P4_2/mbc,Tetragonal,24,351.0589,4198.76
730,P2Pt,205,Pa-3,Cubic,12,184.2427,9266.28
733,GeO2,152,P3_121,Trigonal,9,122.4905,4255.6
736,Li3P,194,P6_3/mmc,Hexagonal,8,114.4836,1502.58
743,RbN3,140,I4/mcm,Tetragonal,16,297.286,2848.42
757,Li3As,194,P6_3/mmc,Hexagonal,8,125.0183,2543.43
766,As2Ru,58,Pnnm,Orthorhombic,6,98.9253,8423.56
804,GaN,186,P6_3mc,Hexagonal,4,45.409,6123.74
812,Ho2O3,206,Ia-3,Cubic,80,1150.1038,8728.95
821,NbO2,88,I4_1/a,Tetragonal,96,1140.8835,5817.53
827,KN3,140,I4/mcm,Tetragonal,16,264.099,2040.15
830,GaN,216,F-43m,Cubic,8,90.8469,6121.8
841,Li2O2,194,P6_3/mmc,Hexagonal,8,63.6306,2394.66
844,Ca3N2,206,Ia-3,Cubic,80,1451.384,2713.78
856,SnO2,136,P4_2/mnm,Tetragonal,6,73.2612,6831.94
870,TlN3,140,I4/mcm,Tetragonal,16,271.4741,6028.75
878,Ho2S3,11,P2_1/m,Monoclinic,30,678.3581,6257.6
886,Ga2O3,12,C2/m,Monoclinic,20,211.479,5887.27
905,LaF3,165,P-3c1,Trigonal,24,320.4829,6090.2
909,As2Se3,14,P2_1/c,Monoclinic,20,479.6295,5355.54
913,CdP2,96,P4_32_12,Tetragonal,24,546.5211,4238.14
917,CaC2,12,C2/m,Monoclinic,12,187.6638,2268.73
927,CuP2,14,P2_1/c,Monoclinic,12,186.6127,4466.73
938,GeTe,160,R3m,Trigonal,6,158.1919,6305.76
942,AuF3,178,P6_122,Hexagonal,24,373.6282,6772.19
953,NbZn3,221,Pm-3m,Cubic,4,58.5077,8203.59
971,K2O,225,Fm-3m,Cubic,12,264.3773,2366.56
981,SrF2,225,Fm-3m,Cubic,12,191.8386,4349.32
984,BN,194,P6_3/mmc,Hexagonal,4,37.766,2182.43
988,Si3N4,176,P6_3/m,Hexagonal,14,146.6393,3177.13
1000,BaTe,225,Fm-3m,Cubic,8,338.5612,5197.55
1022,K2S,225,Fm-3m,Cubic,12,402.6915,1818.7
1029,BaF2,225,Fm-3m,Cubic,12,235.7787,4939.08
1039,MgTe,186,P6_3mc,Hexagonal,4,133.7439,3772.05
1045,Nd2O3,206,Ia-3,Cubic,80,1350.0251,6622.01
1047,Ca3N2,167,R-3c,Trigonal,30,532.034,2776.18
1056,Tb2O3,206,Ia-3,Cubic,80,1194.8401,8135.07
1070,CdSe,186,P6_3mc,Hexagonal,4,112.468,5651.02
1074,RbSi,218,P-43n,Cubic,64,2178.6936,2769.51
1087,SrS,225,Fm-3m,Cubic,8,213.787,3718.5
1105,BaO2,139,I4/mmm,Tetragonal,6,98.7107,5696.9
1138,LiF,225,Fm-3m,Cubic,8,63.7747,2701.6
1143,Al2O3,167,R-3c,Trigonal,30,256.9207,3954.0
1146,ThS2,62,Pnma,Orthorhombic,12,260.1256,7562.48
1153,Li2S,225,Fm-3m,Cubic,12,180.5552,1690.27
1154,Ho4C7,14,P2_1/c,Monoclinic,44,605.0208,8165.69
1167,CF4,15,C2/c,Monoclinic,20,286.2253,2042.23
1175,SrS3,41,Aea2,Orthorhombic,16,383.8396,3180.83
1186,ZrS2,164,P-3m1,Trigonal,3,66.2074,3896.41
1190,ZnSe,216,F-43m,Cubic,8,178.8026,5361.94
1195,Ba3P14,14,P2_1/c,Monoclinic,34,824.3163,3406.88
1216,YbO,225,Fm-3m,Cubic,8,100.8642,12449.64
1217,KSi,218,P-43n,Cubic,64,1969.0607,1813.03
1224,HgO,62,Pnma,Orthorhombic,8,130.2834,11042.24
1243,Ga2O3,167,R-3c,Trigonal,30,291.9531,6396.75
1244,SrGe2,62,Pnma,Orthorhombic,24,616.5436,5018.17
1247,Sb2Ir,14,P2_1/c,Monoclinic,12,263.3226,10991.21
1249,MgF2,136,P4_2/mnm,Tetragonal,6,65.8616,3141.58
1253,BaSe,225,Fm-3m,Cubic,8,285.1625,5037.87
1265,MgO,225,Fm-3m,Cubic,8,75.0051,3569.2
1266,Na2Se,225,Fm-3m,Cubic,12,310.5468,2672.28
1270,Dy2S3,62,Pnma,Orthorhombic,20,412.2902,6785.62
1285,PtO2,58,Pnnm,Orthorhombic,6,63.908,11800.71
1315,MgS,225,Fm-3m,Cubic,8,139.0743,2692.22
1323,AlF3,129,P4/nmm,Tetragonal,64,755.6161,2952.75
1340,Ga2Se3,9,Cc,Monoclinic,20,486.0817,5142.38
1342,BaO,225,Fm-3m,Cubic,8,169.4518,6010.08
1346,B6O,166,R-3m,Trigonal,42,306.2438,2630.85
1378,LiC,71,Immm,Orthorhombic,8,90.7004,1387.87
1392,ZnP2,14,P2_1/c,Monoclinic,24,463.2625,3651.19
1394,Rb2O,225,Fm-3m,Cubic,12,310.017,4005.11
1403,Sm2S3,62,Pnma,Orthorhombic,20,439.6799,5996.12
1413,P2Ru,58,Pnnm,Orthorhombic,6,85.4633,6334.82
1415,CaSe,225,Fm-3m,Cubic,8,202.4416,3905.67
1427,Lu2O3,206,Ia-3,Cubic,80,1071.1732,9870.03
1434,MoS2,160,R3m,Trigonal,9,159.5201,4999.42
1439,TiO2,60,Pbcn,Orthorhombic,12,122.2905,4337.88
1443,Sn3F8,14,P2_1/c,Monoclinic,22,345.4569,4884.83
1477,BaSi2,62,Pnma,Orthorhombic,24,673.4443,3816.93
1479,BP,216,F-43m,Cubic,8,92.4545,3001.92
1500,BaS,225,Fm-3m,Cubic,8,258.072,4359.75
1508,LaS2,62,Pnma,Orthorhombic,24,531.2049,5077.49
1509,Sn2S3,62,Pnma,Orthorhombic,20,452.99,4891.77
1519,CaTe,225,Fm-3m,Cubic,8,249.4754,4464.34
1522,FeS2,58,Pnnm,Orthorhombic,6,77.6682,5130.11
1536,KSb,14,P2_1/c,Monoclinic,16,605.0129,3531.98
1541,BeSe,216,F-43m,Cubic,8,135.438,4314.34
1550,AlP,216,F-43m,Cubic,8,163.6938,2351.64
1559,Mg3N2,206,Ia-3,Cubic,80,984.1473,2724.72
1568,K3P11,60,Pbcn,Orthorhombic,56,1510.8545,2013.53
1569,Be2C,225,Fm-3m,Cubic,12,80.3757,2482.07
1572,GaSe,187,P-6m2,Hexagonal,8,196.1696,5034.3
1575,CaC2,15,C2/c,Monoclinic,12,186.4759,2283.18
1581,As2O3,14,P2_1/c,Monoclinic,20,330.1555,3980.23
1582,As2O3,14,P2_1/c,Monoclinic,20,310.7919,4228.21
1591,Al4C3,166,R-3m,Trigonal,21,241.1911,2973.35
1595,Nb2O5,12,C2/m,Monoclinic,14,199.7601,4419.18
1598,Na3P,194,P6_3/mmc,Hexagonal,8,183.9202,1804.69
1666,Th2S5,60,Pbcn,Orthorhombic,28,575.0821,7211.79
1672,CaS,225,Fm-3m,Cubic,8,178.7418,2680.88
1700,AlN,216,F-43m,Cubic,8,83.8849,3245.52
1705,Sb2O5,15,C2/c,Monoclinic,28,325.973,6592.11
1707,BaN6,11,P2_1/m,Monoclinic,14,223.8438,3284.34
1714,FeSi2,64,Cmce,Orthorhombic,48,582.9122,5105.59
1716,Rh2O3,60,Pbcn,Orthorhombic,20,199.5726,8447.26
1745,Sm2O3,12,C2/m,Monoclinic,30,439.6902,7901.84
1747,K2Te,225,Fm-3m,Cubic,12,536.7218,2546.82
1767,Tm2O3,206,Ia-3,Cubic,80,1109.3528,9241.38
1776,UN2,225,Fm-3m,Cubic,12,142.4507,12404.96
1779,YbTe,225,Fm-3m,Cubic,8,241.7296,8261.26
1784,CsF,225,Fm-3m,Cubic,8,211.4263,4772.21
1818,SiF4,217,I-43m,Cubic,10,162.9734,2120.93
1819,SbO2,15,C2/c,Monoclinic,24,306.1479,6671.88
1820,YbS,225,Fm-3m,Cubic,8,171.3521,7951.07
1821,WSe2,194,P6_3/mmc,Hexagonal,6,124.0934,9146.43
1840,TiO2,61,Pbca,Orthorhombic,24,256.6554,4133.8
1853,Sr3P14,14,P2_1/c,Monoclinic,34,750.1452,3083.55
1858,HfO2,61,Pbca,Orthorhombic,24,259.6282,10770.02
1863,SiAs,12,C2/m,Monoclinic,24,535.9381,3829.86
1873,ZnF2,136,P4_2/mnm,Tetragonal,6,69.9507,4908.07
1875,TeF6,62,Pnma,Orthorhombic,28,460.451,3485.02
1880,SbF3,40,Ama2,Orthorhombic,16,250.1079,4747.23
1888,RbGe,218,P-43n,Cubic,64,2248.0903,3737.14
1943,GaSe,194,P6_3/mmc,Hexagonal,8,198.7961,4967.78
1950,SrS2,140,I4/mcm,Tetragonal,12,277.3267,3634.51
1958,SrTe,225,Fm-3m,Cubic,8,289.4499,4938.77
1960,Li2O,225,Fm-3m,Cubic,12,95.896,2069.71
1968,La2O3,164,P-3m1,Trigonal,5,79.6986,6788.31
1986,ZnO,216,F-43m,Cubic,8,94.7622,5704.12
1990,Mg3As2,206,Ia-3,Cubic,80,1882.5325,3143.84
1999,Sb2O3,227,Fd-3m,Cubic,80,1331.7966,5815.63
2030,RuS2,205,Pa-3,Cubic,12,173.1721,6336.38
2063,Pr2O3,164,P-3m1,Trigonal,5,77.5954,7058.0
2068,RhF3,167,R-3c,Trigonal,24,279.8718,5692.35
2072,KTe,194,P6_3/mmc,Hexagonal,8,324.1083,3416.26
2074,Li3Sb,225,Fm-3m,Cubic,16,273.1272,3467.46
2079,Rb2P3,69,Fmmm,Orthorhombic,40,1254.4985,2794.07
2084,Si5Ir3,14,P2_1/c,Monoclinic,64,937.8242,10157.45
2095,Rb2Te3,62,Pnma,Orthorhombic,20,781.2741,4707.7
2097,SnO,129,P4/nmm,Tetragonal,4,68.8947,6493.69
2125,TeO2,61,Pbca,Orthorhombic,24,359.6488,5895.09
2131,SrN6,70,Fddd,Orthorhombic,56,821.9944,2774.21
2133,ZnO,186,P6_3mc,Hexagonal,4,47.4431,5696.66
2136,Sb2O3,56,Pccn,Orthorhombic,20,323.4495,5986.44
2139,BaGe2,62,Pnma,Orthorhombic,24,697.6598,5381.19
2146,KGe,218,P-43n,Cubic,64,2036.1508,2916.03
2160,Sb2Se3,62,Pnma,Orthorhombic,20,529.3582,6027.85
2172,AlAs,216,F-43m,Cubic,8,182.3118,3712.63
2173,P2O5,62,Pnma,Orthorhombic,28,332.7725,2833.22
2175,TlF,225,Fm-3m,Cubic,8,168.0058,8831.46
2176,ZnTe,216,F-43m,Cubic,8,223.1307,5744.63
2184,As2O3,227,Fd-3m,Cubic,80,1327.6701,3959.1
2201,PbSe,225,Fm-3m,Cubic,8,223.444,8506.47
2231,SnS,62,Pnma,Orthorhombic,8,186.2588,5376.77
2234,Er2S3,11,P2_1/m,Monoclinic,30,669.6886,6407.9
2242,GeS,62,Pnma,Orthorhombic,8,156.4416,4445.54
2245,Si3N4,159,P31c,Trigonal,28,294.8797,3159.88
2251,Li3N,191,P6/mmm,Hexagonal,4,43.2241,1338.05
2254,Al2O3,33,Pna2_1,Orthorhombic,40,361.9178,3742.52
2275,UF6,62,Pnma,Orthorhombic,28,479.6942,4874.29
2286,Li2Se,225,Fm-3m,Cubic,12,209.9225,2937.61
2292,La2O3,206,Ia-3,Cubic,80,1433.4947,6038.6
2309,Tm2S3,11,P2_1/m,Monoclinic,20,427.9376,6737.24
2310,CdO2,205,Pa-3,Cubic,12,150.1473,6388.34
2319,P2Os,58,Pnnm,Orthorhombic,6,87.3384,9589.15
2340,Na2O2,189,P-62m,Hexagonal,12,147.7501,2629.16
2341,Li3N,194,P6_3/mmc,Hexagonal,8,67.1125,1723.56
2345,Dy2O3,206,Ia-3,Cubic,80,1171.7147,8457.74
2352,Na2O,225,Fm-3m,Cubic,12,169.0301,2435.51
2371,Ga2Te5,87,I4/m,Tetragonal,14,420.6733,6137.69
2392,Th2Se5,60,Pbcn,Orthorhombic,28,663.0065,8604.43
2400,NaS,194,P6_3/mmc,Hexagonal,8,173.083,2112.76
2402,NaSi,15,C2/c,Monoclinic,32,739.0826,1836.06
2412,LiP5,33,Pna2_1,Orthorhombic,24,440.3795,2440.55
2416,YF3,62,Pnma,Orthorhombic,16,188.6802,5136.2
2418,PdSe2,61,Pbca,Orthorhombic,12,231.3057,7590.77
2437,IrF3,167,R-3c,Trigonal,24,290.82,8537.79
2447,P4Se5,33,Pna2_1,Orthorhombic,36,919.161,3748.26
2452,P2O5,43,Fdd2,Orthorhombic,56,720.6385,2616.62
2455,As2Os,58,Pnnm,Orthorhombic,6,100.8675,11196.97
2457,Tb2O3,12,C2/m,Monoclinic,30,411.0616,8867.38
2460,Er2O3,12,C2/m,Monoclinic,30,389.9556,9773.17
2469,CdS,216,F-43m,Cubic,8,197.53,4858.16
2472,SrO,225,Fm-3m,Cubic,8,135.3216,5086.08
2482,CaC2,139,I4/mmm,Tetragonal,6,92.4465,2302.73
2488,SiOs,198,P2_13,Cubic,8,106.7149,13588.41
2490,GaP,216,F-43m,Cubic,8,160.2908,4172.69
2507,GaS,194,P6_3/mmc,Hexagonal,8,175.1352,3860.4
2511,PbF2,62,Pnma,Orthorhombic,12,188.4687,8641.42
2514,Mg3P2,206,Ia-3,Cubic,80,1721.4389,2081.46
2530,Li2Te,225,Fm-3m,Cubic,12,267.5091,3512.95
2542,BeO,186,P6_3mc,Hexagonal,4,27.5555,3014.48
2552,TeO3,167,R-3c,Trigonal,24,280.438,6238.55
2574,ZrO2,137,P4_2/nmc,Tetragonal,6,66.5901,6145.55
2589,MgO2,205,Pa-3,Cubic,12,113.6716,3289.99
2604,MgTe2,205,Pa-3,Cubic,12,343.3947,5406.36
2605,CaO,225,Fm-3m,Cubic,8,108.2785,3439.97
2624,AlSb,216,F-43m,Cubic,8,234.7282,4208.97
2630,SrC2,139,I4/mmm,Tetragonal,6,111.107,3337.05
2632,TlF3,62,Pnma,Orthorhombic,16,201.8326,8601.77
2651,PrF3,165,P-3c1,Trigonal,24,309.1591,6377.8
2652,Y2O3,206,Ia-3,Cubic,80,1171.3501,5121.83
2654,Al2S3,169,P6_1,Hexagonal,30,624.2961,2396.4
2657,TiO2,136,P4_2/mnm,Tetragonal,6,62.2783,4258.96
2659,LiN3,12,C2/m,Monoclinic,8,84.0429,1934.77
2667,CsAu,221,Pm-3m,Cubic,2,71.2768,7685.05
2672,K2O2,64,Cmce,Orthorhombic,16,308.0269,2376.21
2691,CdSe,216,F-43m,Cubic,8,224.6949,5657.08
2697,SrO2,139,I4/mmm,Tetragonal,6,82.3303,4825.24
2706,SnF4,139,I4/mmm,Tetragonal,10,135.3017,4779.14
2739,TeO2,96,P4_32_12,Tetragonal,12,172.9565,6129.18
2741,CaF2,225,Fm-3m,Cubic,12,158.6211,3269.33
2758,SrSe,225,Fm-3m,Cubic,8,238.9177,4631.1
2763,Nd2O3,164,P-3m1,Trigonal,5,75.426,7407.82
2782,ZnP2,92,P4_12_12,Tetragonal,24,463.7722,3647.18
2784,Na2Te,225,Fm-3m,Cubic,12,380.5758,3029.47
2789,NO2,204,Im-3,Cubic,36,498.4709,1839.08
2798,SiP,36,Cmc2_1,Orthorhombic,48,983.6937,2392.7
2804,LaP2,9,Cc,Monoclinic,48,1060.439,5032.25
2809,Sb2S3,62,Pnma,Orthorhombic,20,470.3567,4797.3
2826,Lu2S3,167,R-3c,Trigonal,30,688.7338,6453.71
2833,IrS2,62,Pnma,Orthorhombic,24,395.6438,8607.23
2843,SnF2,15,C2/c,Monoclinic,48,821.7476,5066.62
2858,ZrO2,14,P2_1/c,Monoclinic,12,139.7443,5856.88
2874,In2Si2O7,12,C2/m,Monoclinic,22,265.1664,4982.29
2878,Li3PO4,62,Pnma,Orthorhombic,32,313.0432,2456.93
2879,SrSnO3,62,Pnma,Orthorhombic,20,265.6837,6358.27
2883,Sm2Sn2O7,227,Fd-3m,Cubic,88,1160.823,7440.08
2884,Cs2Mn3S4,72,Ibam,Orthorhombic,36,745.0559,4982.45
2892,BaNd2O4,62,Pnma,Orthorhombic,28,471.1773,6904.8
2895,Mg2SiO4,62,Pnma,Orthorhombic,28,291.5575,3205.22
2898,Ca(AuO2)2,88,I4_1/a,Tetragonal,28,358.9917,9214.29
2908,Al2ZnO4,227,Fd-3m,Cubic,56,530.9712,4586.98
2910,KAlF4,127,P4/mbm,Tetragonal,12,158.5162,2976.59
2911,Ba3(SnP2)2,14,P2_1/c,Monoclinic,36,1091.9922,4703.66
2918,YCuO2,194,P6_3/mmc,Hexagonal,8,120.0109,5104.33
2920,LaAlO3,167,R-3c,Trigonal,30,323.6965,6583.3
2931,Li2TiO3,15,C2/c,Monoclinic,48,418.3328,3485.06
2940,LuPO4,141,I4_1/amd,Tetragonal,24,268.3802,6680.72
2943,KY3F10,225,Fm-3m,Cubic,112,1519.5673,4334.37
2951,CdGeO3,15,C2/c,Monoclinic,40,522.0065,5930.77
2955,NaMgF3,62,Pnma,Orthorhombic,20,225.9627,3065.6
2956,Co2(GeS)3,148,R-3,Trigonal,96,1495.9616,5754.07
2961,MgSiP2,122,I-42d,Tetragonal,16,331.4192,2291.51
2963,CaAl2O4,14,P2_1/c,Monoclinic,84,1068.2087,2948.07
2964,NaNO2,44,Imm2,Orthorhombic,8,106.1014,2159.62
2969,CsSbSe2,14,P2_1/c,Monoclinic,16,554.7323,4940.15
2973,Pr3Sb5O12,217,I-43m,Cubic,80,1334.7804,6088.48
2979,ZnGeN2,33,Pna2_1,Orthorhombic,16,181.1705,6087.2
2980,Pr2Te4O11,15,C2/c,Monoclinic,68,1031.7161,6233.3
2983,Ba(PN2)2,205,Pa-3,Cubic,84,1074.1187,4736.21
2994,Co2(GeTe)3,148,R-3,Trigonal,96,1934.7618,7400.86
2998,BaTiO3,221,Pm-3m,Cubic,5,63.344,6113.05
3006,P2Pd3S8,164,P-3m1,Trigonal,13,294.1619,3599.96
3009,Rb2BeF4,62,Pnma,Orthorhombic,28,462.2033,3678.04
3031,BaSi2O5,62,Pnma,Orthorhombic,32,483.5545,3756.76
3032,RbBF4,62,Pnma,Orthorhombic,24,371.2783,3081.95
3033,RbTaO3,12,C2/m,Monoclinic,40,667.7453,6255.04
3038,Al2HgSe4,82,I-4,Tetragonal,14,353.8822,5352.97
3041,Er2CdS4,227,Fd-3m,Cubic,56,1350.0154,5659.93
3042,K2SiF6,225,Fm-3m,Cubic,36,537.0172,2724.47
3050,Y3Al5O12,230,Ia-3d,Cubic,160,1724.6244,4572.48
3051,Mg2GeO4,62,Pnma,Orthorhombic,28,306.7688,4010.98
3054,Li2CO3,15,C2/c,Monoclinic,24,230.9737,2124.9
3056,NaTlO2,166,R-3m,Trigonal,12,161.8755,7982.01
3070,Na2CO3,12,C2/m,Monoclinic,24,274.5062,2564.58
3073,Sm2Te4O11,15,C2/c,Monoclinic,68,993.4277,6599.94
3074,KAgO,139,I4/mmm,Tetragonal,24,527.5862,4103.39
3075,TlGeS2,62,Pnma,Orthorhombic,32,801.012,5657.83
3078,CdSiAs2,122,I-42d,Tetragonal,16,376.93,5116.29
3079,CaTa4O11,182,P6_322,Hexagonal,32,410.912,7596.18
3080,Ca5(Ga3O7)2,36,Cmc2_1,Orthorhombic,100,1347.9098,4152.71
3081,BeAl2O4,62,Pnma,Orthorhombic,28,229.3503,3677.23
3082,CaSO4,180,P6_222,Hexagonal,18,262.3911,2584.69
3094,SrAl2O4,4,P2_1,Monoclinic,28,382.8207,3566.94
3098,AlCuO2,194,P6_3/mmc,Hexagonal,8,79.0261,5149.18
3102,TaCuS3,62,Pnma,Orthorhombic,20,378.458,5979.29
3104,BaZrN2,129,P4/nmm,Tetragonal,8,143.9261,5920.2
3107,Ga3PO7,160,R3m,Trigonal,33,366.5901,4785.24
3118,Mg3TeO6,148,R-3,Trigonal,60,667.4109,4426.38
3123,PPdSe,60,Pbcn,Orthorhombic,24,462.9433,6208.35
3125,K3Zn2F7,139,I4/mmm,Tetragonal,24,352.1904,3593.16
3136,NaNbO3,221,Pm-3m,Cubic,5,62.9691,4322.01
3142,Ca(NO3)2,205,Pa-3,Cubic,36,423.2174,2575.27
3143,Na2SO4,63,Cmcm,Orthorhombic,28,349.1495,2702.19
3144,HoNbO4,15,C2/c,Monoclinic,24,289.3299,7388.37
3151,Li3TaO4,15,C2/c,Monoclinic,64,591.4904,5968.91
3154,Sm3Sb5O12,217,I-43m,Cubic,80,1280.1127,6495.63
3159,Al2CdSe4,82,I-4,Tetragonal,14,353.4114,4531.47
3164,BaSO4,62,Pnma,Orthorhombic,24,345.2745,4489.79
3167,Hg2GeSe4,82,I-4,Tetragonal,14,365.0786,7183.45
3175,BaTi4O9,59,Pmmn,Orthorhombic,28,347.0272,4524.64
3188,Zn(SbO3)2,136,P4_2/mnm,Tetragonal,18,205.8229,6533.26
3193,Na2Si2O5,14,P2_1/c,Monoclinic,36,474.0207,2552.32
3196,NdGaO3,62,Pnma,Orthorhombic,20,230.5049,7548.65
3200,Lu2Ti2O7,227,Fd-3m,Cubic,88,977.1092,7581.73
3203,NdTaO4,13,P2/c,Monoclinic,12,156.5392,8256.86
3211,Nd2SO2,164,P-3m1,Trigonal,5,90.5608,6464.38
3216,Li2ZrN2,164,P-3m1,Trigonal,5,49.8319,4435.92
3228,HgSO4,31,Pmn2_1,Orthorhombic,12,153.8429,6403.98
3236,Pr2SO2,164,P-3m1,Trigonal,5,93.0378,6173.26
3247,Cs2TiS3,63,Cmcm,Orthorhombic,24,720.9704,3776.08
3248,TbAsO4,141,I4_1/amd,Tetragonal,24,314.498,6290.44
3249,La4Ti3O12,148,R-3,Trigonal,57,688.3302,6449.95
3252,SrTe3O8,84,P4_2/m,Tetragonal,24,317.5797,6257.91
3257,KAuSe5,72,Ibam,Orthorhombic,56,1598.0434,5244.29
3261,Dy(BO2)3,62,Pnma,Orthorhombic,160,1426.8615,5417.2
3267,TlSb5S8,7,Pc,Monoclinic,56,1372.1562,5178.08
3269,NaTh2F9,121,I-42m,Tetragonal,48,656.9603,6653.19
3273,Si5P6O25,148,R-3,Trigonal,108,1309.8092,2762.18
3277,BAsO4,82,I-4,Tetragonal,12,138.6045,3587.66
3281,Al5BO9,36,Cmc2_1,Orthorhombic,60,661.1708,2910.48
3285,Na2Ta4O11,167,R-3c,Trigonal,102,1226.1097,7685.18
3288,CsNO2,152,P3_121,Trigonal,12,234.9774,3792.99
3297,Li10Zn4O9,137,P4_2/nmc,Tetragonal,46,433.2172,3640.81
3311,SrUO4,57,Pbcm,Orthorhombic,24,352.8262,7335.32
3317,SmRhO3,62,Pnma,Orthorhombic,20,232.4463,8608.62
3318,Na2BeF4,62,Pnma,Orthorhombic,28,351.2344,2477.05
3319,Mg(RhO2)2,227,Fd-3m,Cubic,56,620.4021,6297.69
3324,Nb2SnO6,15,C2/c,Monoclinic,36,472.4519,5630.86
3332,NaCrSe2,166,R-3m,Trigonal,12,224.551,5166.97
3334,Tm2Sn2O7,227,Fd-3m,Cubic,88,1091.1108,8367.71
3335,Sm2Ti2O7,227,Fd-3m,Cubic,88,1058.2164,6382.82
3336,LaGaO3,167,R-3c,Trigonal,30,351.0094,7284.23
3338,NaGaO2,33,Pna2_1,Orthorhombic,16,211.4438,3917.61
3342,ZnPS3,12,C2/m,Monoclinic,20,396.0447,3229.28
3347,Be2SiO4,148,R-3,Trigonal,126,1117.4607,2945.14
3349,Sr3Ti2O7,139,I4/mmm,Tetragonal,24,307.0987,5089.13
3359,Ba2SnO4,139,I4/mmm,Tetragonal,14,230.0006,6604.05
3361,Ba3Al2F12,58,Pnnm,Orthorhombic,68,952.0002,4841.55
3368,LiNb3O8,14,P2_1/c,Monoclinic,48,556.135,4940.46
3370,Y2Sn2O7,227,Fd-3m,Cubic,88,1118.6775,6260.84
3372,Rb2SO4,62,Pnma,Orthorhombic,28,489.7438,3621.17
3374,Nd4Au2O9,60,Pbcn,Orthorhombic,60,864.8247,8562.79
3376,Sr2SnO4,139,I4/mmm,Tetragonal,14,207.2969,5734.64
3378,SrHfO3,62,Pnma,Orthorhombic,20,268.36,7774.47
3379,K2SbF5,63,Cmcm,Orthorhombic,32,555.3296,3527.81
3384,Er3Al5O12,230,Ia-3d,Cubic,160,1695.9682,6490.93
3395,SrSeO3,11,P2_1/m,Monoclinic,10,151.1313,4715.31
3397,Ba2TiO4,14,P2_1/c,Monoclinic,28,492.7512,5210.17
3404,RbSO3,150,P321,Trigonal,30,585.8647,2815.03
3405,NaAl11O17,194,P6_3/mmc,Hexagonal,58,617.451,3182.98
3414,AgSbF6,206,Ia-3,Cubic,64,914.9342,4989.15
3416,Na3AlF6,14,P2_1/c,Monoclinic,20,235.4088,2961.79
3417,Ca(BO2)2,60,Pbcn,Orthorhombic,28,305.6352,2731.7
3419,RbAuF4,140,I4/mcm,Tetragonal,24,463.9975,5130.92
3427,LiAlO2,92,P4_12_12,Tetragonal,16,167.1249,2619.96
3439,SbPO4,11,P2_1/m,Monoclinic,12,161.913,4445.49
3442,CaTiO3,140,I4/mcm,Tetragonal,20,221.8429,4070.25
3443,Cd(GaO2)2,227,Fd-3m,Cubic,56,644.157,6513.81
3444,ErTaO4,13,P2/c,Monoclinic,12,142.2059,9626.63
3446,SrTm2O4,62,Pnma,Orthorhombic,28,386.3579,8415.11
3448,KMgF3,221,Pm-3m,Cubic,5,64.1893,3114.64
3457,ErP5O14,62,Pnma,Orthorhombic,80,985.7782,3679.75
3466,PrAlO3,167,R-3c,Trigonal,30,319.2781,6736.88
3468,NaAsO2,61,Pbca,Orthorhombic,32,493.7801,3495.01
3472,PbSO4,62,Pnma,Orthorhombic,24,314.7397,6399.95
3487,Ca3(PO4)2,166,R-3m,Trigonal,39,439.477,3515.96
3488,Na2Ti3O7,11,P2_1/m,Monoclinic,24,289.4672,3460.01
3491,NbSbO4,33,Pna2_1,Orthorhombic,24,325.1881,5691.88
3502,Zn2Te3O8,15,C2/c,Monoclinic,52,754.0638,5651.13
3503,Li6WN4,137,P4_2/nmc,Tetragonal,22,214.4455,4359.74
3516,UTeO5,57,Pbcm,Orthorhombic,28,411.1557,7199.02
3520,Y2SiO5,15,C2/c,Monoclinic,64,847.5897,4480.84
3521,NaBF4,63,Cmcm,Orthorhombic,24,287.9266,2532.84
3524,LiPN2,122,I-42d,Tetragonal,16,148.5175,2948.51
3527,Na3AgO2,72,Ibam,Orthorhombic,24,348.0422,3985.51
3529,K3VS4,62,Pnma,Orthorhombic,32,871.4117,2259.98
3536,MgAl2O4,227,Fd-3m,Cubic,56,533.1153,3545.02
3538,Hg3TeO6,206,Ia-3,Cubic,160,2468.3308,8884.09
3540,Li2SnO3,15,C2/c,Monoclinic,48,477.0147,5029.23
3551,TbAgTe2,113,P-42_1m,Tetragonal,8,225.204,7697.83
3552,Li2Si2O5,60,Pbcn,Orthorhombic,36,399.5057,2494.72
3556,Tm2SO2,164,P-3m1,Trigonal,5,76.1803,8761.12
3563,Ba5Nb4O15,164,P-3m1,Trigonal,24,345.7951,6234.32
3564,BaSc2O4,15,C2/c,Monoclinic,84,1163.924,4985.99
3575,Ca3(BO3)2,167,R-3c,Trigonal,66,746.0047,3176.63
3582,Mg(BC)2,64,Cmce,Orthorhombic,80,759.3385,2447.44
3584,NdPO4,14,P2_1/c,Monoclinic,24,290.3089,5473.11
3589,BPO4,82,I-4,Tetragonal,12,128.3271,2737.63
3592,KAuS5,72,Ibam,Orthorhombic,56,1372.9951,3835.24
3595,ZnSiAs2,122,I-42d,Tetragonal,16,339.5804,4759.1
3611,Dy2Hf2O7,227,Fd-3m,Cubic,88,1117.2739,9440.32
3612,NbSbO4,52,Pnna,Orthorhombic,24,330.2847,5604.05
3613,NaErS2,166,R-3m,Trigonal,12,259.5962,4881.5
3614,KTaO3,221,Pm-3m,Cubic,5,63.8578,6970.15
3615,Nd(BO2)3,15,C2/c,Monoclinic,40,401.7111,4508.53
3622,Na2PdF4,14,P2_1/c,Monoclinic,14,191.2104,3966.9
3626,SrZrO3,63,Cmcm,Orthorhombic,40,550.1826,5477.17
3635,LiBO2,14,P2_1/c,Monoclinic,16,146.5041,2255.59
3637,YOF,166,R-3m,Trigonal,18,231.9226,5322.82
3642,ScCuO2,194,P6_3/mmc,Hexagonal,8,100.3909,4647.97
3647,LiGaS2,33,Pna2_1,Orthorhombic,16,316.2604,2956.98
3653,Mg(SbO3)2,136,P4_2/mnm,Tetragonal,18,204.1268,5919.26
3654,RbCaF3,221,Pm-3m,Cubic,5,87.2035,3475.97
3660,LiB3O5,33,Pna2_1,Orthorhombic,36,320.6627,2472.63
3664,NdTlS2,166,R-3m,Trigonal,12,321.0646,6404.29
3666,LiTaO3,161,R3c,Trigonal,30,315.0161,7460.57
3668,CdGeP2,122,I-42d,Tetragonal,16,353.1553,4645.56
3671,NaNbO3,57,Pbcm,Orthorhombic,40,482.5757,4511.68
3677,MgSiN2,33,Pna2_1,Orthorhombic,16,170.695,3128.71
3688,Er2Sn2O7,227,Fd-3m,Cubic,88,1099.6873,8261.98
3694,NdPS4,142,I4_1/acd,Tetragonal,96,2231.5132,3613.22
3700,LiYF4,88,I4_1/a,Tetragonal,24,282.7895,4036.19
3704,Cs2Mn3Se4,72,Ibam,Orthorhombic,36,833.9049,5945.69
3707,CaGe2O5,15,C2/c,Monoclinic,32,365.1544,4826.81
3719,Rb3NbS4,62,Pnma,Orthorhombic,32,1016.2448,3121.39
3721,SrHfO3,140,I4/mcm,Tetragonal,20,268.7516,7763.14
3727,Nd3NbO7,63,Cmcm,Orthorhombic,44,620.5477,6824.98
3731,LiNbO3,161,R3c,Trigonal,30,320.3805,4597.72
3739,NdCuSe2,14,P2_1/c,Monoclinic,16,343.2569,7076.6
3744,NaNbO2,194,P6_3/mmc,Hexagonal,8,87.8096,5593.59
3748,AlCuO2,166,R-3m,Trigonal,12,118.5368,5149.28
3751,AlTlF4,15,C2/c,Monoclinic,24,325.7094,6267.93
3756,SmTaO4,15,C2/c,Monoclinic,24,304.1418,8633.09
3759,MgGeO3,148,R-3,Trigonal,30,294.0697,4910.75
3762,VCu3S4,215,P-43m,Cubic,8,149.0378,4120.66
3765,Sr(PO3)2,14,P2_1/c,Monoclinic,72,999.6086,3263.43
3771,MgTiO3,148,R-3,Trigonal,30,307.2131,3897.25
3772,Cd(GaSe2)2,82,I-4,Tetragonal,14,352.4924,5348.67
3775,Na2SiF6,150,P321,Trigonal,27,346.9132,2700.45
3777,BaSiN2,64,Cmce,Orthorhombic,32,484.6119,5302.25
3779,CrSiTe3,148,R-3,Trigonal,30,729.3412,6323.24
3782,Nd3Sb5O12,217,I-43m,Cubic,80,1314.148,6234.63
3785,TlGaTe2,140,I4/mcm,Tetragonal,16,471.7021,7453.3
3788,SrAl4O7,15,C2/c,Monoclinic,48,630.2137,3241.35
3789,Zn2SiO4,148,R-3,Trigonal,126,1574.3585,4230.75
3792,YAlO3,62,Pnma,Orthorhombic,20,202.5588,5374.02
3795,NaZnF3,62,Pnma,Orthorhombic,20,234.8165,4111.88
3797,K3AsS4,62,Pnma,Orthorhombic,32,899.3417,2366.9
3807,Al2CdSe4,227,Fd-3m,Cubic,56,1264.9454,5064.16
3808,K2UO4,139,I4/mmm,Tetragonal,14,248.1602,5088.45
3810,Hg(AsO3)2,162,P-31m,Trigonal,9,103.9153,7133.83
3813,Ba2ZrS4,139,I4/mmm,Tetragonal,14,381.2614,4304.32
3821,K2PtF6,164,P-3m1,Trigonal,9,135.5902,4742.81
3822,SrCO3,62,Pnma,Orthorhombic,20,255.4969,3837.91
3828,BaAl2O4,182,P6_322,Hexagonal,14,208.5652,4065.06
3831,SmPO4,14,P2_1/c,Monoclinic,24,281.7031,5784.57
3838,Li5ReN4,59,Pmmn,Orthorhombic,20,213.44,4309.11
3848,BaGe4O9,150,P321,Trigonal,42,558.3555,5102.3
3855,Na2BeF4,14,P2_1/c,Monoclinic,28,346.2334,2512.83
3857,Ba3(PO4)2,166,R-3m,Trigonal,39,569.6529,5263.83
3858,NaTaO3,62,Pnma,Orthorhombic,20,235.6914,7099.96
3859,Ca2B2O5,14,P2_1/c,Monoclinic,36,422.0011,2861.08
3870,Sr2Nb2O7,36,Cmc2_1,Orthorhombic,44,613.1227,5124.69
3872,Mg(AlS2)2,62,Pnma,Orthorhombic,28,531.0215,2583.31
3881,BaZnF4,36,Cmc2_1,Orthorhombic,24,357.0002,5185.36
3884,Ho2Sn2O7,227,Fd-3m,Cubic,88,1107.6179,8146.97
3887,Li3GaN2,206,Ia-3,Cubic,96,871.0767,3616.17
3889,NaBO2,167,R-3c,Trigonal,72,782.6452,2512.93
3897,SmPS4,142,I4_1/acd,Tetragonal,96,2179.8646,3773.39
3901,NdNbO4,15,C2/c,Monoclinic,24,316.5962,6318.02
3904,Mg2GeO4,227,Fd-3m,Cubic,56,565.3497,4352.86
3915,BaHgO2,166,R-3m,Trigonal,12,285.9665,6444.04
3917,Cd2GeO4,62,Pnma,Orthorhombic,28,385.6322,6225.81
3919,KBO2,167,R-3c,Trigonal,72,1042.5782,2348.23
3922,AgSbS2,15,C2/c,Monoclinic,32,703.5294,5546.86
3924,LiNbO2,194,P6_3/mmc,Hexagonal,8,76.2943,5739.24
3926,NbAg7S6,7,Pc,Monoclinic,28,560.2054,6167.67
3928,Na5P3O10,15,C2/c,Monoclinic,72,940.0152,2599.33
3930,Sc2MnS4,227,Fd-3m,Cubic,56,1051.482,3450.44
3932,Ca3Si2O7,14,P2_1/c,Monoclinic,48,636.7792,3008.27
3933,Mg2PN3,36,Cmc2_1,Orthorhombic,24,259.8041,3108.93
3934,Cu3PS4,31,Pmn2_1,Orthorhombic,16,266.4433,4360.97
3941,LiYF4,13,P2/c,Monoclinic,12,139.2329,4098.86
3943,BaTi2O5,12,C2/m,Monoclinic,48,606.0127,5146.88
3949,K7LiSi8,205,Pa-3,Cubic,64,1915.2695,1752.43
3952,BaY2O4,62,Pnma,Orthorhombic,28,428.763,5873.37
3953,CaCO3,167,R-3c,Trigonal,30,363.9216,2740.12
3954,PrPS4,142,I4_1/acd,Tetragonal,96,2263.9515,3522.31
3955,AlPO4,154,P3_221,Trigonal,18,237.5656,2557.28
3956,Sr3UO6,14,P2_1/c,Monoclinic,20,318.4263,6225.32
3960,CaUO4,166,R-3m,Trigonal,18,224.851,7579.39
3962,LaPO4,14,P2_1/c,Monoclinic,24,303.0862,5125.43
3963,K2CO3,14,P2_1/c,Monoclinic,24,386.9101,2372.6
3967,NaNO,14,P2_1/c,Monoclinic,24,281.899,2497.4
3970,K2TiF6,164,P-3m1,Trigonal,9,132.7563,3002.64
3975,K2TaF7,14,P2_1/c,Monoclinic,40,641.5157,4060.09
3977,CsB3O5,4,P2_1,Monoclinic,36,489.6733,3327.85
3978,SrSiO3,15,C2/c,Monoclinic,60,889.4644,3667.42
3980,LiSbF6,148,R-3,Trigonal,24,312.4459,3869.46
3982,KCuO2,63,Cmcm,Orthorhombic,16,280.0153,3193.83
3996,GaAsO4,152,P3_121,Trigonal,18,248.5346,4182.02
3998,LaTaO4,36,Cmc2_1,Orthorhombic,24,324.1534,7865.41
4002,Li2ZrF6,162,P-31m,Trigonal,9,98.6468,3688.09
4004,Ag5SbS4,36,Cmc2_1,Orthorhombic,40,782.6841,6698.82
4006,ErPO4,141,I4_1/amd,Tetragonal,24,277.4489,6277.83
4019,CaTiO3,62,Pnma,Orthorhombic,20,220.9282,4087.1
4024,DyAgTe2,113,P-42_1m,Tetragonal,8,223.3581,7814.6
4026,KCrS2,166,R-3m,Trigonal,12,220.2246,3511.27
4030,Rb2Pt3S4,69,Fmmm,Orthorhombic,36,886.6245,6625.85
4035,RbReO4,88,I4_1/a,Tetragonal,24,455.7976,4891.62
4043,NbCu3Se4,215,P-43m,Cubic,8,173.7075,5729.76
4044,ErAgSe2,19,P2_12_12_1,Orthorhombic,16,371.0622,7751.72
4047,Cs2SiF6,225,Fm-3m,Cubic,36,687.5804,3940.27
4051,AlPO4,20,C222_1,Orthorhombic,24,367.4566,2204.43
4052,Rb2Mn3Se4,72,Ibam,Orthorhombic,36,791.1574,5470.42
4056,CaSc2O4,62,Pnma,Orthorhombic,28,324.3987,3971.95
4066,KGaO2,61,Pbca,Orthorhombic,64,974.5093,3839.26
4068,Na2GeS3,14,P2_1/c,Monoclinic,24,550.7359,2590.77
4078,La2SO6,15,C2/c,Monoclinic,36,483.5591,5575.06
4081,TaCu3Se4,215,P-43m,Cubic,8,173.9992,6560.37
4086,La2Sn2O7,227,Fd-3m,Cubic,88,1224.6491,6803.81
4092,SrSeO4,14,P2_1/c,Monoclinic,24,348.2988,4397.18
4103,Sr2Sb2O7,74,Imma,Orthorhombic,44,601.6687,5859.31
4104,HoPO4,141,I4_1/amd,Tetragonal,24,280.4829,6154.77
4117,Li2Si2O5,37,Ccc2,Orthorhombic,36,409.0985,2436.23
4122,GaPO4,152,P3_121,Trigonal,18,233.1395,3519.12
4123,ErTlS2,166,R-3m,Trigonal,12,293.6102,7393.65
4124,CaCN2,166,R-3m,Trigonal,12,170.9068,2334.83
4135,RbPO3,14,P2_1/c,Monoclinic,20,334.597,3264.33
4138,Rb2CO3,14,P2_1/c,Monoclinic,24,440.813,3479.87
4155,Ca2Nb2O7,227,Fd-3m,Cubic,88,1146.4979,4379.43
4156,Li2ZrO3,15,C2/c,Monoclinic,24,239.2407,4250.71
4157,Sr(NO3)2,205,Pa-3,Cubic,36,464.8044,3024.24
4160,Tl3PSe4,62,Pnma,Orthorhombic,32,895.0415,7123.95
4163,Ca3Ti2O7,36,Cmc2_1,Orthorhombic,48,565.6773,3850.94
4165,TaNO,14,P2_1/c,Monoclinic,12,127.1713,11018.13
4170,NaTaO3,221,Pm-3m,Cubic,5,61.6028,6791.08
4172,Na5GeP3,14,P2_1/c,Monoclinic,36,762.2273,2444.41
4175,ZnSnP2,122,I-42d,Tetragonal,16,355.8584,4592.33
4180,Ca2SiO4,14,P2_1/c,Monoclinic,28,339.7879,3366.92
4182,CrAgS2,160,R3m,Trigonal,12,183.0387,6096.28
4185,Na3ScF6,14,P2_1/c,Monoclinic,20,262.1164,2887.75
4187,Ge2N2O,36,Cmc2_1,Orthorhombic,20,276.7356,4543.37
4190,CaSnO3,148,R-3,Trigonal,30,399.9036,5151.89
4192,Ca3AsN,62,Pnma,Orthorhombic,20,417.1902,3330.11
4200,ScPO4,141,I4_1/amd,Tetragonal,24,250.9135,3704.14
4202,BaAl2O4,173,P6_3,Hexagonal,56,832.2924,4074.68
4223,Na3PO4,114,P-42_1c,Tetragonal,64,793.2835,2745.35
4226,LiCrS2,164,P-3m1,Trigonal,4,55.3122,3694.63
4236,BaZnO2,152,P3_121,Trigonal,12,201.0905,5814.37
4252,SnPS3,14,P2_1/c,Monoclinic,20,436.0786,3745.12
4255,Ba(CuS)2,139,I4/mmm,Tetragonal,10,183.7852,5937.02
4266,KAsF6,148,R-3,Trigonal,24,345.9933,3282.9
4274,SrTeO4,60,Pbcn,Orthorhombic,24,369.8956,5013.87
4279,CaGe2O5,55,Pbam,Orthorhombic,32,348.1891,5061.99
4280,GaCuO2,166,R-3m,Trigonal,12,130.6556,6301.31
4284,Ho2CdSe4,227,Fd-3m,Cubic,56,1549.2152,6500.71
4287,Sr2SnO4,138,P4_2/ncm,Tetragonal,28,416.0173,5715.01
4309,BaGa4S7,31,Pmn2_1,Orthorhombic,24,537.6045,3957.8
4321,MgSiO3,15,C2/c,Monoclinic,40,406.3267,3282.08
4324,Tm2CdS4,227,Fd-3m,Cubic,56,1337.4362,5746.44
4325,Zr(SO4)2,62,Pnma,Orthorhombic,44,516.8866,3641.13
4326,KErS2,166,R-3m,Trigonal,12,296.888,4538.63
4338,Cr2CdS4,227,Fd-3m,Cubic,56,979.2627,4675.58
4340,TbPO4,141,I4_1/amd,Tetragonal,24,287.3196,5869.5
4342,KNbO3,99,P4mm,Tetragonal,5,65.9666,4531.11
4344,HoTaO4,15,C2/c,Monoclinic,24,286.741,9494.49
4350,La2(SeO3)3,62,Pnma,Orthorhombic,56,841.9419,5196.43
4351,K2B2S7,15,C2/c,Monoclinic,44,994.8242,2165.08
4360,NaCdF3,161,R3c,Trigonal,30,432.1228,4435.98
4376,BaAlF5,19,P2_12_12_1,Orthorhombic,28,377.8927,4557.68
4385,CdCO3,167,R-3c,Trigonal,30,344.638,4984.54
4387,SrZrO3,62,Pnma,Orthorhombic,20,274.2875,5493.22
4394,Pr2Sn2O7,227,Fd-3m,Cubic,88,1205.0448,6958.64
4396,Ba(NO3)2,205,Pa-3,Cubic,36,536.7105,3234.22
4406,CaSO4,63,Cmcm,Orthorhombic,24,301.4523,2999.7
4408,Sm2Zr2O7,227,Fd-3m,Cubic,88,1177.3094,6715.61
4412,La4Se3O4,38,Amm2,Orthorhombic,22,449.5758,6327.08
4417,Al2(SO4)3,148,R-3,Trigonal,102,1208.5391,2820.7
4419,NaNbO3,127,P4/mbm,Tetragonal,10,121.1962,4491.12
4421,LaTaO4,14,P2_1/c,Monoclinic,24,322.4245,7907.58
4425,Ta2Pt3Se8,55,Pbam,Orthorhombic,26,579.4492,9048.96
4426,Li4SeO5,15,C2/c,Monoclinic,40,386.371,3209.95
4431,Ag3AsS3,161,R3c,Trigonal,42,848.1752,5811.33
4434,TbAlO3,62,Pnma,Orthorhombic,20,203.3933,7638.58
4438,CaSnO3,62,Pnma,Orthorhombic,20,247.4249,5551.21
4445,Hg3AsO4,14,P2_1/c,Monoclinic,32,552.434,8905.64
4452,Cd(GaS2)2,82,I-4,Tetragonal,14,308.8418,4087.53
4468,CuSbS2,62,Pnma,Orthorhombic,16,318.7486,5197.81
4471,ScAlO3,62,Pnma,Orthorhombic,20,185.533,4293.75
4473,Ba(CuSe)2,62,Pnma,Orthorhombic,20,416.9567,6727.9
4481,Ca2SiO4,62,Pnma,Orthorhombic,28,379.9355,3011.14
4482,NaSbO3,148,R-3,Trigonal,30,394.9164,4862.79
4495,KLiTe,129,P4/nmm,Tetragonal,6,175.9594,3277.29
4497,Si2N2O,36,Cmc2_1,Orthorhombic,20,240.0031,2772.62
4511,La2SO2,164,P-3m1,Trigonal,5,95.9636,5915.75
4514,NaNbO3,161,R3c,Trigonal,30,365.0523,4473.11
4515,Ag3SbS3,161,R3c,Trigonal,42,884.4433,6100.66
4519,KPrO2,166,R-3m,Trigonal,12,215.1617,4908.53
4524,ZnGeP2,122,I-42d,Tetragonal,16,314.527,4222.9
4527,Li8SnO6,148,R-3,Trigonal,45,392.3117,3431.47
4530,Cd2SiO4,70,Fddd,Orthorhombic,56,702.8501,5989.71
4531,NaNO3,167,R-3c,Trigonal,30,372.0978,2275.81
4533,Na2SiO3,36,Cmc2_1,Orthorhombic,24,309.9401,2615.87
4534,NaCO2,14,P2_1/c,Monoclinic,16,189.6178,2346.93
4535,PrGaO3,62,Pnma,Orthorhombic,20,232.7635,7380.26
4541,NaCuO2,12,C2/m,Monoclinic,8,91.5566,4299.66
4547,La2TeO2,139,I4/mmm,Tetragonal,10,215.8352,6730.47
4549,SrSiN2,14,P2_1/c,Monoclinic,16,218.7792,4363.32
4551,SrHfO3,221,Pm-3m,Cubic,5,68.7178,7590.31
4555,Ca(AsO3)2,162,P-31m,Trigonal,9,103.6005,4582.77
4558,Li4GeO4,63,Cmcm,Orthorhombic,36,343.1555,3182.18
4559,BaCO3,160,R3m,Trigonal,15,224.0044,4388.54
4575,MgGeO3,61,Pbca,Orthorhombic,80,906.3723,4248.74
4578,Sr2GeS4,11,P2_1/m,Monoclinic,14,341.5251,3657.68
4582,NdRhO3,62,Pnma,Orthorhombic,20,238.2152,8229.56
4584,Tl3BO3,176,P6_3/m,Hexagonal,14,271.8439,8209.23
4586,LiAlTe2,122,I-42d,Tetragonal,16,472.4357,4064.89
4589,PrPO4,14,P2_1/c,Monoclinic,24,295.5751,5300.67
4590,Mg(GaO2)2,227,Fd-3m,Cubic,56,586.0578,5162.43
4591,SrNb2O6,14,P2_1/c,Monoclinic,36,478.8786,5124.07
4598,Sr4PtO6,167,R-3c,Trigonal,66,965.6892,6619.13
4602,Tb2Ti2O7,227,Fd-3m,Cubic,88,1024.1108,6817.6
4604,Li7VN4,205,Pa-3,Cubic,96,854.183,2419.21
4608,KPF6,148,R-3,Trigonal,24,324.2826,2827.56
4609,HfSiO4,141,I4_1/amd,Tetragonal,24,256.6137,7003.48
4618,Rb2SeO4,62,Pnma,Orthorhombic,28,537.2218,3880.95
4622,Li2BeF4,148,R-3,Trigonal,126,1360.4196,2172.66
4624,TaBO4,141,I4_1/amd,Tetragonal,24,212.5013,7994.19
4626,CaCO3,62,Pnma,Orthorhombic,20,221.5755,3000.3
4627,CoAsS,29,Pca2_1,Orthorhombic,12,165.8318,6645.68
4632,Sr3(PO4)2,166,R-3m,Trigonal,39,493.6789,4569.15
4636,ScCuO2,166,R-3m,Trigonal,12,150.5761,4648.29
4647,K3(Cu4Se3)2,12,C2/m,Monoclinic,34,663.4805,5503.21
4649,PdSe2O5,15,C2/c,Monoclinic,32,464.9144,4919.49
4651,SrTiO3,140,I4/mcm,Tetragonal,20,236.554,5152.05
4657,Li5GaO4,61,Pbca,Orthorhombic,80,755.145,2962.9
4658,La(BO2)3,15,C2/c,Monoclinic,40,416.7495,4260.79
4659,Cd(PO3)2,61,Pbca,Orthorhombic,72,933.7034,3846.49
4661,ScOF,14,P2_1/c,Monoclinic,12,136.2555,3897.57
4662,ScOF,14,P2_1/c,Monoclinic,12,136.2534,3897.63
4666,CdSiP2,122,I-42d,Tetragonal,16,334.3938,4021.2
4672,TbPS4,142,I4_1/acd,Tetragonal,96,2117.1608,3992.64
4673,SrHfO3,63,Cmcm,Orthorhombic,40,537.8392,7758.29
4674,BNF8,113,P-42_1m,Tetragonal,40,498.2426,2357.02
4675,NaTaO3,127,P4/mbm,Tetragonal,10,119.3154,7012.5
4681,NaNbO3,26,Pmc2_1,Orthorhombic,20,241.5792,4506.23
4690,K3TaO8,121,I-42m,Tetragonal,24,368.0711,3845.92
4691,Ag2CO3,11,P2_1/m,Monoclinic,12,147.093,6225.8
4698,K2Ge8O17,62,Pnma,Orthorhombic,108,1615.7771,3828.43
4699,NaTaO3,63,Cmcm,Orthorhombic,40,473.5574,7067.35
4709,PrNbO4,15,C2/c,Monoclinic,24,322.238,6138.67
4710,Hg3(BO3)2,167,R-3c,Trigonal,66,913.0025,7850.41
4718,NdTaO4,15,C2/c,Monoclinic,24,313.0575,8257.41
4721,RbSb3Se5,14,P2_1/c,Monoclinic,36,1045.8021,5370.29
4727,Ba(SbSe2)2,14,P2_1/c,Monoclinic,56,1602.4399,5775.58
4730,Ga2HgSe4,82,I-4,Tetragonal,14,353.9346,6154.29
4733,ThTi2O6,15,C2/c,Monoclinic,36,431.9379,6516.53
4747,Ca2SnO4,55,Pbam,Orthorhombic,14,180.8448,4827.29
4748,NaNbO3,63,Cmcm,Orthorhombic,40,480.7546,4528.77
4752,Na5Al3F14,128,P4/mnc,Tetragonal,44,512.0985,2995.34
4753,Al2SiO5,58,Pnnm,Orthorhombic,32,344.7728,3121.86
4757,KReO4,88,I4_1/a,Tetragonal,24,414.8298,4632.25
4758,K2NbF7,14,P2_1/c,Monoclinic,40,643.8346,3137.18
4759,ZrTe3O8,206,Ia-3,Cubic,96,1413.5766,5657.57
4762,TlAg3S2,60,Pbcn,Orthorhombic,24,484.2798,8121.22
4763,ZnSiP2,122,I-42d,Tetragonal,16,299.3877,3447.97
4764,Pr2SeO2,164,P-3m1,Trigonal,5,97.5543,6685.68
4769,SiP2O7,14,P2_1/c,Monoclinic,40,449.136,2987.75
4770,Na2SO4,70,Fddd,Orthorhombic,56,707.4566,2667.21
4779,Li2B4O7,110,I4_1cd,Tetragonal,104,933.0568,2407.86
4782,CaSnF6,148,R-3,Trigonal,24,421.3809,3224.82
4809,Ga2HgS4,82,I-4,Tetragonal,14,309.9881,5017.12
4820,ZrSiO4,141,I4_1/amd,Tetragonal,24,262.1653,4644.23
4823,Na2PdC2,164,P-3m1,Trigonal,5,89.6119,3269.14
4824,NaZnP,129,P4/nmm,Tetragonal,6,109.6888,3613.4
4841,LaCuS2,14,P2_1/c,Monoclinic,16,315.6738,5609.2
4971,K4Sn3Se8,68,Ccce,Orthorhombic,60,1858.0601,4090.28
4995,LiSbO3,52,Pnna,Orthorhombic,20,218.0682,5382.1
5127,LiCuO,139,I4/mmm,Tetragonal,24,267.3207,4297.88
5152,La2SiO5,14,P2_1/c,Monoclinic,32,460.5807,5565.08
5409,Y4Al2O9,14,P2_1/c,Monoclinic,60,805.3833,4565.5
5488,LiInO2,141,I4_1/amd,Tetragonal,16,174.1352,5864.89
5504,BaCO3,62,Pnma,Orthorhombic,20,302.929,4326.88
5563,Ag5GeO4,14,P2_1/c,Monoclinic,40,566.4135,7927.0
5598,Sm2SO2,164,P-3m1,Trigonal,5,86.4672,7005.4
5621,NbCu3S4,215,P-43m,Cubic,8,158.4522,4315.61
5769,Li3SbO4,13,P2/c,Monoclinic,16,150.9907,4543.79
5808,RbNdTe2,166,R-3m,Trigonal,12,458.7513,5265.68
5836,ThSiO4,141,I4_1/amd,Tetragonal,24,320.9937,6706.88
5874,TlAgTe,62,Pnma,Orthorhombic,12,319.7273,9137.67
6089,BaZn2(PO4)2,14,P2_1/c,Monoclinic,52,767.9771,3961.45
6300,RbHgSbSe3,14,P2_1/c,Monoclinic,24,732.6361,5844.9
6376,KV(CuS2)2,40,Ama2,Orthorhombic,32,677.3256,3387.07
6494,K2Ca(CO3)2,166,R-3m,Trigonal,33,454.1329,2613.95
6712,NaLuGeO4,62,Pnma,Orthorhombic,28,367.8552,6041.58
6795,Ba5Ho8Zn4O21,87,I4/m,Tetragonal,76,1053.0933,8210.78
6922,SiO2,180,P6_222,Hexagonal,9,124.6783,2400.72
6945,SiO2,92,P4_12_12,Tetragonal,12,179.2892,2225.95
7000,SiO2,152,P3_121,Trigonal,9,116.1856,2576.2
7029,SiO2,96,P4_32_12,Tetragonal,12,179.1104,2228.18
7074,NaSc(SiO3)2,15,C2/c,Monoclinic,40,458.7002,3187.32
7087,SiO2,194,P6_3/mmc,Hexagonal,12,205.537,1941.69
7140,SiC,186,P6_3mc,Hexagonal,4,41.4256,3214.5
7193,Lu2Si2O7,12,C2/m,Monoclinic,22,270.8893,6351.87
7212,CsSmHgSe3,63,Cmcm,Orthorhombic,24,747.1053,6407.72
7232,Cs2HgO2,139,I4/mmm,Tetragonal,10,277.5146,5964.46
7293,HgPSe3,15,C2/c,Monoclinic,40,993.7487,6262.1
7475,La2S3,62,Pnma,Orthorhombic,20,481.7577,5156.55
7477,RbErO2,166,R-3m,Trigonal,12,197.718,7173.83
7534,K2Cd2O3,14,P2_1/c,Monoclinic,14,257.4263,4528.5
7560,LuBO3,167,R-3c,Trigonal,30,328.562,7088.97
7650,RbScO2,194,P6_3/mmc,Hexagonal,8,116.6307,4625.01
7651,ThSiO4,14,P2_1/c,Monoclinic,24,294.8465,7301.64
7756,SrLiSb,62,Pnma,Orthorhombic,12,319.1432,4502.18
7768,Th2SeN2,164,P-3m1,Trigonal,5,98.7159,9605.86
7929,Rb2PtS2,71,Immm,Orthorhombic,10,258.5339,5525.62
8016,AlCuSe2,122,I-42d,Tetragonal,16,339.9897,4853.76
8042,ZrGeO4,88,I4_1/a,Tetragonal,24,249.6255,6063.06
8059,SiO2,198,P2_13,Cubic,24,369.6507,2159.28
8062,SiC,216,F-43m,Cubic,8,82.8297,3215.34
8128,NaNdO2,141,I4_1/amd,Tetragonal,16,243.3295,5438.39
8145,RbScO2,166,R-3m,Trigonal,12,175.3346,4614.76
8161,CaPdF4,140,I4/mcm,Tetragonal,24,318.3948,4641.49
8253,Na5ReO6,12,C2/m,Monoclinic,24,288.2291,4576.13
8352,SiO2,227,Fd-3m,Cubic,24,411.1588,1941.29
8568,Ca4PtO6,167,R-3c,Trigonal,66,829.082,5424.47
8630,SbIrS,198,P2_13,Cubic,12,218.6568,10511.75
8840,Na5InO4,59,Pmmn,Orthorhombic,20,307.248,3175.34
8877,Sr4Al6SO12,217,I-43m,Cubic,46,795.9821,3072.6
8972,K2TaCuSe4,70,Fddd,Orthorhombic,64,1818.9664,4663.33
9080,CsPrS2,166,R-3m,Trigonal,12,368.021,4574.48
9143,LiPF6,148,R-3,Trigonal,24,262.1822,2886.29
9497,Pr2C(NO)2,164,P-3m1,Trigonal,7,110.3859,5322.81
9564,Ca(MgAs)2,164,P-3m1,Trigonal,5,114.3864,3462.74
9570,Ca(CdP)2,164,P-3m1,Trigonal,5,107.8574,5032.05
9668,Ba3TiS5,140,I4/mcm,Tetragonal,36,965.9662,4264.42
9946,ZnS,186,P6_3mc,Hexagonal,12,230.4278,4213.33
10009,GaTe,194,P6_3/mmc,Hexagonal,8,242.4173,5406.59
10281,ZnS,186,P6_3mc,Hexagonal,8,153.6377,4212.8
10390,Ta2O5,15,C2/c,Monoclinic,28,335.9425,8736.98
10533,YCuS2,62,Pnma,Orthorhombic,16,318.3341,4519.06
10556,Sr2LiReN4,11,P2_1/m,Monoclinic,16,233.9141,6025.78
10782,TbRbSe2,166,R-3m,Trigonal,12,359.9667,5567.66
10834,RbNd2CuS4,63,Cmcm,Orthorhombic,32,782.0521,4805.12
10851,SiO2,181,P6_422,Hexagonal,9,124.6783,2400.72
10985,RbCu3S2,12,C2/m,Monoclinic,24,428.4244,5274.91
11007,CaPSe3,14,P2_1/c,Monoclinic,20,480.4394,4257.21
11022,ScAgO2,194,P6_3/mmc,Hexagonal,8,108.564,5653.91
11118,CsPrCdSe3,63,Cmcm,Orthorhombic,24,773.9203,5347.78
11347,TbF3,62,Pnma,Orthorhombic,16,190.0604,7545.91
11641,Ag2SeO4,70,Fddd,Orthorhombic,56,809.8563,5883.77
11684,SiO2,15,C2/c,Monoclinic,48,557.2972,2864.46
11703,KSbS2,15,C2/c,Monoclinic,16,465.5595,3209.92
11719,K4ZnP2,166,R-3m,Trigonal,21,706.0727,2001.76
11919,Sr(BeN)2,140,I4/mcm,Tetragonal,20,233.8857,3795.77
12622,SrPdF4,140,I4/mcm,Tetragonal,24,359.1288,4994.33
12787,SiO2,15,C2/c,Monoclinic,36,469.5619,2549.76
13634,Cs2LiAl3F12,166,R-3m,Trigonal,54,736.8631,3932.47
14037,NaTl2RhF6,225,Fm-3m,Cubic,40,605.849,7111.43
14283,Sr2InF7,14,P2_1/c,Monoclinic,40,554.6974,5065.73
14552,Ba2SrUO6,14,P2_1/c,Monoclinic,20,344.2617,6717.17
14600,CaAl2O4,14,P2_1/c,Monoclinic,56,695.9998,3016.43
14607,KSbO3,201,Pn-3,Cubic,60,902.0847,4613.51
14722,NaSrAlF6,33,Pna2_1,Orthorhombic,72,909.697,3673.85
14921,Zn4B6SeO12,217,I-43m,Cubic,46,453.3317,4376.07
15078,SiO2,71,Immm,Orthorhombic,108,2056.0623,1746.93
15783,KSmS2,166,R-3m,Trigonal,12,317.1018,3983.83
15785,KDyS2,166,R-3m,Trigonal,12,302.4691,4376.5
15791,LiErS2,166,R-3m,Trigonal,12,230.1891,5157.8
15988,Li2CuSb,216,F-43m,Cubic,16,243.8158,5426.39
16363,CoAsS,198,P2_13,Cubic,12,165.6664,6652.32
16904,Ba2CdTe3,62,Pnma,Orthorhombic,24,876.2592,5835.68
16964,SiO2,36,Cmc2_1,Orthorhombic,72,1253.0313,1911.0
16978,Ba3MgSb2O9,194,P6_3/mmc,Hexagonal,30,429.4394,6370.88
17015,K4GeO4,14,P2_1/c,Monoclinic,36,680.0288,2862.17
17057,Sr2SnSe3F2,62,Pnma,Orthorhombic,32,712.7916,5300.62
17123,Si2Os,64,Cmce,Orthorhombic,48,673.3494,9722.35
17149,Sr3ErRhO6,167,R-3c,Trigonal,66,913.6448,6859.43
17220,Rb3TaS4,62,Pnma,Orthorhombic,32,1016.0306,3697.61
17404,Y2Si2O7,62,Pnma,Orthorhombic,44,555.9528,4133.52
17446,PrPtF7,14,P2_1/c,Monoclinic,36,547.5048,5689.53
17473,Na2Al2As3,14,P2_1/c,Monoclinic,56,1248.8382,3454.02
17501,Ba(ScTe2)2,62,Pnma,Orthorhombic,28,868.3755,5642.16
17560,Na2UO4,61,Pbca,Orthorhombic,28,403.3341,5731.01
17730,K2SnO3,62,Pnma,Orthorhombic,24,425.0123,3827.41
17817,Ca3(GeP2)2,14,P2_1/c,Monoclinic,36,792.0167,3265.74
17909,SiO2,166,R-3m,Trigonal,108,2404.9286,1493.52
17928,Ba(ErTe2)2,62,Pnma,Orthorhombic,28,947.0526,6888.98
17986,TiTl2O3,62,Pnma,Orthorhombic,24,449.6504,7454.34
17989,K3PS4,62,Pnma,Orthorhombic,32,859.9775,2135.81
18075,Na2TiF6,164,P-3m1,Trigonal,27,365.4958,2832.77
18219,Dy2SiSeO4,57,Pbcm,Orthorhombic,32,439.676,7493.69
18246,K6MnTe4,186,P6_3mc,Hexagonal,22,828.347,3207.14
18373,ZnSe2O5,60,Pbcn,Orthorhombic,32,428.2331,4704.32
18449,K2ZrO3,62,Pnma,Orthorhombic,24,429.4887,3362.44
18510,Sr2SiO4,14,P2_1/c,Monoclinic,28,388.3892,4571.71
18556,Rb2Cd3S4,62,Pnma,Orthorhombic,36,975.1141,4335.14
18642,Ca(YS2)2,62,Pnma,Orthorhombic,28,640.4893,3589.73
19795,InS,58,Pnnm,Orthorhombic,8,181.9502,5362.02
20222,Sr2NbInO6,14,P2_1/c,Monoclinic,20,268.9595,5914.15
20351,InP,216,F-43m,Cubic,8,202.0807,4792.01
20496,Ga2PbO4,40,Ama2,Orthorhombic,28,421.2034,6475.64
20606,Tb3In5S12,11,P2_1/m,Monoclinic,40,878.946,5424.56
21228,SrCuSeF,129,P4/nmm,Tetragonal,8,140.1655,5902.75
21461,Rb2PbO3,62,Pnma,Orthorhombic,24,490.1878,5774.21
21489,Rb2PbO3,36,Cmc2_1,Orthorhombic,24,491.8701,5754.46
21604,Sm3InS6,58,Pnnm,Orthorhombic,40,862.5113,5839.54
21879,Ba2CePtO6,225,Fm-3m,Cubic,40,592.6298,7911.13
22189,In6TeO12,148,R-3,Trigonal,57,704.2852,7133.43
22323,In2O3,167,R-3c,Trigonal,30,383.5762,7211.44
22574,HgP14Pb,62,Pnma,Orthorhombic,64,1310.0535,4266.13
22894,AgI,186,P6_3mc,Hexagonal,4,133.0631,5859.62
22895,CuI,160,R3m,Trigonal,6,155.9642,6083.14
22913,CuBr,216,F-43m,Cubic,8,172.774,5514.82
22914,CuCl,216,F-43m,Cubic,8,146.7427,4481.09
23060,Cs2PtI6,225,Fm-3m,Cubic,36,1432.1472,5669.01
23074,BiOF,129,P4/nmm,Tetragonal,6,85.6945,9455.35
23162,ZrCl2,160,R3m,Trigonal,9,194.8049,4146.05
23183,NdCl3,176,P6_3/m,Hexagonal,8,197.2493,4219.36
23199,BaCl2,62,Pnma,Orthorhombic,12,344.5689,4014.05
23220,YbCl2,61,Pbca,Orthorhombic,24,548.9377,5903.84
23237,BiF3,62,Pnma,Orthorhombic,16,211.1537,8366.67
23251,KBr,225,Fm-3m,Cubic,8,286.4156,2759.74
23259,LiBr,225,Fm-3m,Cubic,8,158.0958,3648.66
23268,NaI,225,Fm-3m,Cubic,8,262.3172,3795.49
23364,CsLiCl2,129,P4/nmm,Tetragonal,8,219.5959,3187.34
23380,Tl3PbI5,19,P2_12_12_1,Orthorhombic,36,1321.077,7314.86
23405,Cs2TeBr6,225,Fm-3m,Cubic,36,1284.4758,4513.52
23465,Cs2TeCl6,225,Fm-3m,Cubic,36,1137.0066,3540.88
23752,Cs2MgH4,139,I4/mmm,Tetragonal,14,262.3677,3723.35
23933,AlH3,167,R-3c,Trigonal,24,183.0379,1633.27
23949,RbCaH3,221,Pm-3m,Cubic,5,88.0809,2423.85
23956,K2MgH4,139,I4/mmm,Tetragonal,14,216.2747,1635.91
23995,Al2P3(HO3)3,176,P6_3/m,Hexagonal,34,383.6204,2544.38
27231,Li2TeO3,15,C2/c,Monoclinic,48,623.9105,4034.42
27478,Na3PaF8,139,I4/mmm,Tetragonal,24,322.0009,4661.8
27697,ThI4,14,P2_1/c,Monoclinic,20,824.0883,5961.63
27742,K2CdO2,60,Pbcn,Orthorhombic,20,387.6221,3814.51
27899,Cd3AsCl3,62,Pnma,Orthorhombic,28,741.1939,4646.63
27979,LaI3,63,Cmcm,Orthorhombic,16,611.9208,5640.26
28049,BaBrCl,62,Pnma,Orthorhombic,12,392.0717,4280.77
28442,TlAs5S8,14,P2_1/c,Monoclinic,56,1290.4646,4300.47
28590,Hg4As2I3,205,Pa-3,Cubic,72,2205.6584,8027.94
28712,Si2Hg6O7,12,C2/m,Monoclinic,30,505.2043,9017.24
28741,CuSe3Br,53,Pmna,Orthorhombic,20,483.8379,5221.2
28766,K2TiS3,15,C2/c,Monoclinic,24,625.656,2359.57
28809,TlBS3,14,P2_1/c,Monoclinic,20,415.0918,4982.75
28830,Na2ZnBr4,62,Pnma,Orthorhombic,28,820.7735,3487.7
28837,K3RhCl6,14,P2_1/c,Monoclinic,40,1042.1283,2759.27
29236,InTeBr,14,P2_1/c,Monoclinic,12,408.456,5241.48
29238,TlAgSe,62,Pnma,Orthorhombic,12,278.7968,9320.37
29484,K4HgAs2,166,R-3m,Trigonal,21,786.94,3208.4
29958,Hg7(PO5)2,14,P2_1/c,Monoclinic,38,610.2968,8848.67
30062,Cs2PtBr6,225,Fm-3m,Cubic,36,1193.9316,5231.24
30164,CsSn2Cl5,140,I4/mcm,Tetragonal,32,938.9183,3873.8
30249,Li4GeS4,62,Pnma,Orthorhombic,36,656.13,2314.82
30250,YAgO2,194,P6_3/mmc,Hexagonal,8,129.0086,5889.32
31008,Na14Al4O13,14,P2_1/c,Monoclinic,62,837.0634,2530.4
32750,CuI,160,R3m,Trigonal,24,623.7619,6084.06
35205,LiErSe2,141,I4_1/amd,Tetragonal,16,351.409,6277.57
35591,LiErS2,141,I4_1/amd,Tetragonal,16,309.5254,5114.37
37605,LiNdSe2,141,I4_1/amd,Tetragonal,16,392.3279,5233.15
38951,Mg(GaO2)2,74,Imma,Orthorhombic,28,284.9678,5308.47
504427,Ti3PbO7,11,P2_1/m,Monoclinic,22,266.2901,5771.85
504748,P3Pb5ClO12,176,P6_3/m,Hexagonal,42,626.9356,7185.11
505321,CsNb(CuTe2)2,33,Pna2_1,Orthorhombic,32,984.845,5822.44
540688,SrIn2O4,62,Pnma,Orthorhombic,28,371.0255,6825.26
541289,Y2S3,11,P2_1/m,Monoclinic,30,690.5162,3953.56
541487,TlPt2Se3,164,P-3m1,Trigonal,12,264.2863,10447.95
542514,Ho2Te4O11,15,C2/c,Monoclinic,68,947.9282,7120.92
542734,Rh2O3,167,R-3c,Trigonal,30,312.4129,8094.29
542812,GaTe,12,C2/m,Monoclinic,24,713.5174,5510.66
543028,Tl2TeO3,50,Pban,Orthorhombic,48,921.5132,8424.07
545359,KNa2CuO2,107,I4mm,Tetragonal,12,201.4521,2977.69
546546,SiO2,155,R32,Trigonal,27,436.8123,2055.69
546621,ErBi2BrO4,123,P4/mmm,Tetragonal,8,134.3258,9013.42
551250,ErBi2IO4,123,P4/mmm,Tetragonal,8,142.4282,9048.64
553993,SiO2,141,I4_1/amd,Tetragonal,96,2076.1486,1537.81
554282,Lu3B5O12,53,Pmna,Orthorhombic,80,709.5582,7216.83
554952,Te2Pb3(ClO3)2,12,C2/m,Monoclinic,52,964.4348,7188.08
555018,RbNa2AuO2,58,Pnnm,Orthorhombic,12,227.5605,5259.96
555118,NaPO3,62,Pnma,Orthorhombic,60,811.7344,2502.96
555284,Ba2NdAlO5,4,P2_1,Monoclinic,18,298.9918,5841.2
555387,BaSi2(BO4)2,62,Pnma,Orthorhombic,52,611.515,3726.85
555740,SiO2,206,Ia-3,Cubic,48,615.0682,2595.42
555812,NaSr3BiO6,167,R-3c,Trigonal,66,1003.58,5865.55
555983,Er2SiO5,15,C2/c,Monoclinic,64,823.1427,7142.93
556108,DyTiClO3,12,C2/m,Monoclinic,24,350.9432,5560.98
556475,KLaPdO3,12,C2/m,Monoclinic,24,381.333,5790.21
556528,In4GeS4,205,Pa-3,Cubic,72,1798.9016,4875.16
556908,Nd5As4(ClO4)3,13,P2/c,Monoclinic,48,764.2885,5732.56
558170,Rb3PO4,62,Pnma,Orthorhombic,32,612.9856,3807.41
558192,NaPO3,14,P2_1/c,Monoclinic,40,521.2392,2598.6
558528,La2TiZnO6,14,P2_1/c,Monoclinic,20,244.1889,6624.16
558534,Tm3B5O12,53,Pmna,Orthorhombic,80,721.4913,6930.86
558543,Ca(CO2)2,10,P2/m,Monoclinic,28,433.6909,1961.86
558616,SrZnP2O7,14,P2_1/c,Monoclinic,44,555.6387,3908.31
558629,Ba2ZnSi2O7,15,C2/c,Monoclinic,48,713.1038,4733.6
558642,Sr3Bi(ClO)3,62,Pnma,Orthorhombic,40,877.0337,4742.47
559617,HfB2O5,14,P2_1/c,Monoclinic,32,269.4216,6905.64
560032,NaNb2AsO8,14,P2_1/c,Monoclinic,48,633.0889,4319.62
560558,CsCdAuS2,67,Cmme,Orthorhombic,20,546.3106,6157.08
560872,Mg10Ge3(H2O9)2,58,Pnnm,Orthorhombic,70,653.5078,3826.65
561877,HoF3,62,Pnma,Orthorhombic,16,184.5965,7985.33
567949,Hg3AsSe4Br,186,P6_3mc,Hexagonal,18,486.5825,7319.71
568036,La2GaN3,15,C2/c,Monoclinic,48,727.6893,7111.5
568388,BiI,12,C2/m,Monoclinic,16,637.79,6996.04
568644,K9InSe7,14,P2_1/c,Monoclinic,68,2226.2189,3041.56
568662,BaCl2,225,Fm-3m,Cubic,12,384.1977,3600.01
568986,KAuCl4,14,P2_1/c,Monoclinic,24,672.9776,3729.57
569507,TbTlSe2,166,R-3m,Trigonal,12,334.2669,7767.93
569764,RbCu2I3,62,Pnma,Orthorhombic,24,779.3186,5056.49
569815,Si2Ru,64,Cmce,Orthorhombic,48,661.6862,6313.69
569967,K2PrCl5,62,Pnma,Orthorhombic,32,886.1604,2970.96
570340,AgAuCl4,15,C2/c,Monoclinic,24,586.6408,5057.1
570418,YbI2,164,P-3m1,Trigonal,3,117.4097,6037.18
571146,SnICl,62,Pnma,Orthorhombic,12,357.1965,5226.52
571293,Rb2BaNb2Se11,14,P2_1/c,Monoclinic,64,1810.4049,4999.35
573763,Cs2Te,62,Pnma,Orthorhombic,12,602.7655,4335.18
574070,Cs4Pb9,14,P2_1/c,Monoclinic,52,2232.2213,7130.75
582146,CsNb4Cl11,51,Pmma,Orthorhombic,32,761.5542,3900.91
606680,CsLi2Br3,71,Immm,Orthorhombic,12,336.5401,3814.09
625739,Al(HO)3,14,P2_1/c,Monoclinic,56,393.8429,2631.06
638729,Cs2ZrCl6,225,Fm-3m,Cubic,36,1106.7857,3419.26
640324,TmCuPbSe3,62,Pnma,Orthorhombic,24,547.9185,8201.62
642725,CaHClO,186,P6_3mc,Hexagonal,8,123.148,2495.59
642821,K3H5Pt,127,P4/mbm,Tetragonal,18,298.9334,3526.45
652046,Re3S4Br,14,P2_1/c,Monoclinic,32,733.5137,6943.44
676360,NaNdS2,141,I4_1/amd,Tetragonal,16,376.3796,4082.96
696746,B4C,166,R-3m,Trigonal,45,330.0041,2502.31
697144,RbH2N,11,P2_1/m,Monoclinic,8,119.3788,2823.43
722262,CaB3H3O7,14,P2_1/c,Monoclinic,56,476.6182,2613.43
752405,Dy2SiO5,14,P2_1/c,Monoclinic,32,394.229,7296.78
752656,BaLa2O4,62,Pnma,Orthorhombic,28,490.0121,6494.73
752672,NaDyO2,15,C2/c,Monoclinic,32,431.0016,6703.43
753048,TiSnO4,8,Cm,Monoclinic,36,409.0506,5616.1
753917,Y2HfO5,15,C2/c,Monoclinic,32,443.3279,6536.84
753946,LiCoS2,164,P-3m1,Trigonal,4,54.7942,3939.78
754217,SmIO,129,P4/nmm,Tetragonal,6,147.0822,6621.83
754329,CdSnO3,148,R-3,Trigonal,30,391.7369,7098.98
754796,NaTmO2,15,C2/c,Monoclinic,32,411.98,7220.4
755363,Ba3SiO,62,Pnma,Orthorhombic,20,605.8882,4999.71
755537,Y2HfO5,63,Cmcm,Orthorhombic,32,486.6702,5954.68
755633,K5Se3,87,I4/m,Tetragonal,32,997.4249,2879.3
755804,Lu6TeO12,148,R-3,Trigonal,57,708.4288,9629.48
756156,Rb2ZrO3,36,Cmc2_1,Orthorhombic,24,467.2466,4409.06
756294,Li2Ti2O5,37,Ccc2,Orthorhombic,36,495.4522,2542.0
756361,ZrSeO,198,P2_13,Cubic,12,195.0421,6340.48
756704,LuTa3O9,11,P2_1/m,Monoclinic,26,311.703,9182.21
756725,Ba2CaI6,14,P2_1/c,Monoclinic,18,738.0448,4842.54
756888,La2(SiO3)3,176,P6_3/m,Hexagonal,28,401.0863,4190.3
759535,Na3Cu5O4,14,P2_1/c,Monoclinic,48,705.1104,4245.58
759707,Sb4O5F2,62,Pnma,Orthorhombic,44,674.3313,5959.58
759825,BiOF,62,Pnma,Orthorhombic,12,185.8371,8720.23
760483,Li2PdO3,12,C2/m,Monoclinic,24,214.5799,5209.61
765481,Li2AgF5,14,P2_1/c,Monoclinic,32,377.7225,3811.36
768317,Dy2SiO5,15,C2/c,Monoclinic,64,842.1344,6831.7
768372,SbBrO,14,P2_1/c,Monoclinic,36,846.9837,5120.84
769173,PrOF,166,R-3m,Trigonal,18,270.4774,6479.61
769294,Rb8SnO6,185,P6_3cm,Hexagonal,30,738.2539,4041.73
769915,La4Ga2O9,14,P2_1/c,Monoclinic,60,961.5495,5796.05
770419,Sr2Zr7O16,148,R-3,Trigonal,75,944.6043,5641.86
770771,SrSc2O4,62,Pnma,Orthorhombic,28,344.8513,4652.08
771248,Na2Ge2O5,33,Pna2_1,Orthorhombic,36,508.3518,3544.26
772049,Li2Ti2O5,60,Pbcn,Orthorhombic,36,480.7743,2619.61
775938,TiO2,60,Pbcn,Orthorhombic,36,371.1787,4287.54
776016,K2O,61,Pbca,Orthorhombic,24,528.7077,2366.77
777297,K5H(CN2)2,130,P4/ncc,Tetragonal,48,906.3169,2026.75
779522,Ho2P4O13,15,C2/c,Monoclinic,76,968.3114,4539.28
849371,CdSnO3,62,Pnma,Orthorhombic,20,243.9568,7599.52
849527,Rb3InO3,14,P2_1/c,Monoclinic,28,625.3671,4452.62
865280,NbAlFe2,225,Fm-3m,Cubic,16,201.1586,7646.59
866154,TiBeIr2,225,Fm-3m,Cubic,16,204.4494,14337.4
924129,ZrNiSn,216,F-43m,Cubic,12,223.2421,7992.52
924130,TiNiSn,216,F-43m,Cubic,12,201.8357,7413.37
966582,CaAlH5,14,P2_1/c,Monoclinic,56,524.1473,1827.33
973185,ScAgO2,166,R-3m,Trigonal,12,162.8395,5654.14
975577,K3La(AsO4)2,4,P2_1,Monoclinic,28,447.3083,3965.02
975666,PrBrO,129,P4/nmm,Tetragonal,6,121.2404,6486.85
978534,SiGe,186,P6_3mc,Hexagonal,4,84.6719,3950.75
984872,CsPb2Cl5,140,I4/mcm,Tetragonal,32,945.2972,5091.22
985585,Li3ClO,221,Pm-3m,Cubic,5,56.5099,2123.81
985829,HfS2,164,P-3m1,Trigonal,3,65.9989,6104.34
989405,Cs2LiInBr6,225,Fm-3m,Cubic,40,1259.8946,4570.79
990448,C,191,P6/mmm,Hexagonal,2,19.7848,2016.11
